Order_Date,Year,Quarter,Month,MonthName,MonthYear,DayOfWeek,DayOfWeekNum,IsWeekend,Product,Category,Region,Sales,Profit,Profit_Margin_Pct
2022-01-01,2022,2022Q1,1,Jan,2022-01,Saturday,5,True,Denim Jeans Regular Fit,Clothing,North America,76.55,37.59,49.11
2022-01-01,2022,2022Q1,1,Jan,2022-01,Saturday,5,True,Laptop Stand Adjustable,Electronics,Europe,36.71,13.23,36.04
2022-01-02,2022,2022Q1,1,Jan,2022-01,Sunday,6,True,Sparkling Water 12-Pack,Food & Beverages,Middle East,15.06,7.27,48.27
2022-01-02,2022,2022Q1,1,Jan,2022-01,Sunday,6,True,Bluetooth Speaker Mini,Electronics,Africa,77.37,28.46,36.78
2022-01-03,2022,2022Q1,1,Jan,2022-01,Monday,0,False,Wall Decor Frame,Home & Garden,Latin America,16.33,6.71,41.09
2022-01-03,2022,2022Q1,1,Jan,2022-01,Monday,0,False,Bath Soap Pack,Beauty & Personal Care,Europe,7.45,3.94,52.89
2022-01-03,2022,2022Q1,1,Jan,2022-01,Monday,0,False,Resistance Bands Set,Sports & Outdoors,Africa,11.92,5.78,48.49
2022-01-03,2022,2022Q1,1,Jan,2022-01,Monday,0,False,Sunscreen SPF50 Tube,Sports & Outdoors,North America,15.68,6.1,38.9
2022-01-04,2022,2022Q1,1,Jan,2022-01,Tuesday,1,False,Sunscreen SPF50 Tube,Sports & Outdoors,North America,35.55,16.99,47.79
2022-01-05,2022,2022Q1,1,Jan,2022-01,Wednesday,2,False,Mechanical Pencil Set,Office Supplies,North America,51.71,27.51,53.2
2022-01-05,2022,2022Q1,1,Jan,2022-01,Wednesday,2,False,Smart Watch Basic,Electronics,Asia Pacific,342.2,108.72,31.77
2022-01-06,2022,2022Q1,1,Jan,2022-01,Thursday,3,False,Sticky Notes Pad,Office Supplies,Latin America,6.21,3.12,50.24
2022-01-07,2022,2022Q1,1,Jan,2022-01,Friday,4,False,Laptop Stand Adjustable,Electronics,North America,88.34,33.94,38.42
2022-01-08,2022,2022Q1,1,Jan,2022-01,Saturday,5,True,LED Desk Lamp,Home & Garden,Asia Pacific,172.53,56.76,32.9
2022-01-09,2022,2022Q1,1,Jan,2022-01,Sunday,6,True,Wireless Mouse,Electronics,North America,73.88,28.82,39.01
2022-01-09,2022,2022Q1,1,Jan,2022-01,Sunday,6,True,Wireless Mouse,Electronics,Asia Pacific,104.36,36.71,35.18
2022-01-10,2022,2022Q1,1,Jan,2022-01,Monday,0,False,Wool Blend Sweater,Clothing,Europe,77.55,33.2,42.81
2022-01-10,2022,2022Q1,1,Jan,2022-01,Monday,0,False,Laptop Stand Adjustable,Electronics,Asia Pacific,29.17,11.52,39.49
2022-01-10,2022,2022Q1,1,Jan,2022-01,Monday,0,False,Indoor Planter Pot,Home & Garden,Asia Pacific,47.46,20.04,42.23
2022-01-10,2022,2022Q1,1,Jan,2022-01,Monday,0,False,Ballpoint Pen Box of 12,Office Supplies,Africa,3.36,1.98,58.93
2022-01-11,2022,2022Q1,1,Jan,2022-01,Tuesday,1,False,Kitchen Herb Garden,Home & Garden,Europe,54.78,22.35,40.8
2022-01-11,2022,2022Q1,1,Jan,2022-01,Tuesday,1,False,Running Sneakers,Clothing,Middle East,169.62,55.55,32.75
2022-01-11,2022,2022Q1,1,Jan,2022-01,Tuesday,1,False,Mechanical Pencil Set,Office Supplies,Asia Pacific,8.41,3.69,43.88
2022-01-11,2022,2022Q1,1,Jan,2022-01,Tuesday,1,False,Wireless Mouse,Electronics,Latin America,16.02,6.36,39.7
2022-01-11,2022,2022Q1,1,Jan,2022-01,Tuesday,1,False,Bath Soap Pack,Beauty & Personal Care,Asia Pacific,17.01,9.58,56.32
2022-01-11,2022,2022Q1,1,Jan,2022-01,Tuesday,1,False,Dark Chocolate Bar,Food & Beverages,North America,31.43,16.26,51.73
2022-01-12,2022,2022Q1,1,Jan,2022-01,Wednesday,2,False,Casual Button-Down Shirt,Clothing,Europe,38.52,18.93,49.14
2022-01-12,2022,2022Q1,1,Jan,2022-01,Wednesday,2,False,Running Sneakers,Clothing,Europe,373.15,143.22,38.38
2022-01-12,2022,2022Q1,1,Jan,2022-01,Wednesday,2,False,Classic Cotton T-Shirt,Clothing,Europe,23.01,11.07,48.11
2022-01-12,2022,2022Q1,1,Jan,2022-01,Wednesday,2,False,Desk Organizer Tray,Office Supplies,Asia Pacific,18.71,7.26,38.8
2022-01-13,2022,2022Q1,1,Jan,2022-01,Thursday,3,False,USB-C Charging Cable,Electronics,North America,43.86,19.9,45.37
2022-01-13,2022,2022Q1,1,Jan,2022-01,Thursday,3,False,Phone Grip Stand,Electronics,North America,62.01,29.36,47.35
2022-01-13,2022,2022Q1,1,Jan,2022-01,Thursday,3,False,Foldable Camping Chair,Sports & Outdoors,North America,68.57,23.17,33.79
2022-01-14,2022,2022Q1,1,Jan,2022-01,Friday,4,False,Denim Jeans Regular Fit,Clothing,Asia Pacific,87.46,39.3,44.93
2022-01-14,2022,2022Q1,1,Jan,2022-01,Friday,4,False,Desk Organizer Tray,Office Supplies,Africa,7.77,3.26,41.96
2022-01-15,2022,2022Q1,1,Jan,2022-01,Saturday,5,True,Gourmet Coffee Beans 1lb,Food & Beverages,Europe,84.64,33.33,39.38
2022-01-15,2022,2022Q1,1,Jan,2022-01,Saturday,5,True,Hand Cream Tube,Beauty & Personal Care,Latin America,4.82,2.67,55.39
2022-01-16,2022,2022Q1,1,Jan,2022-01,Sunday,6,True,Wool Blend Sweater,Clothing,Middle East,44.93,20.67,46.0
2022-01-16,2022,2022Q1,1,Jan,2022-01,Sunday,6,True,Indoor Planter Pot,Home & Garden,Europe,30.69,12.02,39.17
2022-01-16,2022,2022Q1,1,Jan,2022-01,Sunday,6,True,Wall Decor Frame,Home & Garden,Europe,65.88,25.24,38.31
2022-01-16,2022,2022Q1,1,Jan,2022-01,Sunday,6,True,Sticky Notes Pad,Office Supplies,Asia Pacific,8.79,5.14,58.48
2022-01-17,2022,2022Q1,1,Jan,2022-01,Monday,0,False,Laptop Stand Adjustable,Electronics,Africa,48.58,18.61,38.31
2022-01-17,2022,2022Q1,1,Jan,2022-01,Monday,0,False,A4 Notebook Hardcover,Office Supplies,Africa,4.87,2.44,50.1
2022-01-19,2022,2022Q1,1,Jan,2022-01,Wednesday,2,False,Water Bottle Stainless Steel,Sports & Outdoors,Europe,22.64,9.32,41.17
2022-01-19,2022,2022Q1,1,Jan,2022-01,Wednesday,2,False,Face Moisturizer Cream,Beauty & Personal Care,North America,34.96,18.94,54.18
2022-01-19,2022,2022Q1,1,Jan,2022-01,Wednesday,2,False,Face Moisturizer Cream,Beauty & Personal Care,Europe,134.69,66.17,49.13
2022-01-19,2022,2022Q1,1,Jan,2022-01,Wednesday,2,False,Portable Power Bank 10000mAh,Electronics,North America,48.32,17.21,35.62
2022-01-20,2022,2022Q1,1,Jan,2022-01,Thursday,3,False,Sparkling Water 12-Pack,Food & Beverages,Europe,9.35,5.04,53.9
2022-01-20,2022,2022Q1,1,Jan,2022-01,Thursday,3,False,Water Bottle Stainless Steel,Sports & Outdoors,Middle East,13.75,5.11,37.16
2022-01-20,2022,2022Q1,1,Jan,2022-01,Thursday,3,False,LED Desk Lamp,Home & Garden,Asia Pacific,81.01,31.67,39.09
2022-01-21,2022,2022Q1,1,Jan,2022-01,Friday,4,False,Smart Watch Basic,Electronics,Africa,55.2,16.76,30.36
2022-01-21,2022,2022Q1,1,Jan,2022-01,Friday,4,False,Smart Watch Basic,Electronics,Europe,317.92,87.15,27.41
2022-01-21,2022,2022Q1,1,Jan,2022-01,Friday,4,False,Wool Blend Sweater,Clothing,Europe,71.58,33.05,46.17
2022-01-22,2022,2022Q1,1,Jan,2022-01,Saturday,5,True,Bath Soap Pack,Beauty & Personal Care,Europe,16.39,9.64,58.82
2022-01-22,2022,2022Q1,1,Jan,2022-01,Saturday,5,True,Portable Power Bank 10000mAh,Electronics,Asia Pacific,32.87,12.01,36.54
2022-01-22,2022,2022Q1,1,Jan,2022-01,Saturday,5,True,Throw Pillow Cover,Home & Garden,North America,44.46,24.06,54.12
2022-01-22,2022,2022Q1,1,Jan,2022-01,Saturday,5,True,Resistance Bands Set,Sports & Outdoors,Europe,36.94,21.24,57.5
2022-01-22,2022,2022Q1,1,Jan,2022-01,Saturday,5,True,A4 Notebook Hardcover,Office Supplies,Latin America,21.38,10.31,48.22
2022-01-22,2022,2022Q1,1,Jan,2022-01,Saturday,5,True,Throw Pillow Cover,Home & Garden,Latin America,20.24,9.46,46.74
2022-01-23,2022,2022Q1,1,Jan,2022-01,Sunday,6,True,Casual Button-Down Shirt,Clothing,Europe,151.85,81.0,53.34
2022-01-23,2022,2022Q1,1,Jan,2022-01,Sunday,6,True,Bath Soap Pack,Beauty & Personal Care,Middle East,4.57,2.25,49.23
2022-01-24,2022,2022Q1,1,Jan,2022-01,Monday,0,False,Dark Chocolate Bar,Food & Beverages,Middle East,11.53,5.67,49.18
2022-01-25,2022,2022Q1,1,Jan,2022-01,Tuesday,1,False,Gourmet Coffee Beans 1lb,Food & Beverages,Europe,20.58,6.73,32.7
2022-01-25,2022,2022Q1,1,Jan,2022-01,Tuesday,1,False,Mechanical Pencil Set,Office Supplies,Africa,4.14,1.94,46.86
2022-01-25,2022,2022Q1,1,Jan,2022-01,Tuesday,1,False,Hair Shampoo 300ml,Beauty & Personal Care,Asia Pacific,8.95,4.56,50.95
2022-01-25,2022,2022Q1,1,Jan,2022-01,Tuesday,1,False,Sunscreen SPF50 Tube,Sports & Outdoors,North America,15.16,7.51,49.54
2022-01-26,2022,2022Q1,1,Jan,2022-01,Wednesday,2,False,Sticky Notes Pad,Office Supplies,Asia Pacific,13.32,7.09,53.23
2022-01-26,2022,2022Q1,1,Jan,2022-01,Wednesday,2,False,Resistance Bands Set,Sports & Outdoors,Africa,6.13,3.21,52.37
2022-01-26,2022,2022Q1,1,Jan,2022-01,Wednesday,2,False,Sparkling Water 12-Pack,Food & Beverages,Middle East,5.68,2.77,48.77
2022-01-27,2022,2022Q1,1,Jan,2022-01,Thursday,3,False,Hair Shampoo 300ml,Beauty & Personal Care,Europe,14.02,6.33,45.15
2022-01-27,2022,2022Q1,1,Jan,2022-01,Thursday,3,False,Smart Watch Basic,Electronics,Latin America,155.34,43.4,27.94
2022-01-28,2022,2022Q1,1,Jan,2022-01,Friday,4,False,Gourmet Coffee Beans 1lb,Food & Beverages,Middle East,11.77,4.53,38.49
2022-01-29,2022,2022Q1,1,Jan,2022-01,Saturday,5,True,Bath Soap Pack,Beauty & Personal Care,North America,9.49,5.64,59.43
2022-01-29,2022,2022Q1,1,Jan,2022-01,Saturday,5,True,Smart Watch Basic,Electronics,Europe,288.45,68.91,23.89
2022-01-29,2022,2022Q1,1,Jan,2022-01,Saturday,5,True,Throw Pillow Cover,Home & Garden,Europe,18.64,7.86,42.17
2022-01-29,2022,2022Q1,1,Jan,2022-01,Saturday,5,True,Face Moisturizer Cream,Beauty & Personal Care,Latin America,14.28,6.34,44.4
2022-01-29,2022,2022Q1,1,Jan,2022-01,Saturday,5,True,Classic Cotton T-Shirt,Clothing,North America,29.21,14.78,50.6
2022-01-30,2022,2022Q1,1,Jan,2022-01,Sunday,6,True,Laptop Stand Adjustable,Electronics,North America,81.36,34.04,41.84
2022-01-30,2022,2022Q1,1,Jan,2022-01,Sunday,6,True,Sparkling Water 12-Pack,Food & Beverages,Latin America,4.64,2.37,51.08
2022-01-31,2022,2022Q1,1,Jan,2022-01,Monday,0,False,Hand Cream Tube,Beauty & Personal Care,Europe,9.42,5.5,58.39
2022-01-31,2022,2022Q1,1,Jan,2022-01,Monday,0,False,Face Moisturizer Cream,Beauty & Personal Care,Asia Pacific,45.09,22.83,50.63
2022-02-01,2022,2022Q1,2,Feb,2022-02,Tuesday,1,False,Kitchen Herb Garden,Home & Garden,Africa,21.3,9.1,42.72
2022-02-01,2022,2022Q1,2,Feb,2022-02,Tuesday,1,False,Gourmet Coffee Beans 1lb,Food & Beverages,Africa,7.35,2.99,40.68
2022-02-02,2022,2022Q1,2,Feb,2022-02,Wednesday,2,False,Gourmet Coffee Beans 1lb,Food & Beverages,Middle East,12.3,4.77,38.78
2022-02-02,2022,2022Q1,2,Feb,2022-02,Wednesday,2,False,Wireless Keyboard,Office Supplies,Asia Pacific,104.76,32.92,31.42
2022-02-02,2022,2022Q1,2,Feb,2022-02,Wednesday,2,False,Water Bottle Stainless Steel,Sports & Outdoors,Africa,26.53,10.48,39.5
2022-02-02,2022,2022Q1,2,Feb,2022-02,Wednesday,2,False,Laptop Stand Adjustable,Electronics,North America,83.82,36.21,43.2
2022-02-03,2022,2022Q1,2,Feb,2022-02,Thursday,3,False,Water Bottle Stainless Steel,Sports & Outdoors,Asia Pacific,39.7,15.21,38.31
2022-02-04,2022,2022Q1,2,Feb,2022-02,Friday,4,False,Bath Soap Pack,Beauty & Personal Care,Middle East,15.66,8.46,54.02
2022-02-04,2022,2022Q1,2,Feb,2022-02,Friday,4,False,Energy Drink 6-Pack,Food & Beverages,Europe,28.29,14.52,51.33
2022-02-05,2022,2022Q1,2,Feb,2022-02,Saturday,5,True,Indoor Planter Pot,Home & Garden,Asia Pacific,53.09,22.04,41.51
2022-02-05,2022,2022Q1,2,Feb,2022-02,Saturday,5,True,Wireless Keyboard,Office Supplies,Africa,45.65,16.78,36.76
2022-02-06,2022,2022Q1,2,Feb,2022-02,Sunday,6,True,Sunscreen SPF50 Tube,Sports & Outdoors,Europe,32.81,16.42,50.05
2022-02-06,2022,2022Q1,2,Feb,2022-02,Sunday,6,True,Smart Watch Basic,Electronics,Latin America,76.02,18.92,24.89
2022-02-06,2022,2022Q1,2,Feb,2022-02,Sunday,6,True,Yoga Mat Premium,Sports & Outdoors,North America,235.27,92.15,39.17
2022-02-07,2022,2022Q1,2,Feb,2022-02,Monday,0,False,Winter Jacket Premium,Clothing,North America,271.19,82.03,30.25
2022-02-07,2022,2022Q1,2,Feb,2022-02,Monday,0,False,Casual Button-Down Shirt,Clothing,Africa,13.84,6.9,49.86
2022-02-08,2022,2022Q1,2,Feb,2022-02,Tuesday,1,False,Hand Cream Tube,Beauty & Personal Care,Latin America,5.64,2.58,45.74
2022-02-08,2022,2022Q1,2,Feb,2022-02,Tuesday,1,False,Sparkling Water 12-Pack,Food & Beverages,North America,11.17,5.83,52.19
2022-02-08,2022,2022Q1,2,Feb,2022-02,Tuesday,1,False,Sticky Notes Pad,Office Supplies,North America,31.63,14.86,46.98
2022-02-08,2022,2022Q1,2,Feb,2022-02,Tuesday,1,False,Desk Organizer Tray,Office Supplies,North America,31.89,11.28,35.37
2022-02-09,2022,2022Q1,2,Feb,2022-02,Wednesday,2,False,Gourmet Coffee Beans 1lb,Food & Beverages,North America,50.48,18.33,36.31
2022-02-09,2022,2022Q1,2,Feb,2022-02,Wednesday,2,False,Bath Soap Pack,Beauty & Personal Care,North America,31.92,16.18,50.69
2022-02-10,2022,2022Q1,2,Feb,2022-02,Thursday,3,False,Kitchen Herb Garden,Home & Garden,North America,151.01,63.44,42.01
2022-02-10,2022,2022Q1,2,Feb,2022-02,Thursday,3,False,Scented Candle Set,Home & Garden,North America,29.09,13.68,47.03
2022-02-11,2022,2022Q1,2,Feb,2022-02,Friday,4,False,Bath Soap Pack,Beauty & Personal Care,Middle East,4.81,2.83,58.84
2022-02-12,2022,2022Q1,2,Feb,2022-02,Saturday,5,True,Desk Organizer Tray,Office Supplies,Latin America,25.55,8.87,34.72
2022-02-12,2022,2022Q1,2,Feb,2022-02,Saturday,5,True,Organic Green Tea Box,Food & Beverages,North America,17.49,6.52,37.28
2022-02-13,2022,2022Q1,2,Feb,2022-02,Sunday,6,True,Gourmet Coffee Beans 1lb,Food & Beverages,Middle East,11.23,4.77,42.48
2022-02-13,2022,2022Q1,2,Feb,2022-02,Sunday,6,True,Laptop Stand Adjustable,Electronics,North America,44.73,18.87,42.19
2022-02-14,2022,2022Q1,2,Feb,2022-02,Monday,0,False,Wireless Keyboard,Office Supplies,Asia Pacific,52.81,18.25,34.56
2022-02-15,2022,2022Q1,2,Feb,2022-02,Tuesday,1,False,Classic Cotton T-Shirt,Clothing,Latin America,12.64,6.7,53.01
2022-02-15,2022,2022Q1,2,Feb,2022-02,Tuesday,1,False,Sticky Notes Pad,Office Supplies,North America,16.53,8.01,48.46
2022-02-15,2022,2022Q1,2,Feb,2022-02,Tuesday,1,False,Winter Jacket Premium,Clothing,Europe,209.04,61.51,29.42
2022-02-15,2022,2022Q1,2,Feb,2022-02,Tuesday,1,False,Portable Power Bank 10000mAh,Electronics,Latin America,45.07,16.14,35.81
2022-02-16,2022,2022Q1,2,Feb,2022-02,Wednesday,2,False,Phone Grip Stand,Electronics,Asia Pacific,8.7,4.9,56.32
2022-02-16,2022,2022Q1,2,Feb,2022-02,Wednesday,2,False,Sticky Notes Pad,Office Supplies,Europe,18.67,11.63,62.29
2022-02-16,2022,2022Q1,2,Feb,2022-02,Wednesday,2,False,Scented Candle Set,Home & Garden,Latin America,27.08,12.47,46.05
2022-02-16,2022,2022Q1,2,Feb,2022-02,Wednesday,2,False,Wireless Mouse,Electronics,Asia Pacific,48.14,19.99,41.52
2022-02-16,2022,2022Q1,2,Feb,2022-02,Wednesday,2,False,Resistance Bands Set,Sports & Outdoors,Asia Pacific,32.69,14.52,44.42
2022-02-16,2022,2022Q1,2,Feb,2022-02,Wednesday,2,False,Face Moisturizer Cream,Beauty & Personal Care,Latin America,15.62,8.49,54.35
2022-02-16,2022,2022Q1,2,Feb,2022-02,Wednesday,2,False,Running Sneakers,Clothing,Latin America,45.06,17.79,39.48
2022-02-17,2022,2022Q1,2,Feb,2022-02,Thursday,3,False,Sparkling Water 12-Pack,Food & Beverages,North America,23.89,13.22,55.34
2022-02-17,2022,2022Q1,2,Feb,2022-02,Thursday,3,False,Indoor Planter Pot,Home & Garden,North America,76.03,33.48,44.04
2022-02-18,2022,2022Q1,2,Feb,2022-02,Friday,4,False,Smart Watch Basic,Electronics,Europe,674.66,196.34,29.1
2022-02-18,2022,2022Q1,2,Feb,2022-02,Friday,4,False,Hair Shampoo 300ml,Beauty & Personal Care,Latin America,6.65,2.66,40.0
2022-02-18,2022,2022Q1,2,Feb,2022-02,Friday,4,False,USB-C Charging Cable,Electronics,Asia Pacific,10.58,4.1,38.75
2022-02-19,2022,2022Q1,2,Feb,2022-02,Saturday,5,True,LED Desk Lamp,Home & Garden,Latin America,25.17,8.38,33.29
2022-02-19,2022,2022Q1,2,Feb,2022-02,Saturday,5,True,Wall Decor Frame,Home & Garden,Europe,62.61,22.8,36.42
2022-02-19,2022,2022Q1,2,Feb,2022-02,Saturday,5,True,Wireless Bluetooth Headphones,Electronics,North America,420.5,126.72,30.14
2022-02-20,2022,2022Q1,2,Feb,2022-02,Sunday,6,True,Casual Button-Down Shirt,Clothing,Europe,82.69,44.17,53.42
2022-02-21,2022,2022Q1,2,Feb,2022-02,Monday,0,False,Hand Cream Tube,Beauty & Personal Care,Asia Pacific,22.98,10.97,47.74
2022-02-22,2022,2022Q1,2,Feb,2022-02,Tuesday,1,False,Hand Cream Tube,Beauty & Personal Care,Middle East,6.81,3.9,57.27
2022-02-22,2022,2022Q1,2,Feb,2022-02,Tuesday,1,False,Sunscreen SPF50 Tube,Sports & Outdoors,Europe,58.78,25.58,43.52
2022-02-24,2022,2022Q1,2,Feb,2022-02,Thursday,3,False,Mechanical Pencil Set,Office Supplies,Europe,25.49,14.54,57.04
2022-02-25,2022,2022Q1,2,Feb,2022-02,Friday,4,False,Yoga Mat Premium,Sports & Outdoors,Asia Pacific,76.66,36.7,47.87
2022-02-25,2022,2022Q1,2,Feb,2022-02,Friday,4,False,Classic Cotton T-Shirt,Clothing,Asia Pacific,44.48,22.5,50.58
2022-02-26,2022,2022Q1,2,Feb,2022-02,Saturday,5,True,Smart Watch Basic,Electronics,Middle East,261.5,69.88,26.72
2022-02-26,2022,2022Q1,2,Feb,2022-02,Saturday,5,True,Mixed Nuts Pack,Food & Beverages,Africa,4.7,2.33,49.57
2022-02-26,2022,2022Q1,2,Feb,2022-02,Saturday,5,True,LED Desk Lamp,Home & Garden,North America,132.46,45.24,34.15
2022-02-27,2022,2022Q1,2,Feb,2022-02,Sunday,6,True,Bath Soap Pack,Beauty & Personal Care,North America,9.64,5.67,58.82
2022-02-27,2022,2022Q1,2,Feb,2022-02,Sunday,6,True,Resistance Bands Set,Sports & Outdoors,Asia Pacific,43.91,21.83,49.72
2022-02-27,2022,2022Q1,2,Feb,2022-02,Sunday,6,True,Portable Power Bank 10000mAh,Electronics,North America,110.52,33.89,30.66
2022-02-28,2022,2022Q1,2,Feb,2022-02,Monday,0,False,Sticky Notes Pad,Office Supplies,Asia Pacific,8.95,4.24,47.37
2022-02-28,2022,2022Q1,2,Feb,2022-02,Monday,0,False,Wireless Bluetooth Headphones,Electronics,North America,110.25,35.11,31.85
2022-02-28,2022,2022Q1,2,Feb,2022-02,Monday,0,False,LED Desk Lamp,Home & Garden,North America,126.61,40.36,31.88
2022-02-28,2022,2022Q1,2,Feb,2022-02,Monday,0,False,Wall Decor Frame,Home & Garden,Africa,9.82,3.51,35.74
2022-03-01,2022,2022Q1,3,Mar,2022-03,Tuesday,1,False,Portable Power Bank 10000mAh,Electronics,Middle East,88.06,31.11,35.33
2022-03-02,2022,2022Q1,3,Mar,2022-03,Wednesday,2,False,Laptop Stand Adjustable,Electronics,Europe,133.25,47.72,35.81
2022-03-02,2022,2022Q1,3,Mar,2022-03,Wednesday,2,False,Foldable Camping Chair,Sports & Outdoors,Europe,61.91,20.97,33.87
2022-03-02,2022,2022Q1,3,Mar,2022-03,Wednesday,2,False,Hair Shampoo 300ml,Beauty & Personal Care,Middle East,9.23,3.8,41.17
2022-03-02,2022,2022Q1,3,Mar,2022-03,Wednesday,2,False,Wall Decor Frame,Home & Garden,Europe,36.69,15.85,43.2
2022-03-03,2022,2022Q1,3,Mar,2022-03,Thursday,3,False,Portable Power Bank 10000mAh,Electronics,Middle East,28.36,7.95,28.03
2022-03-04,2022,2022Q1,3,Mar,2022-03,Friday,4,False,Smart Watch Basic,Electronics,Latin America,181.01,57.7,31.88
2022-03-04,2022,2022Q1,3,Mar,2022-03,Friday,4,False,Winter Jacket Premium,Clothing,Asia Pacific,169.2,58.23,34.41
2022-03-04,2022,2022Q1,3,Mar,2022-03,Friday,4,False,A4 Notebook Hardcover,Office Supplies,Europe,16.27,6.88,42.29
2022-03-05,2022,2022Q1,3,Mar,2022-03,Saturday,5,True,Wireless Mouse,Electronics,North America,181.11,73.22,40.43
2022-03-05,2022,2022Q1,3,Mar,2022-03,Saturday,5,True,Wall Decor Frame,Home & Garden,Asia Pacific,52.4,21.73,41.47
2022-03-06,2022,2022Q1,3,Mar,2022-03,Sunday,6,True,Dark Chocolate Bar,Food & Beverages,North America,9.67,4.57,47.26
2022-03-06,2022,2022Q1,3,Mar,2022-03,Sunday,6,True,Resistance Bands Set,Sports & Outdoors,Europe,70.13,31.9,45.49
2022-03-06,2022,2022Q1,3,Mar,2022-03,Sunday,6,True,Face Moisturizer Cream,Beauty & Personal Care,Europe,36.39,18.52,50.89
2022-03-07,2022,2022Q1,3,Mar,2022-03,Monday,0,False,Wireless Keyboard,Office Supplies,Middle East,39.27,13.28,33.82
2022-03-08,2022,2022Q1,3,Mar,2022-03,Tuesday,1,False,Hand Cream Tube,Beauty & Personal Care,Europe,11.91,5.74,48.19
2022-03-08,2022,2022Q1,3,Mar,2022-03,Tuesday,1,False,Mixed Nuts Pack,Food & Beverages,Asia Pacific,12.34,5.37,43.52
2022-03-08,2022,2022Q1,3,Mar,2022-03,Tuesday,1,False,Wireless Keyboard,Office Supplies,Latin America,156.13,44.03,28.2
2022-03-08,2022,2022Q1,3,Mar,2022-03,Tuesday,1,False,Lip Balm Set,Beauty & Personal Care,Middle East,9.86,5.14,52.13
2022-03-09,2022,2022Q1,3,Mar,2022-03,Wednesday,2,False,Lip Balm Set,Beauty & Personal Care,North America,21.58,10.7,49.58
2022-03-09,2022,2022Q1,3,Mar,2022-03,Wednesday,2,False,Laptop Stand Adjustable,Electronics,Latin America,22.03,7.24,32.86
2022-03-10,2022,2022Q1,3,Mar,2022-03,Thursday,3,False,Kitchen Herb Garden,Home & Garden,Asia Pacific,24.07,10.04,41.71
2022-03-10,2022,2022Q1,3,Mar,2022-03,Thursday,3,False,Gourmet Coffee Beans 1lb,Food & Beverages,North America,71.94,30.92,42.98
2022-03-10,2022,2022Q1,3,Mar,2022-03,Thursday,3,False,Yoga Mat Premium,Sports & Outdoors,Africa,32.86,15.42,46.93
2022-03-10,2022,2022Q1,3,Mar,2022-03,Thursday,3,False,Face Moisturizer Cream,Beauty & Personal Care,North America,214.24,110.14,51.41
2022-03-10,2022,2022Q1,3,Mar,2022-03,Thursday,3,False,Hair Shampoo 300ml,Beauty & Personal Care,Latin America,37.74,15.59,41.31
2022-03-11,2022,2022Q1,3,Mar,2022-03,Friday,4,False,Hand Cream Tube,Beauty & Personal Care,Latin America,5.98,3.51,58.7
2022-03-12,2022,2022Q1,3,Mar,2022-03,Saturday,5,True,Dark Chocolate Bar,Food & Beverages,North America,30.41,14.8,48.67
2022-03-12,2022,2022Q1,3,Mar,2022-03,Saturday,5,True,Hair Shampoo 300ml,Beauty & Personal Care,Asia Pacific,22.86,10.25,44.84
2022-03-12,2022,2022Q1,3,Mar,2022-03,Saturday,5,True,Resistance Bands Set,Sports & Outdoors,Middle East,43.3,19.73,45.57
2022-03-12,2022,2022Q1,3,Mar,2022-03,Saturday,5,True,Energy Drink 6-Pack,Food & Beverages,Asia Pacific,11.35,4.74,41.76
2022-03-13,2022,2022Q1,3,Mar,2022-03,Sunday,6,True,Ballpoint Pen Box of 12,Office Supplies,Middle East,5.97,3.46,57.96
2022-03-13,2022,2022Q1,3,Mar,2022-03,Sunday,6,True,A4 Notebook Hardcover,Office Supplies,Europe,17.4,6.95,39.94
2022-03-13,2022,2022Q1,3,Mar,2022-03,Sunday,6,True,Bath Soap Pack,Beauty & Personal Care,Latin America,14.05,7.63,54.31
2022-03-13,2022,2022Q1,3,Mar,2022-03,Sunday,6,True,Sparkling Water 12-Pack,Food & Beverages,Asia Pacific,7.58,3.78,49.87
2022-03-13,2022,2022Q1,3,Mar,2022-03,Sunday,6,True,Running Sneakers,Clothing,Africa,36.36,11.95,32.87
2022-03-13,2022,2022Q1,3,Mar,2022-03,Sunday,6,True,Resistance Bands Set,Sports & Outdoors,North America,49.14,21.47,43.69
2022-03-14,2022,2022Q1,3,Mar,2022-03,Monday,0,False,Desk Organizer Tray,Office Supplies,Europe,29.12,10.14,34.82
2022-03-14,2022,2022Q1,3,Mar,2022-03,Monday,0,False,Wireless Bluetooth Headphones,Electronics,Asia Pacific,139.47,49.71,35.64
2022-03-14,2022,2022Q1,3,Mar,2022-03,Monday,0,False,Yoga Mat Premium,Sports & Outdoors,Middle East,60.63,25.41,41.91
2022-03-15,2022,2022Q1,3,Mar,2022-03,Tuesday,1,False,Ballpoint Pen Box of 12,Office Supplies,North America,12.34,5.49,44.49
2022-03-15,2022,2022Q1,3,Mar,2022-03,Tuesday,1,False,Face Moisturizer Cream,Beauty & Personal Care,North America,39.55,17.45,44.12
2022-03-15,2022,2022Q1,3,Mar,2022-03,Tuesday,1,False,Face Moisturizer Cream,Beauty & Personal Care,North America,82.3,43.87,53.3
2022-03-16,2022,2022Q1,3,Mar,2022-03,Wednesday,2,False,Scented Candle Set,Home & Garden,North America,73.1,29.3,40.08
2022-03-16,2022,2022Q1,3,Mar,2022-03,Wednesday,2,False,Hair Shampoo 300ml,Beauty & Personal Care,Latin America,16.57,7.45,44.96
2022-03-16,2022,2022Q1,3,Mar,2022-03,Wednesday,2,False,Wireless Bluetooth Headphones,Electronics,Middle East,111.35,44.35,39.83
2022-03-17,2022,2022Q1,3,Mar,2022-03,Thursday,3,False,Wireless Keyboard,Office Supplies,Europe,75.8,22.39,29.54
2022-03-17,2022,2022Q1,3,Mar,2022-03,Thursday,3,False,Sunscreen SPF50 Tube,Sports & Outdoors,Middle East,18.1,9.22,50.94
2022-03-17,2022,2022Q1,3,Mar,2022-03,Thursday,3,False,Wool Blend Sweater,Clothing,Europe,434.79,194.63,44.76
2022-03-17,2022,2022Q1,3,Mar,2022-03,Thursday,3,False,Sunscreen SPF50 Tube,Sports & Outdoors,Middle East,9.95,4.92,49.45
2022-03-17,2022,2022Q1,3,Mar,2022-03,Thursday,3,False,Foldable Camping Chair,Sports & Outdoors,Europe,63.77,21.4,33.56
2022-03-18,2022,2022Q1,3,Mar,2022-03,Friday,4,False,Energy Drink 6-Pack,Food & Beverages,Middle East,8.35,3.9,46.71
2022-03-19,2022,2022Q1,3,Mar,2022-03,Saturday,5,True,Wool Blend Sweater,Clothing,Europe,152.41,63.49,41.66
2022-03-19,2022,2022Q1,3,Mar,2022-03,Saturday,5,True,Dark Chocolate Bar,Food & Beverages,Asia Pacific,5.86,2.67,45.56
2022-03-19,2022,2022Q1,3,Mar,2022-03,Saturday,5,True,Yoga Mat Premium,Sports & Outdoors,Europe,113.31,57.35,50.61
2022-03-19,2022,2022Q1,3,Mar,2022-03,Saturday,5,True,Sparkling Water 12-Pack,Food & Beverages,Asia Pacific,8.33,3.77,45.26
2022-03-19,2022,2022Q1,3,Mar,2022-03,Saturday,5,True,Hair Shampoo 300ml,Beauty & Personal Care,Europe,16.16,6.69,41.4
2022-03-20,2022,2022Q1,3,Mar,2022-03,Sunday,6,True,Mechanical Pencil Set,Office Supplies,Asia Pacific,21.37,10.78,50.44
2022-03-20,2022,2022Q1,3,Mar,2022-03,Sunday,6,True,Throw Pillow Cover,Home & Garden,Europe,22.8,10.43,45.75
2022-03-20,2022,2022Q1,3,Mar,2022-03,Sunday,6,True,Hair Shampoo 300ml,Beauty & Personal Care,Europe,70.15,32.65,46.54
2022-03-21,2022,2022Q1,3,Mar,2022-03,Monday,0,False,Dark Chocolate Bar,Food & Beverages,Asia Pacific,28.77,13.16,45.74
2022-03-21,2022,2022Q1,3,Mar,2022-03,Monday,0,False,Resistance Bands Set,Sports & Outdoors,North America,26.09,14.76,56.57
2022-03-22,2022,2022Q1,3,Mar,2022-03,Tuesday,1,False,Bath Soap Pack,Beauty & Personal Care,Europe,8.81,4.55,51.65
2022-03-22,2022,2022Q1,3,Mar,2022-03,Tuesday,1,False,Portable Power Bank 10000mAh,Electronics,Africa,17.2,5.84,33.95
2022-03-22,2022,2022Q1,3,Mar,2022-03,Tuesday,1,False,USB-C Charging Cable,Electronics,Europe,64.98,27.45,42.24
2022-03-23,2022,2022Q1,3,Mar,2022-03,Wednesday,2,False,Bluetooth Speaker Mini,Electronics,Latin America,81.1,22.8,28.11
2022-03-23,2022,2022Q1,3,Mar,2022-03,Wednesday,2,False,Hair Shampoo 300ml,Beauty & Personal Care,Europe,72.33,33.4,46.18
2022-03-25,2022,2022Q1,3,Mar,2022-03,Friday,4,False,Resistance Bands Set,Sports & Outdoors,Asia Pacific,32.24,17.19,53.32
2022-03-25,2022,2022Q1,3,Mar,2022-03,Friday,4,False,Foldable Camping Chair,Sports & Outdoors,North America,83.66,27.87,33.31
2022-03-25,2022,2022Q1,3,Mar,2022-03,Friday,4,False,Portable Power Bank 10000mAh,Electronics,Latin America,72.11,22.61,31.35
2022-03-26,2022,2022Q1,3,Mar,2022-03,Saturday,5,True,Running Sneakers,Clothing,Europe,434.55,181.54,41.78
2022-03-26,2022,2022Q1,3,Mar,2022-03,Saturday,5,True,Sticky Notes Pad,Office Supplies,Latin America,3.53,1.88,53.26
2022-03-26,2022,2022Q1,3,Mar,2022-03,Saturday,5,True,Yoga Mat Premium,Sports & Outdoors,Europe,164.64,64.55,39.21
2022-03-27,2022,2022Q1,3,Mar,2022-03,Sunday,6,True,LED Desk Lamp,Home & Garden,North America,63.04,25.37,40.24
2022-03-27,2022,2022Q1,3,Mar,2022-03,Sunday,6,True,USB-C Charging Cable,Electronics,North America,96.15,42.08,43.76
2022-03-27,2022,2022Q1,3,Mar,2022-03,Sunday,6,True,Dark Chocolate Bar,Food & Beverages,Middle East,15.05,7.12,47.31
2022-03-27,2022,2022Q1,3,Mar,2022-03,Sunday,6,True,Bath Soap Pack,Beauty & Personal Care,Europe,48.73,29.75,61.05
2022-03-28,2022,2022Q1,3,Mar,2022-03,Monday,0,False,Sunscreen SPF50 Tube,Sports & Outdoors,Latin America,26.43,11.68,44.19
2022-03-28,2022,2022Q1,3,Mar,2022-03,Monday,0,False,Mechanical Pencil Set,Office Supplies,Middle East,16.09,7.63,47.42
2022-03-28,2022,2022Q1,3,Mar,2022-03,Monday,0,False,Classic Cotton T-Shirt,Clothing,Africa,10.32,5.62,54.46
2022-03-28,2022,2022Q1,3,Mar,2022-03,Monday,0,False,Hand Cream Tube,Beauty & Personal Care,Europe,46.3,22.56,48.73
2022-03-29,2022,2022Q1,3,Mar,2022-03,Tuesday,1,False,Water Bottle Stainless Steel,Sports & Outdoors,Africa,8.86,4.02,45.37
2022-03-29,2022,2022Q1,3,Mar,2022-03,Tuesday,1,False,Winter Jacket Premium,Clothing,Europe,782.21,241.79,30.91
2022-03-30,2022,2022Q1,3,Mar,2022-03,Wednesday,2,False,Wireless Bluetooth Headphones,Electronics,Middle East,58.39,22.89,39.2
2022-03-30,2022,2022Q1,3,Mar,2022-03,Wednesday,2,False,Mechanical Pencil Set,Office Supplies,Latin America,6.8,3.63,53.38
2022-03-31,2022,2022Q1,3,Mar,2022-03,Thursday,3,False,Bath Soap Pack,Beauty & Personal Care,Europe,9.85,5.83,59.19
2022-03-31,2022,2022Q1,3,Mar,2022-03,Thursday,3,False,Scented Candle Set,Home & Garden,Europe,28.58,12.32,43.11
2022-03-31,2022,2022Q1,3,Mar,2022-03,Thursday,3,False,Casual Button-Down Shirt,Clothing,Latin America,22.92,11.08,48.34
2022-03-31,2022,2022Q1,3,Mar,2022-03,Thursday,3,False,LED Desk Lamp,Home & Garden,Asia Pacific,49.0,18.04,36.82
2022-03-31,2022,2022Q1,3,Mar,2022-03,Thursday,3,False,Mechanical Pencil Set,Office Supplies,Middle East,44.21,25.03,56.62
2022-04-02,2022,2022Q2,4,Apr,2022-04,Saturday,5,True,Winter Jacket Premium,Clothing,Europe,497.88,131.69,26.45
2022-04-03,2022,2022Q2,4,Apr,2022-04,Sunday,6,True,Wireless Mouse,Electronics,Africa,13.06,4.48,34.3
2022-04-04,2022,2022Q2,4,Apr,2022-04,Monday,0,False,Yoga Mat Premium,Sports & Outdoors,Africa,17.8,8.17,45.9
2022-04-05,2022,2022Q2,4,Apr,2022-04,Tuesday,1,False,Indoor Planter Pot,Home & Garden,North America,90.77,33.32,36.71
2022-04-05,2022,2022Q2,4,Apr,2022-04,Tuesday,1,False,Smart Watch Basic,Electronics,Latin America,365.56,105.89,28.97
2022-04-05,2022,2022Q2,4,Apr,2022-04,Tuesday,1,False,Classic Cotton T-Shirt,Clothing,Europe,58.95,34.33,58.24
2022-04-05,2022,2022Q2,4,Apr,2022-04,Tuesday,1,False,Foldable Camping Chair,Sports & Outdoors,North America,83.85,24.52,29.24
2022-04-05,2022,2022Q2,4,Apr,2022-04,Tuesday,1,False,Ballpoint Pen Box of 12,Office Supplies,Africa,3.88,1.79,46.13
2022-04-05,2022,2022Q2,4,Apr,2022-04,Tuesday,1,False,Phone Grip Stand,Electronics,Asia Pacific,17.14,8.88,51.81
2022-04-06,2022,2022Q2,4,Apr,2022-04,Wednesday,2,False,Bath Soap Pack,Beauty & Personal Care,Asia Pacific,7.91,4.02,50.82
2022-04-06,2022,2022Q2,4,Apr,2022-04,Wednesday,2,False,Sparkling Water 12-Pack,Food & Beverages,Europe,24.3,11.04,45.43
2022-04-07,2022,2022Q2,4,Apr,2022-04,Thursday,3,False,Gourmet Coffee Beans 1lb,Food & Beverages,Africa,7.53,2.78,36.92
2022-04-07,2022,2022Q2,4,Apr,2022-04,Thursday,3,False,Desk Organizer Tray,Office Supplies,Africa,45.82,17.46,38.11
2022-04-08,2022,2022Q2,4,Apr,2022-04,Friday,4,False,LED Desk Lamp,Home & Garden,Europe,256.41,87.26,34.03
2022-04-08,2022,2022Q2,4,Apr,2022-04,Friday,4,False,Bath Soap Pack,Beauty & Personal Care,Europe,46.66,25.54,54.74
2022-04-08,2022,2022Q2,4,Apr,2022-04,Friday,4,False,Wireless Bluetooth Headphones,Electronics,Asia Pacific,72.38,26.52,36.64
2022-04-09,2022,2022Q2,4,Apr,2022-04,Saturday,5,True,Sticky Notes Pad,Office Supplies,North America,36.99,23.04,62.29
2022-04-09,2022,2022Q2,4,Apr,2022-04,Saturday,5,True,Lip Balm Set,Beauty & Personal Care,North America,21.38,12.07,56.45
2022-04-09,2022,2022Q2,4,Apr,2022-04,Saturday,5,True,Yoga Mat Premium,Sports & Outdoors,Latin America,29.05,14.6,50.26
2022-04-10,2022,2022Q2,4,Apr,2022-04,Sunday,6,True,Mixed Nuts Pack,Food & Beverages,Europe,53.97,23.56,43.65
2022-04-10,2022,2022Q2,4,Apr,2022-04,Sunday,6,True,Smart Watch Basic,Electronics,Latin America,263.83,70.92,26.88
2022-04-11,2022,2022Q2,4,Apr,2022-04,Monday,0,False,Desk Organizer Tray,Office Supplies,Europe,29.61,12.01,40.56
2022-04-11,2022,2022Q2,4,Apr,2022-04,Monday,0,False,Organic Green Tea Box,Food & Beverages,Africa,6.54,2.49,38.07
2022-04-11,2022,2022Q2,4,Apr,2022-04,Monday,0,False,Resistance Bands Set,Sports & Outdoors,Asia Pacific,19.35,8.56,44.24
2022-04-12,2022,2022Q2,4,Apr,2022-04,Tuesday,1,False,Wool Blend Sweater,Clothing,North America,212.69,99.14,46.61
2022-04-12,2022,2022Q2,4,Apr,2022-04,Tuesday,1,False,Phone Grip Stand,Electronics,Asia Pacific,8.67,4.88,56.29
2022-04-13,2022,2022Q2,4,Apr,2022-04,Wednesday,2,False,Foldable Camping Chair,Sports & Outdoors,Asia Pacific,56.82,18.57,32.68
2022-04-13,2022,2022Q2,4,Apr,2022-04,Wednesday,2,False,Sunscreen SPF50 Tube,Sports & Outdoors,Europe,33.17,16.01,48.27
2022-04-13,2022,2022Q2,4,Apr,2022-04,Wednesday,2,False,Sticky Notes Pad,Office Supplies,North America,8.5,4.17,49.06
2022-04-14,2022,2022Q2,4,Apr,2022-04,Thursday,3,False,Bluetooth Speaker Mini,Electronics,Asia Pacific,39.13,13.55,34.63
2022-04-14,2022,2022Q2,4,Apr,2022-04,Thursday,3,False,Wireless Keyboard,Office Supplies,Africa,25.76,8.68,33.7
2022-04-14,2022,2022Q2,4,Apr,2022-04,Thursday,3,False,Casual Button-Down Shirt,Clothing,Europe,150.0,83.4,55.6
2022-04-15,2022,2022Q2,4,Apr,2022-04,Friday,4,False,Lip Balm Set,Beauty & Personal Care,Africa,19.13,9.31,48.67
2022-04-15,2022,2022Q2,4,Apr,2022-04,Friday,4,False,Energy Drink 6-Pack,Food & Beverages,Asia Pacific,11.04,5.03,45.56
2022-04-15,2022,2022Q2,4,Apr,2022-04,Friday,4,False,Energy Drink 6-Pack,Food & Beverages,North America,32.97,14.57,44.19
2022-04-16,2022,2022Q2,4,Apr,2022-04,Saturday,5,True,Gourmet Coffee Beans 1lb,Food & Beverages,Asia Pacific,34.26,12.68,37.01
2022-04-16,2022,2022Q2,4,Apr,2022-04,Saturday,5,True,Scented Candle Set,Home & Garden,Asia Pacific,45.86,21.33,46.51
2022-04-16,2022,2022Q2,4,Apr,2022-04,Saturday,5,True,Denim Jeans Regular Fit,Clothing,Middle East,209.9,86.2,41.07
2022-04-16,2022,2022Q2,4,Apr,2022-04,Saturday,5,True,Lip Balm Set,Beauty & Personal Care,Asia Pacific,41.78,19.38,46.39
2022-04-17,2022,2022Q2,4,Apr,2022-04,Sunday,6,True,Gourmet Coffee Beans 1lb,Food & Beverages,North America,133.49,48.93,36.65
2022-04-17,2022,2022Q2,4,Apr,2022-04,Sunday,6,True,Throw Pillow Cover,Home & Garden,North America,63.37,31.66,49.96
2022-04-17,2022,2022Q2,4,Apr,2022-04,Sunday,6,True,Dark Chocolate Bar,Food & Beverages,Latin America,4.62,1.85,40.04
2022-04-17,2022,2022Q2,4,Apr,2022-04,Sunday,6,True,Wall Decor Frame,Home & Garden,Asia Pacific,53.76,22.12,41.15
2022-04-17,2022,2022Q2,4,Apr,2022-04,Sunday,6,True,Ballpoint Pen Box of 12,Office Supplies,Europe,21.69,12.08,55.69
2022-04-18,2022,2022Q2,4,Apr,2022-04,Monday,0,False,Laptop Stand Adjustable,Electronics,North America,52.13,18.6,35.68
2022-04-19,2022,2022Q2,4,Apr,2022-04,Tuesday,1,False,Wall Decor Frame,Home & Garden,Asia Pacific,59.37,25.37,42.73
2022-04-20,2022,2022Q2,4,Apr,2022-04,Wednesday,2,False,Bath Soap Pack,Beauty & Personal Care,Latin America,20.32,11.72,57.68
2022-04-20,2022,2022Q2,4,Apr,2022-04,Wednesday,2,False,Running Sneakers,Clothing,Latin America,53.55,18.08,33.76
2022-04-21,2022,2022Q2,4,Apr,2022-04,Thursday,3,False,Portable Power Bank 10000mAh,Electronics,Latin America,27.18,8.82,32.45
2022-04-22,2022,2022Q2,4,Apr,2022-04,Friday,4,False,Sticky Notes Pad,Office Supplies,Middle East,21.2,12.27,57.88
2022-04-22,2022,2022Q2,4,Apr,2022-04,Friday,4,False,Running Sneakers,Clothing,Asia Pacific,270.51,107.41,39.71
2022-04-23,2022,2022Q2,4,Apr,2022-04,Saturday,5,True,Scented Candle Set,Home & Garden,Asia Pacific,22.16,10.84,48.92
2022-04-23,2022,2022Q2,4,Apr,2022-04,Saturday,5,True,Hand Cream Tube,Beauty & Personal Care,Africa,8.66,4.28,49.42
2022-04-23,2022,2022Q2,4,Apr,2022-04,Saturday,5,True,Hair Shampoo 300ml,Beauty & Personal Care,Asia Pacific,24.9,9.75,39.16
2022-04-23,2022,2022Q2,4,Apr,2022-04,Saturday,5,True,Indoor Planter Pot,Home & Garden,North America,49.47,17.19,34.75
2022-04-23,2022,2022Q2,4,Apr,2022-04,Saturday,5,True,Gourmet Coffee Beans 1lb,Food & Beverages,Africa,7.94,3.05,38.41
2022-04-24,2022,2022Q2,4,Apr,2022-04,Sunday,6,True,LED Desk Lamp,Home & Garden,Latin America,33.32,10.14,30.43
2022-04-24,2022,2022Q2,4,Apr,2022-04,Sunday,6,True,Energy Drink 6-Pack,Food & Beverages,Latin America,7.11,3.6,50.63
2022-04-24,2022,2022Q2,4,Apr,2022-04,Sunday,6,True,Bath Soap Pack,Beauty & Personal Care,Asia Pacific,15.22,8.53,56.04
2022-04-25,2022,2022Q2,4,Apr,2022-04,Monday,0,False,LED Desk Lamp,Home & Garden,Africa,19.5,5.83,29.9
2022-04-26,2022,2022Q2,4,Apr,2022-04,Tuesday,1,False,Throw Pillow Cover,Home & Garden,Asia Pacific,18.42,9.65,52.39
2022-04-26,2022,2022Q2,4,Apr,2022-04,Tuesday,1,False,Casual Button-Down Shirt,Clothing,North America,289.99,159.98,55.17
2022-04-27,2022,2022Q2,4,Apr,2022-04,Wednesday,2,False,Classic Cotton T-Shirt,Clothing,Asia Pacific,45.09,22.9,50.79
2022-04-27,2022,2022Q2,4,Apr,2022-04,Wednesday,2,False,Wool Blend Sweater,Clothing,Middle East,198.75,77.15,38.82
2022-04-27,2022,2022Q2,4,Apr,2022-04,Wednesday,2,False,Classic Cotton T-Shirt,Clothing,Asia Pacific,25.96,14.19,54.66
2022-04-27,2022,2022Q2,4,Apr,2022-04,Wednesday,2,False,Classic Cotton T-Shirt,Clothing,Asia Pacific,25.9,12.75,49.23
2022-04-28,2022,2022Q2,4,Apr,2022-04,Thursday,3,False,Yoga Mat Premium,Sports & Outdoors,Middle East,35.77,14.72,41.15
2022-04-28,2022,2022Q2,4,Apr,2022-04,Thursday,3,False,Mixed Nuts Pack,Food & Beverages,North America,70.88,35.99,50.78
2022-04-29,2022,2022Q2,4,Apr,2022-04,Friday,4,False,Scented Candle Set,Home & Garden,North America,40.31,16.93,42.0
2022-04-29,2022,2022Q2,4,Apr,2022-04,Friday,4,False,Denim Jeans Regular Fit,Clothing,North America,80.93,34.22,42.28
2022-04-30,2022,2022Q2,4,Apr,2022-04,Saturday,5,True,Classic Cotton T-Shirt,Clothing,Latin America,15.1,7.76,51.39
2022-05-01,2022,2022Q2,5,May,2022-05,Sunday,6,True,Casual Button-Down Shirt,Clothing,Asia Pacific,39.24,18.6,47.4
2022-05-01,2022,2022Q2,5,May,2022-05,Sunday,6,True,Running Sneakers,Clothing,Asia Pacific,355.3,151.46,42.63
2022-05-02,2022,2022Q2,5,May,2022-05,Monday,0,False,Resistance Bands Set,Sports & Outdoors,Latin America,11.7,5.16,44.1
2022-05-02,2022,2022Q2,5,May,2022-05,Monday,0,False,Wireless Bluetooth Headphones,Electronics,Europe,110.75,43.08,38.9
2022-05-02,2022,2022Q2,5,May,2022-05,Monday,0,False,Winter Jacket Premium,Clothing,Latin America,423.42,142.99,33.77
2022-05-02,2022,2022Q2,5,May,2022-05,Monday,0,False,Sticky Notes Pad,Office Supplies,Africa,2.82,1.32,46.81
2022-05-03,2022,2022Q2,5,May,2022-05,Tuesday,1,False,Winter Jacket Premium,Clothing,Asia Pacific,379.14,116.9,30.83
2022-05-04,2022,2022Q2,5,May,2022-05,Wednesday,2,False,Running Sneakers,Clothing,Europe,462.59,156.95,33.93
2022-05-04,2022,2022Q2,5,May,2022-05,Wednesday,2,False,Sparkling Water 12-Pack,Food & Beverages,Europe,48.44,27.66,57.1
2022-05-05,2022,2022Q2,5,May,2022-05,Thursday,3,False,Portable Power Bank 10000mAh,Electronics,Asia Pacific,115.29,38.47,33.37
2022-05-05,2022,2022Q2,5,May,2022-05,Thursday,3,False,Sparkling Water 12-Pack,Food & Beverages,North America,15.14,8.33,55.02
2022-05-06,2022,2022Q2,5,May,2022-05,Friday,4,False,Energy Drink 6-Pack,Food & Beverages,Africa,11.33,5.36,47.31
2022-05-06,2022,2022Q2,5,May,2022-05,Friday,4,False,Yoga Mat Premium,Sports & Outdoors,Asia Pacific,41.04,20.98,51.12
2022-05-07,2022,2022Q2,5,May,2022-05,Saturday,5,True,Dark Chocolate Bar,Food & Beverages,Asia Pacific,20.54,8.72,42.45
2022-05-07,2022,2022Q2,5,May,2022-05,Saturday,5,True,Classic Cotton T-Shirt,Clothing,North America,140.1,78.15,55.78
2022-05-07,2022,2022Q2,5,May,2022-05,Saturday,5,True,Organic Green Tea Box,Food & Beverages,Europe,38.8,16.39,42.24
2022-05-08,2022,2022Q2,5,May,2022-05,Sunday,6,True,Laptop Stand Adjustable,Electronics,Europe,49.37,21.18,42.9
2022-05-09,2022,2022Q2,5,May,2022-05,Monday,0,False,Resistance Bands Set,Sports & Outdoors,North America,85.48,41.36,48.39
2022-05-09,2022,2022Q2,5,May,2022-05,Monday,0,False,Kitchen Herb Garden,Home & Garden,Europe,76.59,28.94,37.79
2022-05-09,2022,2022Q2,5,May,2022-05,Monday,0,False,Phone Grip Stand,Electronics,Europe,12.42,5.32,42.83
2022-05-09,2022,2022Q2,5,May,2022-05,Monday,0,False,Face Moisturizer Cream,Beauty & Personal Care,Middle East,21.14,11.56,54.68
2022-05-10,2022,2022Q2,5,May,2022-05,Tuesday,1,False,Wall Decor Frame,Home & Garden,Europe,81.99,32.92,40.15
2022-05-10,2022,2022Q2,5,May,2022-05,Tuesday,1,False,Wireless Bluetooth Headphones,Electronics,North America,237.11,80.48,33.94
2022-05-10,2022,2022Q2,5,May,2022-05,Tuesday,1,False,Mechanical Pencil Set,Office Supplies,North America,37.41,19.92,53.25
2022-05-11,2022,2022Q2,5,May,2022-05,Wednesday,2,False,Yoga Mat Premium,Sports & Outdoors,Latin America,29.48,13.15,44.61
2022-05-11,2022,2022Q2,5,May,2022-05,Wednesday,2,False,Face Moisturizer Cream,Beauty & Personal Care,Europe,143.02,59.7,41.74
2022-05-12,2022,2022Q2,5,May,2022-05,Thursday,3,False,Portable Power Bank 10000mAh,Electronics,Africa,35.88,12.79,35.65
2022-05-12,2022,2022Q2,5,May,2022-05,Thursday,3,False,Winter Jacket Premium,Clothing,Latin America,122.22,37.29,30.51
2022-05-13,2022,2022Q2,5,May,2022-05,Friday,4,False,Mechanical Pencil Set,Office Supplies,Europe,32.86,15.96,48.57
2022-05-13,2022,2022Q2,5,May,2022-05,Friday,4,False,Resistance Bands Set,Sports & Outdoors,North America,59.71,33.76,56.54
2022-05-13,2022,2022Q2,5,May,2022-05,Friday,4,False,Smart Watch Basic,Electronics,Africa,65.73,21.01,31.96
2022-05-13,2022,2022Q2,5,May,2022-05,Friday,4,False,Mixed Nuts Pack,Food & Beverages,Africa,5.8,2.71,46.72
2022-05-14,2022,2022Q2,5,May,2022-05,Saturday,5,True,Kitchen Herb Garden,Home & Garden,Latin America,93.4,35.37,37.87
2022-05-14,2022,2022Q2,5,May,2022-05,Saturday,5,True,Gourmet Coffee Beans 1lb,Food & Beverages,Asia Pacific,17.4,6.44,37.01
2022-05-14,2022,2022Q2,5,May,2022-05,Saturday,5,True,Smart Watch Basic,Electronics,North America,504.46,148.82,29.5
2022-05-14,2022,2022Q2,5,May,2022-05,Saturday,5,True,Classic Cotton T-Shirt,Clothing,Asia Pacific,50.97,31.97,62.72
2022-05-14,2022,2022Q2,5,May,2022-05,Saturday,5,True,Yoga Mat Premium,Sports & Outdoors,Middle East,35.52,14.31,40.29
2022-05-14,2022,2022Q2,5,May,2022-05,Saturday,5,True,Sunscreen SPF50 Tube,Sports & Outdoors,North America,22.92,9.76,42.58
2022-05-16,2022,2022Q2,5,May,2022-05,Monday,0,False,Winter Jacket Premium,Clothing,Latin America,565.69,163.35,28.88
2022-05-16,2022,2022Q2,5,May,2022-05,Monday,0,False,Laptop Stand Adjustable,Electronics,Europe,43.85,17.79,40.57
2022-05-17,2022,2022Q2,5,May,2022-05,Tuesday,1,False,Wall Decor Frame,Home & Garden,Asia Pacific,27.46,11.83,43.08
2022-05-17,2022,2022Q2,5,May,2022-05,Tuesday,1,False,Wireless Mouse,Electronics,Africa,13.37,6.12,45.77
2022-05-18,2022,2022Q2,5,May,2022-05,Wednesday,2,False,Water Bottle Stainless Steel,Sports & Outdoors,North America,130.47,60.42,46.31
2022-05-18,2022,2022Q2,5,May,2022-05,Wednesday,2,False,Bluetooth Speaker Mini,Electronics,North America,75.77,23.47,30.98
2022-05-18,2022,2022Q2,5,May,2022-05,Wednesday,2,False,Bluetooth Speaker Mini,Electronics,Europe,61.03,21.55,35.31
2022-05-19,2022,2022Q2,5,May,2022-05,Thursday,3,False,Portable Power Bank 10000mAh,Electronics,Asia Pacific,78.83,25.27,32.06
2022-05-19,2022,2022Q2,5,May,2022-05,Thursday,3,False,Bath Soap Pack,Beauty & Personal Care,Africa,3.58,1.89,52.79
2022-05-20,2022,2022Q2,5,May,2022-05,Friday,4,False,Dark Chocolate Bar,Food & Beverages,North America,20.62,9.5,46.07
2022-05-20,2022,2022Q2,5,May,2022-05,Friday,4,False,Laptop Stand Adjustable,Electronics,Middle East,27.53,9.77,35.49
2022-05-20,2022,2022Q2,5,May,2022-05,Friday,4,False,Classic Cotton T-Shirt,Clothing,North America,72.08,40.99,56.87
2022-05-21,2022,2022Q2,5,May,2022-05,Saturday,5,True,Indoor Planter Pot,Home & Garden,Latin America,43.83,15.51,35.39
2022-05-22,2022,2022Q2,5,May,2022-05,Sunday,6,True,Energy Drink 6-Pack,Food & Beverages,North America,18.54,9.42,50.81
2022-05-23,2022,2022Q2,5,May,2022-05,Monday,0,False,Energy Drink 6-Pack,Food & Beverages,North America,73.25,35.84,48.93
2022-05-24,2022,2022Q2,5,May,2022-05,Tuesday,1,False,Sunscreen SPF50 Tube,Sports & Outdoors,Europe,17.83,8.44,47.34
2022-05-24,2022,2022Q2,5,May,2022-05,Tuesday,1,False,Sparkling Water 12-Pack,Food & Beverages,Asia Pacific,8.77,4.26,48.57
2022-05-24,2022,2022Q2,5,May,2022-05,Tuesday,1,False,Indoor Planter Pot,Home & Garden,Latin America,20.41,7.04,34.49
2022-05-26,2022,2022Q2,5,May,2022-05,Thursday,3,False,Denim Jeans Regular Fit,Clothing,Latin America,73.28,34.41,46.96
2022-05-26,2022,2022Q2,5,May,2022-05,Thursday,3,False,Dark Chocolate Bar,Food & Beverages,Middle East,4.98,2.07,41.57
2022-05-26,2022,2022Q2,5,May,2022-05,Thursday,3,False,Sparkling Water 12-Pack,Food & Beverages,North America,12.89,7.62,59.12
2022-05-26,2022,2022Q2,5,May,2022-05,Thursday,3,False,Yoga Mat Premium,Sports & Outdoors,Asia Pacific,131.69,61.77,46.91
2022-05-27,2022,2022Q2,5,May,2022-05,Friday,4,False,Classic Cotton T-Shirt,Clothing,North America,158.34,92.41,58.36
2022-05-28,2022,2022Q2,5,May,2022-05,Saturday,5,True,Smart Watch Basic,Electronics,North America,717.56,203.75,28.39
2022-05-28,2022,2022Q2,5,May,2022-05,Saturday,5,True,Phone Grip Stand,Electronics,Asia Pacific,10.61,5.97,56.27
2022-05-29,2022,2022Q2,5,May,2022-05,Sunday,6,True,Hand Cream Tube,Beauty & Personal Care,Middle East,8.22,4.57,55.6
2022-05-29,2022,2022Q2,5,May,2022-05,Sunday,6,True,Indoor Planter Pot,Home & Garden,Europe,120.71,51.69,42.82
2022-05-29,2022,2022Q2,5,May,2022-05,Sunday,6,True,Bath Soap Pack,Beauty & Personal Care,Middle East,6.12,3.86,63.07
2022-05-29,2022,2022Q2,5,May,2022-05,Sunday,6,True,Energy Drink 6-Pack,Food & Beverages,Asia Pacific,10.95,5.16,47.12
2022-05-29,2022,2022Q2,5,May,2022-05,Sunday,6,True,Wireless Keyboard,Office Supplies,North America,87.35,28.66,32.81
2022-05-29,2022,2022Q2,5,May,2022-05,Sunday,6,True,Bath Soap Pack,Beauty & Personal Care,North America,13.01,7.94,61.03
2022-05-29,2022,2022Q2,5,May,2022-05,Sunday,6,True,Throw Pillow Cover,Home & Garden,North America,28.33,14.38,50.76
2022-05-30,2022,2022Q2,5,May,2022-05,Monday,0,False,Throw Pillow Cover,Home & Garden,Latin America,14.49,5.96,41.13
2022-05-30,2022,2022Q2,5,May,2022-05,Monday,0,False,Energy Drink 6-Pack,Food & Beverages,Europe,17.01,8.89,52.26
2022-05-31,2022,2022Q2,5,May,2022-05,Tuesday,1,False,Sparkling Water 12-Pack,Food & Beverages,Africa,11.0,5.46,49.64
2022-05-31,2022,2022Q2,5,May,2022-05,Tuesday,1,False,Scented Candle Set,Home & Garden,Asia Pacific,46.61,18.74,40.21
2022-06-01,2022,2022Q2,6,Jun,2022-06,Wednesday,2,False,Wall Decor Frame,Home & Garden,Europe,184.87,87.79,47.49
2022-06-03,2022,2022Q2,6,Jun,2022-06,Friday,4,False,Portable Power Bank 10000mAh,Electronics,North America,63.03,22.49,35.68
2022-06-03,2022,2022Q2,6,Jun,2022-06,Friday,4,False,Winter Jacket Premium,Clothing,North America,1678.48,544.55,32.44
2022-06-04,2022,2022Q2,6,Jun,2022-06,Saturday,5,True,Energy Drink 6-Pack,Food & Beverages,Europe,18.47,7.9,42.77
2022-06-04,2022,2022Q2,6,Jun,2022-06,Saturday,5,True,Classic Cotton T-Shirt,Clothing,Middle East,19.05,9.22,48.4
2022-06-04,2022,2022Q2,6,Jun,2022-06,Saturday,5,True,Lip Balm Set,Beauty & Personal Care,Latin America,10.62,5.85,55.08
2022-06-05,2022,2022Q2,6,Jun,2022-06,Sunday,6,True,Ballpoint Pen Box of 12,Office Supplies,Latin America,13.05,5.84,44.75
2022-06-05,2022,2022Q2,6,Jun,2022-06,Sunday,6,True,Foldable Camping Chair,Sports & Outdoors,Asia Pacific,310.89,106.88,34.38
2022-06-05,2022,2022Q2,6,Jun,2022-06,Sunday,6,True,Mixed Nuts Pack,Food & Beverages,Europe,19.46,11.02,56.63
2022-06-06,2022,2022Q2,6,Jun,2022-06,Monday,0,False,Bluetooth Speaker Mini,Electronics,North America,71.78,25.42,35.41
2022-06-07,2022,2022Q2,6,Jun,2022-06,Tuesday,1,False,Kitchen Herb Garden,Home & Garden,Latin America,99.62,37.71,37.85
2022-06-07,2022,2022Q2,6,Jun,2022-06,Tuesday,1,False,Ballpoint Pen Box of 12,Office Supplies,Latin America,6.44,3.34,51.86
2022-06-08,2022,2022Q2,6,Jun,2022-06,Wednesday,2,False,Resistance Bands Set,Sports & Outdoors,North America,32.77,14.66,44.74
2022-06-09,2022,2022Q2,6,Jun,2022-06,Thursday,3,False,Organic Green Tea Box,Food & Beverages,North America,49.73,20.28,40.78
2022-06-10,2022,2022Q2,6,Jun,2022-06,Friday,4,False,Throw Pillow Cover,Home & Garden,North America,31.43,14.48,46.07
2022-06-10,2022,2022Q2,6,Jun,2022-06,Friday,4,False,Throw Pillow Cover,Home & Garden,North America,122.99,62.7,50.98
2022-06-10,2022,2022Q2,6,Jun,2022-06,Friday,4,False,Portable Power Bank 10000mAh,Electronics,North America,143.53,52.78,36.77
2022-06-11,2022,2022Q2,6,Jun,2022-06,Saturday,5,True,Resistance Bands Set,Sports & Outdoors,Europe,29.52,14.29,48.41
2022-06-11,2022,2022Q2,6,Jun,2022-06,Saturday,5,True,Throw Pillow Cover,Home & Garden,Latin America,15.13,6.82,45.08
2022-06-11,2022,2022Q2,6,Jun,2022-06,Saturday,5,True,Sparkling Water 12-Pack,Food & Beverages,Latin America,33.23,16.52,49.71
2022-06-12,2022,2022Q2,6,Jun,2022-06,Sunday,6,True,Lip Balm Set,Beauty & Personal Care,Latin America,10.22,5.87,57.44
2022-06-14,2022,2022Q2,6,Jun,2022-06,Tuesday,1,False,Wireless Keyboard,Office Supplies,North America,95.61,34.06,35.62
2022-06-14,2022,2022Q2,6,Jun,2022-06,Tuesday,1,False,LED Desk Lamp,Home & Garden,Africa,24.74,7.87,31.81
2022-06-14,2022,2022Q2,6,Jun,2022-06,Tuesday,1,False,Resistance Bands Set,Sports & Outdoors,North America,31.28,13.3,42.52
2022-06-14,2022,2022Q2,6,Jun,2022-06,Tuesday,1,False,Kitchen Herb Garden,Home & Garden,North America,99.44,34.01,34.2
2022-06-14,2022,2022Q2,6,Jun,2022-06,Tuesday,1,False,Throw Pillow Cover,Home & Garden,Europe,60.58,29.48,48.66
2022-06-14,2022,2022Q2,6,Jun,2022-06,Tuesday,1,False,Water Bottle Stainless Steel,Sports & Outdoors,North America,71.72,31.38,43.75
2022-06-15,2022,2022Q2,6,Jun,2022-06,Wednesday,2,False,Phone Grip Stand,Electronics,Europe,15.1,6.89,45.63
2022-06-15,2022,2022Q2,6,Jun,2022-06,Wednesday,2,False,Mechanical Pencil Set,Office Supplies,Middle East,10.98,5.69,51.82
2022-06-15,2022,2022Q2,6,Jun,2022-06,Wednesday,2,False,Desk Organizer Tray,Office Supplies,Latin America,69.49,24.76,35.63
2022-06-15,2022,2022Q2,6,Jun,2022-06,Wednesday,2,False,Mechanical Pencil Set,Office Supplies,Latin America,7.91,3.94,49.81
2022-06-15,2022,2022Q2,6,Jun,2022-06,Wednesday,2,False,Wall Decor Frame,Home & Garden,Europe,81.74,34.76,42.53
2022-06-17,2022,2022Q2,6,Jun,2022-06,Friday,4,False,USB-C Charging Cable,Electronics,Europe,18.48,7.61,41.18
2022-06-19,2022,2022Q2,6,Jun,2022-06,Sunday,6,True,Yoga Mat Premium,Sports & Outdoors,Europe,66.41,29.84,44.93
2022-06-19,2022,2022Q2,6,Jun,2022-06,Sunday,6,True,Classic Cotton T-Shirt,Clothing,Latin America,36.35,17.52,48.2
2022-06-19,2022,2022Q2,6,Jun,2022-06,Sunday,6,True,Ballpoint Pen Box of 12,Office Supplies,Europe,48.12,25.12,52.2
2022-06-20,2022,2022Q2,6,Jun,2022-06,Monday,0,False,Mechanical Pencil Set,Office Supplies,North America,56.54,28.39,50.21
2022-06-20,2022,2022Q2,6,Jun,2022-06,Monday,0,False,Yoga Mat Premium,Sports & Outdoors,North America,77.61,32.38,41.72
2022-06-21,2022,2022Q2,6,Jun,2022-06,Tuesday,1,False,Denim Jeans Regular Fit,Clothing,North America,273.21,148.22,54.25
2022-06-22,2022,2022Q2,6,Jun,2022-06,Wednesday,2,False,Smart Watch Basic,Electronics,Latin America,341.13,85.39,25.03
2022-06-22,2022,2022Q2,6,Jun,2022-06,Wednesday,2,False,Organic Green Tea Box,Food & Beverages,North America,22.95,8.54,37.21
2022-06-22,2022,2022Q2,6,Jun,2022-06,Wednesday,2,False,A4 Notebook Hardcover,Office Supplies,North America,24.0,11.28,47.0
2022-06-24,2022,2022Q2,6,Jun,2022-06,Friday,4,False,Organic Green Tea Box,Food & Beverages,Africa,6.88,2.76,40.12
2022-06-24,2022,2022Q2,6,Jun,2022-06,Friday,4,False,Casual Button-Down Shirt,Clothing,North America,138.84,82.29,59.27
2022-06-24,2022,2022Q2,6,Jun,2022-06,Friday,4,False,Sparkling Water 12-Pack,Food & Beverages,Latin America,12.19,6.27,51.44
2022-06-24,2022,2022Q2,6,Jun,2022-06,Friday,4,False,Wool Blend Sweater,Clothing,Africa,69.8,27.75,39.76
2022-06-24,2022,2022Q2,6,Jun,2022-06,Friday,4,False,Laptop Stand Adjustable,Electronics,North America,62.38,20.92,33.54
2022-06-25,2022,2022Q2,6,Jun,2022-06,Saturday,5,True,Sticky Notes Pad,Office Supplies,Middle East,9.57,5.5,57.47
2022-06-25,2022,2022Q2,6,Jun,2022-06,Saturday,5,True,Desk Organizer Tray,Office Supplies,Asia Pacific,57.0,24.63,43.21
2022-06-25,2022,2022Q2,6,Jun,2022-06,Saturday,5,True,Face Moisturizer Cream,Beauty & Personal Care,Middle East,90.95,49.79,54.74
2022-06-25,2022,2022Q2,6,Jun,2022-06,Saturday,5,True,Hand Cream Tube,Beauty & Personal Care,North America,17.11,9.18,53.65
2022-06-26,2022,2022Q2,6,Jun,2022-06,Sunday,6,True,Casual Button-Down Shirt,Clothing,Europe,59.65,34.49,57.82
2022-06-26,2022,2022Q2,6,Jun,2022-06,Sunday,6,True,Bath Soap Pack,Beauty & Personal Care,Europe,22.52,13.61,60.44
2022-06-26,2022,2022Q2,6,Jun,2022-06,Sunday,6,True,Wall Decor Frame,Home & Garden,Europe,194.78,87.11,44.72
2022-06-27,2022,2022Q2,6,Jun,2022-06,Monday,0,False,Hair Shampoo 300ml,Beauty & Personal Care,Europe,20.05,9.08,45.29
2022-06-27,2022,2022Q2,6,Jun,2022-06,Monday,0,False,Hand Cream Tube,Beauty & Personal Care,Latin America,7.43,3.39,45.63
2022-06-28,2022,2022Q2,6,Jun,2022-06,Tuesday,1,False,Dark Chocolate Bar,Food & Beverages,Latin America,4.68,2.0,42.74
2022-06-28,2022,2022Q2,6,Jun,2022-06,Tuesday,1,False,Phone Grip Stand,Electronics,North America,49.82,28.03,56.26
2022-06-28,2022,2022Q2,6,Jun,2022-06,Tuesday,1,False,Denim Jeans Regular Fit,Clothing,Europe,91.38,45.22,49.49
2022-06-28,2022,2022Q2,6,Jun,2022-06,Tuesday,1,False,Hair Shampoo 300ml,Beauty & Personal Care,Europe,55.15,25.96,47.07
2022-06-28,2022,2022Q2,6,Jun,2022-06,Tuesday,1,False,Face Moisturizer Cream,Beauty & Personal Care,North America,89.7,41.56,46.33
2022-06-29,2022,2022Q2,6,Jun,2022-06,Wednesday,2,False,Wool Blend Sweater,Clothing,Europe,207.52,92.03,44.35
2022-06-30,2022,2022Q2,6,Jun,2022-06,Thursday,3,False,Energy Drink 6-Pack,Food & Beverages,North America,41.44,18.79,45.34
2022-06-30,2022,2022Q2,6,Jun,2022-06,Thursday,3,False,Foldable Camping Chair,Sports & Outdoors,Middle East,196.05,58.49,29.83
2022-07-02,2022,2022Q3,7,Jul,2022-07,Saturday,5,True,Mixed Nuts Pack,Food & Beverages,North America,23.78,13.46,56.6
2022-07-02,2022,2022Q3,7,Jul,2022-07,Saturday,5,True,Winter Jacket Premium,Clothing,Asia Pacific,224.2,67.4,30.06
2022-07-03,2022,2022Q3,7,Jul,2022-07,Sunday,6,True,Yoga Mat Premium,Sports & Outdoors,Europe,65.42,29.86,45.64
2022-07-03,2022,2022Q3,7,Jul,2022-07,Sunday,6,True,Indoor Planter Pot,Home & Garden,North America,62.01,26.13,42.14
2022-07-04,2022,2022Q3,7,Jul,2022-07,Monday,0,False,Desk Organizer Tray,Office Supplies,Latin America,20.39,9.12,44.73
2022-07-04,2022,2022Q3,7,Jul,2022-07,Monday,0,False,Smart Watch Basic,Electronics,Europe,420.65,120.97,28.76
2022-07-06,2022,2022Q3,7,Jul,2022-07,Wednesday,2,False,Portable Power Bank 10000mAh,Electronics,Latin America,27.65,9.87,35.7
2022-07-06,2022,2022Q3,7,Jul,2022-07,Wednesday,2,False,Resistance Bands Set,Sports & Outdoors,Asia Pacific,59.0,33.42,56.64
2022-07-06,2022,2022Q3,7,Jul,2022-07,Wednesday,2,False,Dark Chocolate Bar,Food & Beverages,Asia Pacific,8.46,3.35,39.6
2022-07-06,2022,2022Q3,7,Jul,2022-07,Wednesday,2,False,Hand Cream Tube,Beauty & Personal Care,Middle East,8.21,4.85,59.07
2022-07-07,2022,2022Q3,7,Jul,2022-07,Thursday,3,False,Energy Drink 6-Pack,Food & Beverages,North America,19.02,9.05,47.58
2022-07-07,2022,2022Q3,7,Jul,2022-07,Thursday,3,False,USB-C Charging Cable,Electronics,Asia Pacific,15.5,6.08,39.23
2022-07-07,2022,2022Q3,7,Jul,2022-07,Thursday,3,False,Bath Soap Pack,Beauty & Personal Care,Middle East,22.42,12.75,56.87
2022-07-08,2022,2022Q3,7,Jul,2022-07,Friday,4,False,Throw Pillow Cover,Home & Garden,Asia Pacific,72.41,29.64,40.93
2022-07-09,2022,2022Q3,7,Jul,2022-07,Saturday,5,True,Yoga Mat Premium,Sports & Outdoors,North America,77.58,38.24,49.29
2022-07-09,2022,2022Q3,7,Jul,2022-07,Saturday,5,True,Foldable Camping Chair,Sports & Outdoors,Latin America,38.18,12.1,31.69
2022-07-09,2022,2022Q3,7,Jul,2022-07,Saturday,5,True,Casual Button-Down Shirt,Clothing,Middle East,37.83,21.08,55.72
2022-07-10,2022,2022Q3,7,Jul,2022-07,Sunday,6,True,Wireless Keyboard,Office Supplies,Latin America,43.13,12.83,29.75
2022-07-10,2022,2022Q3,7,Jul,2022-07,Sunday,6,True,Running Sneakers,Clothing,North America,344.87,120.56,34.96
2022-07-10,2022,2022Q3,7,Jul,2022-07,Sunday,6,True,Organic Green Tea Box,Food & Beverages,Europe,63.62,25.6,40.24
2022-07-11,2022,2022Q3,7,Jul,2022-07,Monday,0,False,Ballpoint Pen Box of 12,Office Supplies,Latin America,6.51,2.89,44.39
2022-07-11,2022,2022Q3,7,Jul,2022-07,Monday,0,False,Mixed Nuts Pack,Food & Beverages,Europe,21.06,11.7,55.56
2022-07-11,2022,2022Q3,7,Jul,2022-07,Monday,0,False,Gourmet Coffee Beans 1lb,Food & Beverages,North America,102.31,39.9,39.0
2022-07-12,2022,2022Q3,7,Jul,2022-07,Tuesday,1,False,Casual Button-Down Shirt,Clothing,North America,138.71,75.76,54.62
2022-07-12,2022,2022Q3,7,Jul,2022-07,Tuesday,1,False,Mechanical Pencil Set,Office Supplies,Europe,18.73,9.33,49.81
2022-07-13,2022,2022Q3,7,Jul,2022-07,Wednesday,2,False,Smart Watch Basic,Electronics,Asia Pacific,534.25,162.54,30.42
2022-07-13,2022,2022Q3,7,Jul,2022-07,Wednesday,2,False,Phone Grip Stand,Electronics,Asia Pacific,21.49,11.61,54.03
2022-07-13,2022,2022Q3,7,Jul,2022-07,Wednesday,2,False,Throw Pillow Cover,Home & Garden,Europe,29.72,16.01,53.87
2022-07-14,2022,2022Q3,7,Jul,2022-07,Thursday,3,False,Foldable Camping Chair,Sports & Outdoors,Europe,226.75,81.8,36.07
2022-07-14,2022,2022Q3,7,Jul,2022-07,Thursday,3,False,Water Bottle Stainless Steel,Sports & Outdoors,Europe,35.75,15.84,44.31
2022-07-15,2022,2022Q3,7,Jul,2022-07,Friday,4,False,USB-C Charging Cable,Electronics,Africa,6.56,2.74,41.77
2022-07-15,2022,2022Q3,7,Jul,2022-07,Friday,4,False,Hand Cream Tube,Beauty & Personal Care,Asia Pacific,36.26,17.96,49.53
2022-07-15,2022,2022Q3,7,Jul,2022-07,Friday,4,False,Indoor Planter Pot,Home & Garden,Europe,51.13,19.13,37.41
2022-07-15,2022,2022Q3,7,Jul,2022-07,Friday,4,False,Resistance Bands Set,Sports & Outdoors,Latin America,12.94,6.77,52.32
2022-07-16,2022,2022Q3,7,Jul,2022-07,Saturday,5,True,Wool Blend Sweater,Clothing,Europe,114.49,50.65,44.24
2022-07-17,2022,2022Q3,7,Jul,2022-07,Sunday,6,True,Running Sneakers,Clothing,Africa,87.02,29.49,33.89
2022-07-17,2022,2022Q3,7,Jul,2022-07,Sunday,6,True,Ballpoint Pen Box of 12,Office Supplies,Europe,40.8,22.42,54.95
2022-07-17,2022,2022Q3,7,Jul,2022-07,Sunday,6,True,Sparkling Water 12-Pack,Food & Beverages,Europe,61.89,33.99,54.92
2022-07-17,2022,2022Q3,7,Jul,2022-07,Sunday,6,True,Running Sneakers,Clothing,Asia Pacific,92.75,37.07,39.97
2022-07-18,2022,2022Q3,7,Jul,2022-07,Monday,0,False,Casual Button-Down Shirt,Clothing,Asia Pacific,40.78,23.88,58.56
2022-07-18,2022,2022Q3,7,Jul,2022-07,Monday,0,False,Gourmet Coffee Beans 1lb,Food & Beverages,North America,107.18,42.12,39.3
2022-07-19,2022,2022Q3,7,Jul,2022-07,Tuesday,1,False,Energy Drink 6-Pack,Food & Beverages,Asia Pacific,28.68,12.78,44.56
2022-07-20,2022,2022Q3,7,Jul,2022-07,Wednesday,2,False,Desk Organizer Tray,Office Supplies,Latin America,38.36,15.22,39.68
2022-07-21,2022,2022Q3,7,Jul,2022-07,Thursday,3,False,Desk Organizer Tray,Office Supplies,Middle East,20.24,7.02,34.68
2022-07-21,2022,2022Q3,7,Jul,2022-07,Thursday,3,False,Bath Soap Pack,Beauty & Personal Care,Europe,57.5,32.57,56.64
2022-07-21,2022,2022Q3,7,Jul,2022-07,Thursday,3,False,Hand Cream Tube,Beauty & Personal Care,Asia Pacific,11.9,5.43,45.63
2022-07-21,2022,2022Q3,7,Jul,2022-07,Thursday,3,False,Wall Decor Frame,Home & Garden,North America,242.12,98.75,40.79
2022-07-22,2022,2022Q3,7,Jul,2022-07,Friday,4,False,Indoor Planter Pot,Home & Garden,North America,52.09,21.14,40.58
2022-07-23,2022,2022Q3,7,Jul,2022-07,Saturday,5,True,Foldable Camping Chair,Sports & Outdoors,Asia Pacific,301.5,101.73,33.74
2022-07-23,2022,2022Q3,7,Jul,2022-07,Saturday,5,True,Kitchen Herb Garden,Home & Garden,North America,89.85,41.0,45.63
2022-07-23,2022,2022Q3,7,Jul,2022-07,Saturday,5,True,Sunscreen SPF50 Tube,Sports & Outdoors,North America,47.75,24.6,51.52
2022-07-23,2022,2022Q3,7,Jul,2022-07,Saturday,5,True,Sunscreen SPF50 Tube,Sports & Outdoors,Asia Pacific,17.01,8.59,50.5
2022-07-24,2022,2022Q3,7,Jul,2022-07,Sunday,6,True,Face Moisturizer Cream,Beauty & Personal Care,North America,54.85,22.67,41.33
2022-07-24,2022,2022Q3,7,Jul,2022-07,Sunday,6,True,Water Bottle Stainless Steel,Sports & Outdoors,Europe,36.92,13.4,36.29
2022-07-26,2022,2022Q3,7,Jul,2022-07,Tuesday,1,False,Yoga Mat Premium,Sports & Outdoors,Latin America,33.08,14.9,45.04
2022-07-26,2022,2022Q3,7,Jul,2022-07,Tuesday,1,False,Sparkling Water 12-Pack,Food & Beverages,Asia Pacific,11.0,5.57,50.64
2022-07-26,2022,2022Q3,7,Jul,2022-07,Tuesday,1,False,Ballpoint Pen Box of 12,Office Supplies,Europe,28.78,12.8,44.48
2022-07-28,2022,2022Q3,7,Jul,2022-07,Thursday,3,False,Mechanical Pencil Set,Office Supplies,Asia Pacific,13.7,7.52,54.89
2022-07-28,2022,2022Q3,7,Jul,2022-07,Thursday,3,False,Wool Blend Sweater,Clothing,Asia Pacific,75.1,38.85,51.73
2022-07-28,2022,2022Q3,7,Jul,2022-07,Thursday,3,False,Throw Pillow Cover,Home & Garden,North America,36.95,15.88,42.98
2022-07-28,2022,2022Q3,7,Jul,2022-07,Thursday,3,False,Mechanical Pencil Set,Office Supplies,North America,103.41,53.75,51.98
2022-07-28,2022,2022Q3,7,Jul,2022-07,Thursday,3,False,Bath Soap Pack,Beauty & Personal Care,Latin America,5.68,2.69,47.36
2022-07-29,2022,2022Q3,7,Jul,2022-07,Friday,4,False,Wall Decor Frame,Home & Garden,Latin America,83.42,35.01,41.97
2022-07-29,2022,2022Q3,7,Jul,2022-07,Friday,4,False,Laptop Stand Adjustable,Electronics,Asia Pacific,86.17,28.5,33.07
2022-07-30,2022,2022Q3,7,Jul,2022-07,Saturday,5,True,Bluetooth Speaker Mini,Electronics,Middle East,80.47,30.08,37.38
2022-07-30,2022,2022Q3,7,Jul,2022-07,Saturday,5,True,Phone Grip Stand,Electronics,North America,33.45,17.43,52.11
2022-07-31,2022,2022Q3,7,Jul,2022-07,Sunday,6,True,Wireless Mouse,Electronics,Middle East,84.59,33.84,40.0
2022-07-31,2022,2022Q3,7,Jul,2022-07,Sunday,6,True,Energy Drink 6-Pack,Food & Beverages,North America,21.94,12.01,54.74
2022-07-31,2022,2022Q3,7,Jul,2022-07,Sunday,6,True,Mechanical Pencil Set,Office Supplies,Middle East,10.17,5.83,57.33
2022-08-01,2022,2022Q3,8,Aug,2022-08,Monday,0,False,Desk Organizer Tray,Office Supplies,Latin America,17.85,7.14,40.0
2022-08-01,2022,2022Q3,8,Aug,2022-08,Monday,0,False,Scented Candle Set,Home & Garden,Asia Pacific,25.25,11.07,43.84
2022-08-02,2022,2022Q3,8,Aug,2022-08,Tuesday,1,False,Sparkling Water 12-Pack,Food & Beverages,Asia Pacific,8.45,4.39,51.95
2022-08-02,2022,2022Q3,8,Aug,2022-08,Tuesday,1,False,Wireless Mouse,Electronics,North America,195.9,74.4,37.98
2022-08-02,2022,2022Q3,8,Aug,2022-08,Tuesday,1,False,Smart Watch Basic,Electronics,Europe,205.85,49.78,24.18
2022-08-02,2022,2022Q3,8,Aug,2022-08,Tuesday,1,False,Classic Cotton T-Shirt,Clothing,Latin America,37.17,23.13,62.23
2022-08-02,2022,2022Q3,8,Aug,2022-08,Tuesday,1,False,Dark Chocolate Bar,Food & Beverages,Middle East,5.18,2.38,45.95
2022-08-03,2022,2022Q3,8,Aug,2022-08,Wednesday,2,False,USB-C Charging Cable,Electronics,North America,21.96,8.7,39.62
2022-08-03,2022,2022Q3,8,Aug,2022-08,Wednesday,2,False,Throw Pillow Cover,Home & Garden,Europe,81.67,43.55,53.32
2022-08-03,2022,2022Q3,8,Aug,2022-08,Wednesday,2,False,Sparkling Water 12-Pack,Food & Beverages,Europe,36.1,18.59,51.5
2022-08-03,2022,2022Q3,8,Aug,2022-08,Wednesday,2,False,Wireless Keyboard,Office Supplies,Asia Pacific,121.58,42.04,34.58
2022-08-04,2022,2022Q3,8,Aug,2022-08,Thursday,3,False,Organic Green Tea Box,Food & Beverages,Middle East,25.38,11.38,44.84
2022-08-05,2022,2022Q3,8,Aug,2022-08,Friday,4,False,Smart Watch Basic,Electronics,Latin America,200.74,59.08,29.43
2022-08-05,2022,2022Q3,8,Aug,2022-08,Friday,4,False,Throw Pillow Cover,Home & Garden,North America,61.19,33.26,54.36
2022-08-05,2022,2022Q3,8,Aug,2022-08,Friday,4,False,Ballpoint Pen Box of 12,Office Supplies,Middle East,7.9,4.31,54.56
2022-08-05,2022,2022Q3,8,Aug,2022-08,Friday,4,False,Scented Candle Set,Home & Garden,Asia Pacific,26.94,12.06,44.77
2022-08-06,2022,2022Q3,8,Aug,2022-08,Saturday,5,True,LED Desk Lamp,Home & Garden,Asia Pacific,49.44,16.39,33.15
2022-08-06,2022,2022Q3,8,Aug,2022-08,Saturday,5,True,Organic Green Tea Box,Food & Beverages,Asia Pacific,66.33,29.33,44.22
2022-08-07,2022,2022Q3,8,Aug,2022-08,Sunday,6,True,Wall Decor Frame,Home & Garden,Europe,133.54,52.72,39.48
2022-08-08,2022,2022Q3,8,Aug,2022-08,Monday,0,False,A4 Notebook Hardcover,Office Supplies,Asia Pacific,42.08,19.53,46.41
2022-08-08,2022,2022Q3,8,Aug,2022-08,Monday,0,False,Ballpoint Pen Box of 12,Office Supplies,Asia Pacific,17.35,9.38,54.06
2022-08-08,2022,2022Q3,8,Aug,2022-08,Monday,0,False,Water Bottle Stainless Steel,Sports & Outdoors,North America,110.84,45.25,40.82
2022-08-09,2022,2022Q3,8,Aug,2022-08,Tuesday,1,False,Sticky Notes Pad,Office Supplies,Europe,8.42,3.98,47.27
2022-08-09,2022,2022Q3,8,Aug,2022-08,Tuesday,1,False,Hair Shampoo 300ml,Beauty & Personal Care,Asia Pacific,12.16,5.84,48.03
2022-08-10,2022,2022Q3,8,Aug,2022-08,Wednesday,2,False,LED Desk Lamp,Home & Garden,Africa,22.1,7.57,34.25
2022-08-11,2022,2022Q3,8,Aug,2022-08,Thursday,3,False,Kitchen Herb Garden,Home & Garden,Europe,39.39,14.2,36.05
2022-08-12,2022,2022Q3,8,Aug,2022-08,Friday,4,False,Laptop Stand Adjustable,Electronics,North America,57.22,23.05,40.28
2022-08-12,2022,2022Q3,8,Aug,2022-08,Friday,4,False,Mixed Nuts Pack,Food & Beverages,North America,42.43,19.21,45.27
2022-08-12,2022,2022Q3,8,Aug,2022-08,Friday,4,False,Face Moisturizer Cream,Beauty & Personal Care,Africa,52.3,24.87,47.55
2022-08-13,2022,2022Q3,8,Aug,2022-08,Saturday,5,True,Hair Shampoo 300ml,Beauty & Personal Care,North America,20.02,9.8,48.95
2022-08-14,2022,2022Q3,8,Aug,2022-08,Sunday,6,True,Wool Blend Sweater,Clothing,North America,231.93,90.14,38.87
2022-08-14,2022,2022Q3,8,Aug,2022-08,Sunday,6,True,Sunscreen SPF50 Tube,Sports & Outdoors,Middle East,21.36,9.4,44.01
2022-08-14,2022,2022Q3,8,Aug,2022-08,Sunday,6,True,Sparkling Water 12-Pack,Food & Beverages,Middle East,15.8,7.04,44.56
2022-08-14,2022,2022Q3,8,Aug,2022-08,Sunday,6,True,Wireless Mouse,Electronics,North America,228.46,103.52,45.31
2022-08-14,2022,2022Q3,8,Aug,2022-08,Sunday,6,True,Winter Jacket Premium,Clothing,Europe,257.05,87.47,34.03
2022-08-15,2022,2022Q3,8,Aug,2022-08,Monday,0,False,Yoga Mat Premium,Sports & Outdoors,Middle East,114.78,52.33,45.59
2022-08-15,2022,2022Q3,8,Aug,2022-08,Monday,0,False,Sunscreen SPF50 Tube,Sports & Outdoors,Europe,18.66,7.88,42.23
2022-08-15,2022,2022Q3,8,Aug,2022-08,Monday,0,False,Gourmet Coffee Beans 1lb,Food & Beverages,Europe,27.61,10.23,37.05
2022-08-15,2022,2022Q3,8,Aug,2022-08,Monday,0,False,Classic Cotton T-Shirt,Clothing,North America,72.45,36.0,49.69
2022-08-16,2022,2022Q3,8,Aug,2022-08,Tuesday,1,False,A4 Notebook Hardcover,Office Supplies,Europe,20.68,8.68,41.97
2022-08-17,2022,2022Q3,8,Aug,2022-08,Wednesday,2,False,Denim Jeans Regular Fit,Clothing,North America,309.77,162.03,52.31
2022-08-17,2022,2022Q3,8,Aug,2022-08,Wednesday,2,False,Ballpoint Pen Box of 12,Office Supplies,Asia Pacific,18.95,11.14,58.79
2022-08-17,2022,2022Q3,8,Aug,2022-08,Wednesday,2,False,Denim Jeans Regular Fit,Clothing,Asia Pacific,269.53,110.32,40.93
2022-08-18,2022,2022Q3,8,Aug,2022-08,Thursday,3,False,Wall Decor Frame,Home & Garden,Middle East,23.02,8.85,38.44
2022-08-19,2022,2022Q3,8,Aug,2022-08,Friday,4,False,Desk Organizer Tray,Office Supplies,Asia Pacific,50.68,17.96,35.44
2022-08-19,2022,2022Q3,8,Aug,2022-08,Friday,4,False,Wall Decor Frame,Home & Garden,Latin America,21.56,10.37,48.1
2022-08-19,2022,2022Q3,8,Aug,2022-08,Friday,4,False,Sticky Notes Pad,Office Supplies,Europe,18.07,8.73,48.31
2022-08-19,2022,2022Q3,8,Aug,2022-08,Friday,4,False,Classic Cotton T-Shirt,Clothing,Asia Pacific,47.09,29.34,62.31
2022-08-20,2022,2022Q3,8,Aug,2022-08,Saturday,5,True,Organic Green Tea Box,Food & Beverages,Latin America,19.5,7.88,40.41
2022-08-21,2022,2022Q3,8,Aug,2022-08,Sunday,6,True,Energy Drink 6-Pack,Food & Beverages,Asia Pacific,25.38,10.41,41.02
2022-08-21,2022,2022Q3,8,Aug,2022-08,Sunday,6,True,Scented Candle Set,Home & Garden,Europe,35.29,14.04,39.78
2022-08-21,2022,2022Q3,8,Aug,2022-08,Sunday,6,True,Smart Watch Basic,Electronics,Europe,188.47,45.45,24.12
2022-08-22,2022,2022Q3,8,Aug,2022-08,Monday,0,False,Sparkling Water 12-Pack,Food & Beverages,North America,14.21,6.92,48.7
2022-08-22,2022,2022Q3,8,Aug,2022-08,Monday,0,False,Foldable Camping Chair,Sports & Outdoors,Latin America,71.13,20.56,28.9
2022-08-22,2022,2022Q3,8,Aug,2022-08,Monday,0,False,Scented Candle Set,Home & Garden,Latin America,55.77,25.49,45.71
2022-08-22,2022,2022Q3,8,Aug,2022-08,Monday,0,False,Running Sneakers,Clothing,Asia Pacific,297.76,101.97,34.25
2022-08-23,2022,2022Q3,8,Aug,2022-08,Tuesday,1,False,Bath Soap Pack,Beauty & Personal Care,North America,11.89,6.01,50.55
2022-08-23,2022,2022Q3,8,Aug,2022-08,Tuesday,1,False,Bluetooth Speaker Mini,Electronics,Asia Pacific,47.18,15.59,33.04
2022-08-23,2022,2022Q3,8,Aug,2022-08,Tuesday,1,False,Face Moisturizer Cream,Beauty & Personal Care,Europe,37.14,15.7,42.27
2022-08-24,2022,2022Q3,8,Aug,2022-08,Wednesday,2,False,USB-C Charging Cable,Electronics,Asia Pacific,65.13,25.46,39.09
2022-08-24,2022,2022Q3,8,Aug,2022-08,Wednesday,2,False,Mechanical Pencil Set,Office Supplies,Europe,71.78,35.92,50.04
2022-08-25,2022,2022Q3,8,Aug,2022-08,Thursday,3,False,A4 Notebook Hardcover,Office Supplies,Asia Pacific,44.08,22.43,50.88
2022-08-26,2022,2022Q3,8,Aug,2022-08,Friday,4,False,Sunscreen SPF50 Tube,Sports & Outdoors,Europe,20.32,10.49,51.62
2022-08-26,2022,2022Q3,8,Aug,2022-08,Friday,4,False,Indoor Planter Pot,Home & Garden,Europe,42.56,18.94,44.5
2022-08-27,2022,2022Q3,8,Aug,2022-08,Saturday,5,True,Denim Jeans Regular Fit,Clothing,Middle East,45.98,22.32,48.54
2022-08-28,2022,2022Q3,8,Aug,2022-08,Sunday,6,True,Portable Power Bank 10000mAh,Electronics,Europe,60.63,17.23,28.42
2022-08-29,2022,2022Q3,8,Aug,2022-08,Monday,0,False,Scented Candle Set,Home & Garden,North America,126.28,64.44,51.03
2022-08-29,2022,2022Q3,8,Aug,2022-08,Monday,0,False,Wool Blend Sweater,Clothing,North America,211.17,92.98,44.03
2022-08-29,2022,2022Q3,8,Aug,2022-08,Monday,0,False,Foldable Camping Chair,Sports & Outdoors,Africa,95.96,33.45,34.86
2022-08-30,2022,2022Q3,8,Aug,2022-08,Tuesday,1,False,Wireless Bluetooth Headphones,Electronics,North America,511.17,186.27,36.44
2022-08-30,2022,2022Q3,8,Aug,2022-08,Tuesday,1,False,Gourmet Coffee Beans 1lb,Food & Beverages,Europe,48.09,17.46,36.31
2022-08-30,2022,2022Q3,8,Aug,2022-08,Tuesday,1,False,Bluetooth Speaker Mini,Electronics,Europe,58.74,17.88,30.44
2022-09-01,2022,2022Q3,9,Sep,2022-09,Thursday,3,False,Hair Shampoo 300ml,Beauty & Personal Care,North America,87.9,35.77,40.69
2022-09-01,2022,2022Q3,9,Sep,2022-09,Thursday,3,False,Wireless Bluetooth Headphones,Electronics,North America,434.25,166.46,38.33
2022-09-01,2022,2022Q3,9,Sep,2022-09,Thursday,3,False,Winter Jacket Premium,Clothing,Europe,254.7,73.72,28.94
2022-09-02,2022,2022Q3,9,Sep,2022-09,Friday,4,False,Wall Decor Frame,Home & Garden,North America,40.94,18.18,44.41
2022-09-02,2022,2022Q3,9,Sep,2022-09,Friday,4,False,Denim Jeans Regular Fit,Clothing,Latin America,79.02,38.64,48.9
2022-09-03,2022,2022Q3,9,Sep,2022-09,Saturday,5,True,Running Sneakers,Clothing,North America,367.08,151.8,41.35
2022-09-03,2022,2022Q3,9,Sep,2022-09,Saturday,5,True,Phone Grip Stand,Electronics,Latin America,11.86,5.3,44.69
2022-09-03,2022,2022Q3,9,Sep,2022-09,Saturday,5,True,Ballpoint Pen Box of 12,Office Supplies,Asia Pacific,16.32,8.47,51.9
2022-09-03,2022,2022Q3,9,Sep,2022-09,Saturday,5,True,Hand Cream Tube,Beauty & Personal Care,Europe,13.37,7.6,56.84
2022-09-04,2022,2022Q3,9,Sep,2022-09,Sunday,6,True,Wool Blend Sweater,Clothing,Middle East,146.23,70.31,48.08
2022-09-04,2022,2022Q3,9,Sep,2022-09,Sunday,6,True,Hand Cream Tube,Beauty & Personal Care,Latin America,5.72,2.75,48.08
2022-09-04,2022,2022Q3,9,Sep,2022-09,Sunday,6,True,Dark Chocolate Bar,Food & Beverages,North America,19.15,7.63,39.84
2022-09-04,2022,2022Q3,9,Sep,2022-09,Sunday,6,True,Winter Jacket Premium,Clothing,North America,284.32,91.68,32.25
2022-09-04,2022,2022Q3,9,Sep,2022-09,Sunday,6,True,Wireless Keyboard,Office Supplies,Europe,82.27,24.73,30.06
2022-09-04,2022,2022Q3,9,Sep,2022-09,Sunday,6,True,Sparkling Water 12-Pack,Food & Beverages,North America,28.93,15.53,53.68
2022-09-04,2022,2022Q3,9,Sep,2022-09,Sunday,6,True,Gourmet Coffee Beans 1lb,Food & Beverages,Europe,49.61,17.61,35.5
2022-09-04,2022,2022Q3,9,Sep,2022-09,Sunday,6,True,Bluetooth Speaker Mini,Electronics,North America,121.5,34.44,28.35
2022-09-04,2022,2022Q3,9,Sep,2022-09,Sunday,6,True,A4 Notebook Hardcover,Office Supplies,Europe,19.1,7.75,40.58
2022-09-05,2022,2022Q3,9,Sep,2022-09,Monday,0,False,Mixed Nuts Pack,Food & Beverages,Europe,14.76,7.29,49.39
2022-09-05,2022,2022Q3,9,Sep,2022-09,Monday,0,False,Bath Soap Pack,Beauty & Personal Care,Europe,20.95,10.83,51.69
2022-09-07,2022,2022Q3,9,Sep,2022-09,Wednesday,2,False,Ballpoint Pen Box of 12,Office Supplies,Asia Pacific,25.59,14.71,57.48
2022-09-07,2022,2022Q3,9,Sep,2022-09,Wednesday,2,False,Classic Cotton T-Shirt,Clothing,Asia Pacific,22.74,13.53,59.5
2022-09-08,2022,2022Q3,9,Sep,2022-09,Thursday,3,False,Mixed Nuts Pack,Food & Beverages,Latin America,33.08,18.09,54.69
2022-09-08,2022,2022Q3,9,Sep,2022-09,Thursday,3,False,Smart Watch Basic,Electronics,North America,236.06,74.69,31.64
2022-09-10,2022,2022Q3,9,Sep,2022-09,Saturday,5,True,Water Bottle Stainless Steel,Sports & Outdoors,Europe,31.12,13.71,44.06
2022-09-10,2022,2022Q3,9,Sep,2022-09,Saturday,5,True,Yoga Mat Premium,Sports & Outdoors,North America,68.03,28.43,41.79
2022-09-11,2022,2022Q3,9,Sep,2022-09,Sunday,6,True,Casual Button-Down Shirt,Clothing,North America,214.44,124.51,58.06
2022-09-11,2022,2022Q3,9,Sep,2022-09,Sunday,6,True,Smart Watch Basic,Electronics,North America,234.04,70.7,30.21
2022-09-12,2022,2022Q3,9,Sep,2022-09,Monday,0,False,Wireless Mouse,Electronics,Africa,55.42,20.47,36.94
2022-09-12,2022,2022Q3,9,Sep,2022-09,Monday,0,False,Energy Drink 6-Pack,Food & Beverages,North America,18.7,7.84,41.93
2022-09-13,2022,2022Q3,9,Sep,2022-09,Tuesday,1,False,Wireless Keyboard,Office Supplies,Africa,23.32,6.85,29.37
2022-09-13,2022,2022Q3,9,Sep,2022-09,Tuesday,1,False,USB-C Charging Cable,Electronics,Europe,14.82,6.09,41.09
2022-09-13,2022,2022Q3,9,Sep,2022-09,Tuesday,1,False,Scented Candle Set,Home & Garden,Europe,28.61,13.54,47.33
2022-09-14,2022,2022Q3,9,Sep,2022-09,Wednesday,2,False,Gourmet Coffee Beans 1lb,Food & Beverages,North America,28.96,10.31,35.6
2022-09-14,2022,2022Q3,9,Sep,2022-09,Wednesday,2,False,Resistance Bands Set,Sports & Outdoors,North America,60.74,25.83,42.53
2022-09-14,2022,2022Q3,9,Sep,2022-09,Wednesday,2,False,Energy Drink 6-Pack,Food & Beverages,Africa,25.46,11.01,43.24
2022-09-15,2022,2022Q3,9,Sep,2022-09,Thursday,3,False,Casual Button-Down Shirt,Clothing,Africa,15.29,6.85,44.8
2022-09-16,2022,2022Q3,9,Sep,2022-09,Friday,4,False,Wireless Mouse,Electronics,Europe,39.42,15.1,38.31
2022-09-16,2022,2022Q3,9,Sep,2022-09,Friday,4,False,Bluetooth Speaker Mini,Electronics,Europe,54.2,20.42,37.68
2022-09-17,2022,2022Q3,9,Sep,2022-09,Saturday,5,True,Throw Pillow Cover,Home & Garden,Asia Pacific,20.11,8.89,44.21
2022-09-17,2022,2022Q3,9,Sep,2022-09,Saturday,5,True,Gourmet Coffee Beans 1lb,Food & Beverages,Latin America,64.09,21.56,33.64
2022-09-18,2022,2022Q3,9,Sep,2022-09,Sunday,6,True,Wall Decor Frame,Home & Garden,Europe,104.99,50.31,47.92
2022-09-20,2022,2022Q3,9,Sep,2022-09,Tuesday,1,False,Indoor Planter Pot,Home & Garden,Latin America,19.15,6.77,35.35
2022-09-20,2022,2022Q3,9,Sep,2022-09,Tuesday,1,False,Indoor Planter Pot,Home & Garden,Middle East,73.55,29.68,40.35
2022-09-20,2022,2022Q3,9,Sep,2022-09,Tuesday,1,False,Sunscreen SPF50 Tube,Sports & Outdoors,North America,79.64,34.52,43.35
2022-09-20,2022,2022Q3,9,Sep,2022-09,Tuesday,1,False,Scented Candle Set,Home & Garden,Asia Pacific,45.26,18.94,41.85
2022-09-21,2022,2022Q3,9,Sep,2022-09,Wednesday,2,False,Energy Drink 6-Pack,Food & Beverages,Africa,4.71,2.36,50.11
2022-09-21,2022,2022Q3,9,Sep,2022-09,Wednesday,2,False,Sticky Notes Pad,Office Supplies,Europe,7.42,4.28,57.68
2022-09-22,2022,2022Q3,9,Sep,2022-09,Thursday,3,False,Organic Green Tea Box,Food & Beverages,North America,72.51,26.07,35.95
2022-09-22,2022,2022Q3,9,Sep,2022-09,Thursday,3,False,Winter Jacket Premium,Clothing,Europe,237.7,79.28,33.35
2022-09-22,2022,2022Q3,9,Sep,2022-09,Thursday,3,False,Smart Watch Basic,Electronics,Latin America,196.93,52.07,26.44
2022-09-23,2022,2022Q3,9,Sep,2022-09,Friday,4,False,Wireless Keyboard,Office Supplies,Latin America,40.53,14.61,36.05
2022-09-24,2022,2022Q3,9,Sep,2022-09,Saturday,5,True,Sunscreen SPF50 Tube,Sports & Outdoors,North America,22.04,9.92,45.01
2022-09-24,2022,2022Q3,9,Sep,2022-09,Saturday,5,True,LED Desk Lamp,Home & Garden,Africa,38.05,14.21,37.35
2022-09-24,2022,2022Q3,9,Sep,2022-09,Saturday,5,True,Winter Jacket Premium,Clothing,Asia Pacific,985.39,333.28,33.82
2022-09-24,2022,2022Q3,9,Sep,2022-09,Saturday,5,True,Lip Balm Set,Beauty & Personal Care,Europe,18.18,8.39,46.15
2022-09-25,2022,2022Q3,9,Sep,2022-09,Sunday,6,True,A4 Notebook Hardcover,Office Supplies,Asia Pacific,14.37,7.12,49.55
2022-09-25,2022,2022Q3,9,Sep,2022-09,Sunday,6,True,Yoga Mat Premium,Sports & Outdoors,Asia Pacific,45.01,20.72,46.03
2022-09-26,2022,2022Q3,9,Sep,2022-09,Monday,0,False,Mixed Nuts Pack,Food & Beverages,North America,34.78,18.44,53.02
2022-09-26,2022,2022Q3,9,Sep,2022-09,Monday,0,False,Laptop Stand Adjustable,Electronics,Europe,42.6,15.07,35.38
2022-09-26,2022,2022Q3,9,Sep,2022-09,Monday,0,False,Energy Drink 6-Pack,Food & Beverages,Asia Pacific,11.39,5.5,48.29
2022-09-28,2022,2022Q3,9,Sep,2022-09,Wednesday,2,False,Lip Balm Set,Beauty & Personal Care,Middle East,11.23,6.24,55.57
2022-09-28,2022,2022Q3,9,Sep,2022-09,Wednesday,2,False,Hand Cream Tube,Beauty & Personal Care,Africa,11.65,6.96,59.74
2022-09-28,2022,2022Q3,9,Sep,2022-09,Wednesday,2,False,A4 Notebook Hardcover,Office Supplies,Asia Pacific,30.68,14.53,47.36
2022-09-28,2022,2022Q3,9,Sep,2022-09,Wednesday,2,False,Portable Power Bank 10000mAh,Electronics,Asia Pacific,35.83,10.46,29.19
2022-09-29,2022,2022Q3,9,Sep,2022-09,Thursday,3,False,Sunscreen SPF50 Tube,Sports & Outdoors,Asia Pacific,12.97,6.63,51.12
2022-09-29,2022,2022Q3,9,Sep,2022-09,Thursday,3,False,Throw Pillow Cover,Home & Garden,North America,29.35,13.29,45.28
2022-09-30,2022,2022Q3,9,Sep,2022-09,Friday,4,False,Face Moisturizer Cream,Beauty & Personal Care,Asia Pacific,25.33,10.79,42.6
2022-09-30,2022,2022Q3,9,Sep,2022-09,Friday,4,False,Resistance Bands Set,Sports & Outdoors,North America,59.81,32.91,55.02
2022-09-30,2022,2022Q3,9,Sep,2022-09,Friday,4,False,Dark Chocolate Bar,Food & Beverages,Asia Pacific,6.44,2.87,44.57
2022-10-01,2022,2022Q4,10,Oct,2022-10,Saturday,5,True,Water Bottle Stainless Steel,Sports & Outdoors,Middle East,16.74,7.5,44.8
2022-10-01,2022,2022Q4,10,Oct,2022-10,Saturday,5,True,Sparkling Water 12-Pack,Food & Beverages,North America,12.32,6.04,49.03
2022-10-01,2022,2022Q4,10,Oct,2022-10,Saturday,5,True,Bluetooth Speaker Mini,Electronics,Asia Pacific,150.27,45.37,30.19
2022-10-01,2022,2022Q4,10,Oct,2022-10,Saturday,5,True,Hair Shampoo 300ml,Beauty & Personal Care,Europe,15.73,6.05,38.46
2022-10-03,2022,2022Q4,10,Oct,2022-10,Monday,0,False,LED Desk Lamp,Home & Garden,Asia Pacific,42.29,16.02,37.88
2022-10-04,2022,2022Q4,10,Oct,2022-10,Tuesday,1,False,Wireless Keyboard,Office Supplies,Middle East,37.89,13.55,35.76
2022-10-04,2022,2022Q4,10,Oct,2022-10,Tuesday,1,False,A4 Notebook Hardcover,Office Supplies,Middle East,10.31,4.33,42.0
2022-10-05,2022,2022Q4,10,Oct,2022-10,Wednesday,2,False,Ballpoint Pen Box of 12,Office Supplies,North America,36.69,18.08,49.28
2022-10-06,2022,2022Q4,10,Oct,2022-10,Thursday,3,False,Winter Jacket Premium,Clothing,North America,569.72,164.85,28.94
2022-10-06,2022,2022Q4,10,Oct,2022-10,Thursday,3,False,Sunscreen SPF50 Tube,Sports & Outdoors,North America,16.84,8.12,48.22
2022-10-06,2022,2022Q4,10,Oct,2022-10,Thursday,3,False,Wireless Mouse,Electronics,Europe,97.59,41.3,42.32
2022-10-06,2022,2022Q4,10,Oct,2022-10,Thursday,3,False,Face Moisturizer Cream,Beauty & Personal Care,North America,40.65,18.5,45.51
2022-10-06,2022,2022Q4,10,Oct,2022-10,Thursday,3,False,Resistance Bands Set,Sports & Outdoors,Africa,7.28,3.68,50.55
2022-10-06,2022,2022Q4,10,Oct,2022-10,Thursday,3,False,A4 Notebook Hardcover,Office Supplies,Middle East,10.77,4.85,45.03
2022-10-07,2022,2022Q4,10,Oct,2022-10,Friday,4,False,Water Bottle Stainless Steel,Sports & Outdoors,Asia Pacific,96.29,44.28,45.99
2022-10-07,2022,2022Q4,10,Oct,2022-10,Friday,4,False,Classic Cotton T-Shirt,Clothing,Middle East,69.03,35.05,50.78
2022-10-07,2022,2022Q4,10,Oct,2022-10,Friday,4,False,Hand Cream Tube,Beauty & Personal Care,Asia Pacific,32.09,17.39,54.19
2022-10-08,2022,2022Q4,10,Oct,2022-10,Saturday,5,True,Desk Organizer Tray,Office Supplies,Europe,27.97,11.79,42.15
2022-10-08,2022,2022Q4,10,Oct,2022-10,Saturday,5,True,Throw Pillow Cover,Home & Garden,Middle East,12.01,6.1,50.79
2022-10-08,2022,2022Q4,10,Oct,2022-10,Saturday,5,True,Mechanical Pencil Set,Office Supplies,Latin America,7.06,3.18,45.04
2022-10-10,2022,2022Q4,10,Oct,2022-10,Monday,0,False,Wireless Bluetooth Headphones,Electronics,North America,106.8,40.55,37.97
2022-10-10,2022,2022Q4,10,Oct,2022-10,Monday,0,False,Gourmet Coffee Beans 1lb,Food & Beverages,Europe,63.36,27.55,43.48
2022-10-11,2022,2022Q4,10,Oct,2022-10,Tuesday,1,False,LED Desk Lamp,Home & Garden,Latin America,57.03,17.33,30.39
2022-10-11,2022,2022Q4,10,Oct,2022-10,Tuesday,1,False,Dark Chocolate Bar,Food & Beverages,North America,48.59,20.59,42.37
2022-10-12,2022,2022Q4,10,Oct,2022-10,Wednesday,2,False,Bath Soap Pack,Beauty & Personal Care,Middle East,11.62,6.01,51.72
2022-10-12,2022,2022Q4,10,Oct,2022-10,Wednesday,2,False,Bath Soap Pack,Beauty & Personal Care,Europe,18.56,9.85,53.07
2022-10-12,2022,2022Q4,10,Oct,2022-10,Wednesday,2,False,USB-C Charging Cable,Electronics,Asia Pacific,20.05,9.47,47.23
2022-10-14,2022,2022Q4,10,Oct,2022-10,Friday,4,False,Mixed Nuts Pack,Food & Beverages,North America,16.14,8.12,50.31
2022-10-14,2022,2022Q4,10,Oct,2022-10,Friday,4,False,Denim Jeans Regular Fit,Clothing,Asia Pacific,106.47,45.08,42.34
2022-10-14,2022,2022Q4,10,Oct,2022-10,Friday,4,False,Dark Chocolate Bar,Food & Beverages,North America,35.32,14.77,41.82
2022-10-14,2022,2022Q4,10,Oct,2022-10,Friday,4,False,Mixed Nuts Pack,Food & Beverages,North America,51.41,22.3,43.38
2022-10-15,2022,2022Q4,10,Oct,2022-10,Saturday,5,True,Kitchen Herb Garden,Home & Garden,Europe,102.0,39.37,38.6
2022-10-15,2022,2022Q4,10,Oct,2022-10,Saturday,5,True,Running Sneakers,Clothing,Asia Pacific,75.83,27.35,36.07
2022-10-15,2022,2022Q4,10,Oct,2022-10,Saturday,5,True,Mixed Nuts Pack,Food & Beverages,North America,17.26,8.42,48.78
2022-10-16,2022,2022Q4,10,Oct,2022-10,Sunday,6,True,Sparkling Water 12-Pack,Food & Beverages,Asia Pacific,8.23,4.61,56.01
2022-10-16,2022,2022Q4,10,Oct,2022-10,Sunday,6,True,Yoga Mat Premium,Sports & Outdoors,Europe,53.95,22.92,42.48
2022-10-17,2022,2022Q4,10,Oct,2022-10,Monday,0,False,Gourmet Coffee Beans 1lb,Food & Beverages,North America,48.28,18.78,38.9
2022-10-17,2022,2022Q4,10,Oct,2022-10,Monday,0,False,Resistance Bands Set,Sports & Outdoors,North America,26.74,13.23,49.48
2022-10-17,2022,2022Q4,10,Oct,2022-10,Monday,0,False,Hair Shampoo 300ml,Beauty & Personal Care,Europe,13.72,6.76,49.27
2022-10-19,2022,2022Q4,10,Oct,2022-10,Wednesday,2,False,Sunscreen SPF50 Tube,Sports & Outdoors,Latin America,8.02,3.52,43.89
2022-10-20,2022,2022Q4,10,Oct,2022-10,Thursday,3,False,Resistance Bands Set,Sports & Outdoors,Middle East,26.38,11.23,42.57
2022-10-21,2022,2022Q4,10,Oct,2022-10,Friday,4,False,Kitchen Herb Garden,Home & Garden,North America,35.53,13.99,39.38
2022-10-21,2022,2022Q4,10,Oct,2022-10,Friday,4,False,Portable Power Bank 10000mAh,Electronics,Asia Pacific,71.04,19.7,27.73
2022-10-22,2022,2022Q4,10,Oct,2022-10,Saturday,5,True,Winter Jacket Premium,Clothing,Europe,212.14,59.18,27.9
2022-10-23,2022,2022Q4,10,Oct,2022-10,Sunday,6,True,Wool Blend Sweater,Clothing,Europe,87.04,36.2,41.59
2022-10-23,2022,2022Q4,10,Oct,2022-10,Sunday,6,True,Desk Organizer Tray,Office Supplies,Middle East,17.24,6.76,39.21
2022-10-23,2022,2022Q4,10,Oct,2022-10,Sunday,6,True,Wireless Bluetooth Headphones,Electronics,Latin America,91.78,31.63,34.46
2022-10-24,2022,2022Q4,10,Oct,2022-10,Monday,0,False,Ballpoint Pen Box of 12,Office Supplies,Asia Pacific,7.66,4.23,55.22
2022-10-24,2022,2022Q4,10,Oct,2022-10,Monday,0,False,Wireless Mouse,Electronics,North America,80.9,32.21,39.81
2022-10-26,2022,2022Q4,10,Oct,2022-10,Wednesday,2,False,Laptop Stand Adjustable,Electronics,Europe,41.5,14.82,35.71
2022-10-27,2022,2022Q4,10,Oct,2022-10,Thursday,3,False,Casual Button-Down Shirt,Clothing,Europe,42.59,24.63,57.83
2022-10-27,2022,2022Q4,10,Oct,2022-10,Thursday,3,False,Wireless Keyboard,Office Supplies,Africa,97.79,34.95,35.74
2022-10-28,2022,2022Q4,10,Oct,2022-10,Friday,4,False,Face Moisturizer Cream,Beauty & Personal Care,North America,77.56,41.43,53.42
2022-10-29,2022,2022Q4,10,Oct,2022-10,Saturday,5,True,Phone Grip Stand,Electronics,North America,41.4,21.05,50.85
2022-10-29,2022,2022Q4,10,Oct,2022-10,Saturday,5,True,Classic Cotton T-Shirt,Clothing,Latin America,40.93,25.57,62.47
2022-10-29,2022,2022Q4,10,Oct,2022-10,Saturday,5,True,Portable Power Bank 10000mAh,Electronics,North America,50.43,16.21,32.14
2022-10-30,2022,2022Q4,10,Oct,2022-10,Sunday,6,True,Portable Power Bank 10000mAh,Electronics,Asia Pacific,37.14,12.56,33.82
2022-10-31,2022,2022Q4,10,Oct,2022-10,Monday,0,False,A4 Notebook Hardcover,Office Supplies,Asia Pacific,12.42,5.33,42.91
2022-10-31,2022,2022Q4,10,Oct,2022-10,Monday,0,False,Foldable Camping Chair,Sports & Outdoors,North America,206.04,56.88,27.61
2022-10-31,2022,2022Q4,10,Oct,2022-10,Monday,0,False,Wool Blend Sweater,Clothing,Asia Pacific,62.57,29.0,46.35
2022-11-01,2022,2022Q4,11,Nov,2022-11,Tuesday,1,False,Wireless Mouse,Electronics,North America,122.44,43.5,35.53
2022-11-01,2022,2022Q4,11,Nov,2022-11,Tuesday,1,False,Phone Grip Stand,Electronics,Middle East,6.81,3.46,50.81
2022-11-02,2022,2022Q4,11,Nov,2022-11,Wednesday,2,False,Dark Chocolate Bar,Food & Beverages,Latin America,11.96,5.01,41.89
2022-11-03,2022,2022Q4,11,Nov,2022-11,Thursday,3,False,Face Moisturizer Cream,Beauty & Personal Care,Latin America,51.96,21.53,41.44
2022-11-03,2022,2022Q4,11,Nov,2022-11,Thursday,3,False,Wireless Keyboard,Office Supplies,Africa,71.42,25.62,35.87
2022-11-03,2022,2022Q4,11,Nov,2022-11,Thursday,3,False,Sparkling Water 12-Pack,Food & Beverages,Asia Pacific,8.72,4.73,54.24
2022-11-04,2022,2022Q4,11,Nov,2022-11,Friday,4,False,Ballpoint Pen Box of 12,Office Supplies,North America,27.4,15.2,55.47
2022-11-04,2022,2022Q4,11,Nov,2022-11,Friday,4,False,Sparkling Water 12-Pack,Food & Beverages,Europe,9.98,5.76,57.72
2022-11-04,2022,2022Q4,11,Nov,2022-11,Friday,4,False,Portable Power Bank 10000mAh,Electronics,Middle East,28.96,10.58,36.53
2022-11-04,2022,2022Q4,11,Nov,2022-11,Friday,4,False,Bath Soap Pack,Beauty & Personal Care,Middle East,5.92,3.56,60.14
2022-11-04,2022,2022Q4,11,Nov,2022-11,Friday,4,False,A4 Notebook Hardcover,Office Supplies,Europe,18.84,7.23,38.38
2022-11-04,2022,2022Q4,11,Nov,2022-11,Friday,4,False,Gourmet Coffee Beans 1lb,Food & Beverages,Africa,40.23,16.45,40.89
2022-11-04,2022,2022Q4,11,Nov,2022-11,Friday,4,False,Lip Balm Set,Beauty & Personal Care,Middle East,10.16,4.62,45.47
2022-11-05,2022,2022Q4,11,Nov,2022-11,Saturday,5,True,Organic Green Tea Box,Food & Beverages,Middle East,19.68,8.52,43.29
2022-11-05,2022,2022Q4,11,Nov,2022-11,Saturday,5,True,Laptop Stand Adjustable,Electronics,Middle East,24.76,10.03,40.51
2022-11-06,2022,2022Q4,11,Nov,2022-11,Sunday,6,True,Casual Button-Down Shirt,Clothing,Middle East,77.44,39.88,51.5
2022-11-06,2022,2022Q4,11,Nov,2022-11,Sunday,6,True,USB-C Charging Cable,Electronics,North America,37.54,14.58,38.84
2022-11-06,2022,2022Q4,11,Nov,2022-11,Sunday,6,True,Mixed Nuts Pack,Food & Beverages,North America,38.33,22.0,57.4
2022-11-06,2022,2022Q4,11,Nov,2022-11,Sunday,6,True,Lip Balm Set,Beauty & Personal Care,North America,19.43,9.78,50.33
2022-11-07,2022,2022Q4,11,Nov,2022-11,Monday,0,False,Ballpoint Pen Box of 12,Office Supplies,North America,11.36,6.49,57.13
2022-11-07,2022,2022Q4,11,Nov,2022-11,Monday,0,False,Organic Green Tea Box,Food & Beverages,Latin America,17.1,7.3,42.69
2022-11-07,2022,2022Q4,11,Nov,2022-11,Monday,0,False,A4 Notebook Hardcover,Office Supplies,Africa,5.42,2.25,41.51
2022-11-07,2022,2022Q4,11,Nov,2022-11,Monday,0,False,Wireless Mouse,Electronics,North America,127.84,52.16,40.8
2022-11-07,2022,2022Q4,11,Nov,2022-11,Monday,0,False,Hair Shampoo 300ml,Beauty & Personal Care,North America,16.58,6.58,39.69
2022-11-07,2022,2022Q4,11,Nov,2022-11,Monday,0,False,Energy Drink 6-Pack,Food & Beverages,Middle East,8.27,3.88,46.92
2022-11-08,2022,2022Q4,11,Nov,2022-11,Tuesday,1,False,Sparkling Water 12-Pack,Food & Beverages,Asia Pacific,17.37,10.26,59.07
2022-11-09,2022,2022Q4,11,Nov,2022-11,Wednesday,2,False,Hand Cream Tube,Beauty & Personal Care,Europe,12.97,6.78,52.27
2022-11-10,2022,2022Q4,11,Nov,2022-11,Thursday,3,False,Laptop Stand Adjustable,Electronics,Latin America,21.79,8.37,38.41
2022-11-10,2022,2022Q4,11,Nov,2022-11,Thursday,3,False,Water Bottle Stainless Steel,Sports & Outdoors,Africa,33.86,13.76,40.64
2022-11-10,2022,2022Q4,11,Nov,2022-11,Thursday,3,False,Smart Watch Basic,Electronics,North America,394.98,125.79,31.85
2022-11-10,2022,2022Q4,11,Nov,2022-11,Thursday,3,False,Foldable Camping Chair,Sports & Outdoors,North America,78.67,23.33,29.66
2022-11-11,2022,2022Q4,11,Nov,2022-11,Friday,4,False,Sunscreen SPF50 Tube,Sports & Outdoors,Africa,10.6,4.2,39.62
2022-11-11,2022,2022Q4,11,Nov,2022-11,Friday,4,False,Winter Jacket Premium,Clothing,Asia Pacific,182.02,54.9,30.16
2022-11-11,2022,2022Q4,11,Nov,2022-11,Friday,4,False,Sunscreen SPF50 Tube,Sports & Outdoors,North America,77.84,34.68,44.55
2022-11-11,2022,2022Q4,11,Nov,2022-11,Friday,4,False,Mixed Nuts Pack,Food & Beverages,North America,16.5,7.45,45.15
2022-11-13,2022,2022Q4,11,Nov,2022-11,Sunday,6,True,Ballpoint Pen Box of 12,Office Supplies,Middle East,6.84,3.08,45.03
2022-11-13,2022,2022Q4,11,Nov,2022-11,Sunday,6,True,Mixed Nuts Pack,Food & Beverages,Latin America,15.29,6.53,42.71
2022-11-14,2022,2022Q4,11,Nov,2022-11,Monday,0,False,Energy Drink 6-Pack,Food & Beverages,Middle East,9.12,5.02,55.04
2022-11-14,2022,2022Q4,11,Nov,2022-11,Monday,0,False,Wall Decor Frame,Home & Garden,North America,42.77,18.39,43.0
2022-11-14,2022,2022Q4,11,Nov,2022-11,Monday,0,False,Laptop Stand Adjustable,Electronics,North America,45.95,15.05,32.75
2022-11-14,2022,2022Q4,11,Nov,2022-11,Monday,0,False,Sticky Notes Pad,Office Supplies,Europe,7.47,4.29,57.43
2022-11-15,2022,2022Q4,11,Nov,2022-11,Tuesday,1,False,Yoga Mat Premium,Sports & Outdoors,Africa,18.11,9.26,51.13
2022-11-15,2022,2022Q4,11,Nov,2022-11,Tuesday,1,False,Indoor Planter Pot,Home & Garden,Africa,55.8,20.96,37.56
2022-11-15,2022,2022Q4,11,Nov,2022-11,Tuesday,1,False,Lip Balm Set,Beauty & Personal Care,Africa,12.69,5.95,46.89
2022-11-16,2022,2022Q4,11,Nov,2022-11,Wednesday,2,False,Winter Jacket Premium,Clothing,Europe,254.6,71.31,28.01
2022-11-16,2022,2022Q4,11,Nov,2022-11,Wednesday,2,False,Face Moisturizer Cream,Beauty & Personal Care,Latin America,51.69,26.99,52.22
2022-11-16,2022,2022Q4,11,Nov,2022-11,Wednesday,2,False,Casual Button-Down Shirt,Clothing,North America,59.86,32.72,54.66
2022-11-17,2022,2022Q4,11,Nov,2022-11,Thursday,3,False,Phone Grip Stand,Electronics,North America,12.91,6.4,49.57
2022-11-18,2022,2022Q4,11,Nov,2022-11,Friday,4,False,Resistance Bands Set,Sports & Outdoors,North America,25.5,11.73,46.0
2022-11-18,2022,2022Q4,11,Nov,2022-11,Friday,4,False,Mechanical Pencil Set,Office Supplies,North America,16.79,8.63,51.4
2022-11-19,2022,2022Q4,11,Nov,2022-11,Saturday,5,True,Ballpoint Pen Box of 12,Office Supplies,Asia Pacific,14.6,6.9,47.26
2022-11-20,2022,2022Q4,11,Nov,2022-11,Sunday,6,True,Resistance Bands Set,Sports & Outdoors,Latin America,12.0,5.36,44.67
2022-11-20,2022,2022Q4,11,Nov,2022-11,Sunday,6,True,Classic Cotton T-Shirt,Clothing,Asia Pacific,46.45,28.13,60.56
2022-11-20,2022,2022Q4,11,Nov,2022-11,Sunday,6,True,Hair Shampoo 300ml,Beauty & Personal Care,Africa,4.78,2.14,44.77
2022-11-20,2022,2022Q4,11,Nov,2022-11,Sunday,6,True,Resistance Bands Set,Sports & Outdoors,Latin America,49.02,28.0,57.12
2022-11-20,2022,2022Q4,11,Nov,2022-11,Sunday,6,True,Bluetooth Speaker Mini,Electronics,Asia Pacific,81.9,28.96,35.36
2022-11-20,2022,2022Q4,11,Nov,2022-11,Sunday,6,True,A4 Notebook Hardcover,Office Supplies,North America,68.84,28.83,41.88
2022-11-21,2022,2022Q4,11,Nov,2022-11,Monday,0,False,Casual Button-Down Shirt,Clothing,North America,119.91,57.81,48.21
2022-11-21,2022,2022Q4,11,Nov,2022-11,Monday,0,False,Resistance Bands Set,Sports & Outdoors,North America,51.79,24.18,46.69
2022-11-21,2022,2022Q4,11,Nov,2022-11,Monday,0,False,Lip Balm Set,Beauty & Personal Care,Asia Pacific,41.12,20.93,50.9
2022-11-22,2022,2022Q4,11,Nov,2022-11,Tuesday,1,False,A4 Notebook Hardcover,Office Supplies,Africa,11.27,5.43,48.18
2022-11-22,2022,2022Q4,11,Nov,2022-11,Tuesday,1,False,Running Sneakers,Clothing,Europe,117.53,46.05,39.18
2022-11-23,2022,2022Q4,11,Nov,2022-11,Wednesday,2,False,Bath Soap Pack,Beauty & Personal Care,North America,23.58,12.82,54.37
2022-11-23,2022,2022Q4,11,Nov,2022-11,Wednesday,2,False,Winter Jacket Premium,Clothing,Middle East,306.89,84.54,27.55
2022-11-23,2022,2022Q4,11,Nov,2022-11,Wednesday,2,False,Wall Decor Frame,Home & Garden,Middle East,42.89,15.79,36.82
2022-11-23,2022,2022Q4,11,Nov,2022-11,Wednesday,2,False,Organic Green Tea Box,Food & Beverages,North America,18.93,6.96,36.77
2022-11-24,2022,2022Q4,11,Nov,2022-11,Thursday,3,False,Winter Jacket Premium,Clothing,Africa,85.91,28.84,33.57
2022-11-24,2022,2022Q4,11,Nov,2022-11,Thursday,3,False,Laptop Stand Adjustable,Electronics,North America,137.51,54.65,39.74
2022-11-24,2022,2022Q4,11,Nov,2022-11,Thursday,3,False,Sparkling Water 12-Pack,Food & Beverages,Asia Pacific,15.74,8.53,54.19
2022-11-24,2022,2022Q4,11,Nov,2022-11,Thursday,3,False,Ballpoint Pen Box of 12,Office Supplies,Europe,10.5,4.68,44.57
2022-11-25,2022,2022Q4,11,Nov,2022-11,Friday,4,False,Face Moisturizer Cream,Beauty & Personal Care,Latin America,16.32,7.84,48.04
2022-11-25,2022,2022Q4,11,Nov,2022-11,Friday,4,False,Desk Organizer Tray,Office Supplies,North America,34.64,14.66,42.32
2022-11-26,2022,2022Q4,11,Nov,2022-11,Saturday,5,True,Scented Candle Set,Home & Garden,Europe,84.63,36.11,42.67
2022-11-26,2022,2022Q4,11,Nov,2022-11,Saturday,5,True,LED Desk Lamp,Home & Garden,Middle East,37.67,13.51,35.86
2022-11-26,2022,2022Q4,11,Nov,2022-11,Saturday,5,True,Dark Chocolate Bar,Food & Beverages,Europe,18.29,8.88,48.55
2022-11-27,2022,2022Q4,11,Nov,2022-11,Sunday,6,True,Classic Cotton T-Shirt,Clothing,Latin America,42.66,26.71,62.61
2022-11-27,2022,2022Q4,11,Nov,2022-11,Sunday,6,True,Phone Grip Stand,Electronics,Europe,11.13,5.82,52.29
2022-11-27,2022,2022Q4,11,Nov,2022-11,Sunday,6,True,Scented Candle Set,Home & Garden,Asia Pacific,21.65,10.62,49.05
2022-11-28,2022,2022Q4,11,Nov,2022-11,Monday,0,False,Mixed Nuts Pack,Food & Beverages,Middle East,17.34,7.45,42.96
2022-11-29,2022,2022Q4,11,Nov,2022-11,Tuesday,1,False,Organic Green Tea Box,Food & Beverages,Latin America,28.78,12.81,44.51
2022-11-30,2022,2022Q4,11,Nov,2022-11,Wednesday,2,False,Bath Soap Pack,Beauty & Personal Care,Asia Pacific,6.52,3.39,51.99
2022-11-30,2022,2022Q4,11,Nov,2022-11,Wednesday,2,False,Sticky Notes Pad,Office Supplies,North America,18.24,8.64,47.37
2022-12-01,2022,2022Q4,12,Dec,2022-12,Thursday,3,False,Winter Jacket Premium,Clothing,Africa,103.17,31.81,30.83
2022-12-01,2022,2022Q4,12,Dec,2022-12,Thursday,3,False,Organic Green Tea Box,Food & Beverages,North America,102.96,42.55,41.33
2022-12-02,2022,2022Q4,12,Dec,2022-12,Friday,4,False,Foldable Camping Chair,Sports & Outdoors,Middle East,167.35,56.9,34.0
2022-12-02,2022,2022Q4,12,Dec,2022-12,Friday,4,False,Wireless Mouse,Electronics,Asia Pacific,138.27,62.4,45.13
2022-12-03,2022,2022Q4,12,Dec,2022-12,Saturday,5,True,USB-C Charging Cable,Electronics,North America,88.79,45.5,51.24
2022-12-03,2022,2022Q4,12,Dec,2022-12,Saturday,5,True,Denim Jeans Regular Fit,Clothing,Europe,306.03,132.99,43.46
2022-12-03,2022,2022Q4,12,Dec,2022-12,Saturday,5,True,Wool Blend Sweater,Clothing,Middle East,196.59,97.0,49.34
2022-12-03,2022,2022Q4,12,Dec,2022-12,Saturday,5,True,Wireless Bluetooth Headphones,Electronics,Latin America,236.49,92.29,39.02
2022-12-03,2022,2022Q4,12,Dec,2022-12,Saturday,5,True,A4 Notebook Hardcover,Office Supplies,North America,27.49,10.86,39.51
2022-12-04,2022,2022Q4,12,Dec,2022-12,Sunday,6,True,Ballpoint Pen Box of 12,Office Supplies,Latin America,7.89,4.17,52.85
2022-12-04,2022,2022Q4,12,Dec,2022-12,Sunday,6,True,Classic Cotton T-Shirt,Clothing,Africa,13.82,6.55,47.4
2022-12-04,2022,2022Q4,12,Dec,2022-12,Sunday,6,True,Sunscreen SPF50 Tube,Sports & Outdoors,Middle East,27.08,11.65,43.02
2022-12-05,2022,2022Q4,12,Dec,2022-12,Monday,0,False,Hair Shampoo 300ml,Beauty & Personal Care,North America,24.07,11.08,46.03
2022-12-05,2022,2022Q4,12,Dec,2022-12,Monday,0,False,Indoor Planter Pot,Home & Garden,Europe,53.25,18.86,35.42
2022-12-05,2022,2022Q4,12,Dec,2022-12,Monday,0,False,USB-C Charging Cable,Electronics,Latin America,10.49,4.03,38.42
2022-12-05,2022,2022Q4,12,Dec,2022-12,Monday,0,False,Bluetooth Speaker Mini,Electronics,Asia Pacific,165.21,60.09,36.37
2022-12-05,2022,2022Q4,12,Dec,2022-12,Monday,0,False,Organic Green Tea Box,Food & Beverages,Asia Pacific,58.8,22.74,38.67
2022-12-06,2022,2022Q4,12,Dec,2022-12,Tuesday,1,False,Winter Jacket Premium,Clothing,Europe,293.6,81.73,27.84
2022-12-06,2022,2022Q4,12,Dec,2022-12,Tuesday,1,False,Bath Soap Pack,Beauty & Personal Care,Europe,36.47,21.98,60.27
2022-12-06,2022,2022Q4,12,Dec,2022-12,Tuesday,1,False,Sparkling Water 12-Pack,Food & Beverages,Asia Pacific,34.48,20.56,59.63
2022-12-06,2022,2022Q4,12,Dec,2022-12,Tuesday,1,False,Ballpoint Pen Box of 12,Office Supplies,Asia Pacific,32.85,18.2,55.4
2022-12-07,2022,2022Q4,12,Dec,2022-12,Wednesday,2,False,Throw Pillow Cover,Home & Garden,Europe,31.72,13.14,41.42
2022-12-08,2022,2022Q4,12,Dec,2022-12,Thursday,3,False,Indoor Planter Pot,Home & Garden,Middle East,28.06,11.95,42.59
2022-12-08,2022,2022Q4,12,Dec,2022-12,Thursday,3,False,Winter Jacket Premium,Clothing,North America,1624.98,501.74,30.88
2022-12-08,2022,2022Q4,12,Dec,2022-12,Thursday,3,False,Energy Drink 6-Pack,Food & Beverages,Asia Pacific,46.4,20.2,43.53
2022-12-08,2022,2022Q4,12,Dec,2022-12,Thursday,3,False,Classic Cotton T-Shirt,Clothing,Latin America,20.63,10.83,52.5
2022-12-08,2022,2022Q4,12,Dec,2022-12,Thursday,3,False,Winter Jacket Premium,Clothing,Middle East,975.54,297.73,30.52
2022-12-08,2022,2022Q4,12,Dec,2022-12,Thursday,3,False,Mixed Nuts Pack,Food & Beverages,North America,25.18,12.77,50.71
2022-12-10,2022,2022Q4,12,Dec,2022-12,Saturday,5,True,Mixed Nuts Pack,Food & Beverages,Asia Pacific,15.99,7.67,47.97
2022-12-10,2022,2022Q4,12,Dec,2022-12,Saturday,5,True,Organic Green Tea Box,Food & Beverages,Latin America,11.36,4.89,43.05
2022-12-10,2022,2022Q4,12,Dec,2022-12,Saturday,5,True,Water Bottle Stainless Steel,Sports & Outdoors,North America,44.57,16.88,37.87
2022-12-10,2022,2022Q4,12,Dec,2022-12,Saturday,5,True,USB-C Charging Cable,Electronics,North America,24.85,11.5,46.28
2022-12-11,2022,2022Q4,12,Dec,2022-12,Sunday,6,True,Bluetooth Speaker Mini,Electronics,Europe,72.44,23.59,32.56
2022-12-11,2022,2022Q4,12,Dec,2022-12,Sunday,6,True,Wool Blend Sweater,Clothing,Asia Pacific,167.58,78.02,46.56
2022-12-11,2022,2022Q4,12,Dec,2022-12,Sunday,6,True,Wireless Mouse,Electronics,Europe,103.16,42.65,41.34
2022-12-11,2022,2022Q4,12,Dec,2022-12,Sunday,6,True,Scented Candle Set,Home & Garden,North America,86.76,41.73,48.1
2022-12-14,2022,2022Q4,12,Dec,2022-12,Wednesday,2,False,Sticky Notes Pad,Office Supplies,Europe,20.61,10.86,52.69
2022-12-14,2022,2022Q4,12,Dec,2022-12,Wednesday,2,False,Gourmet Coffee Beans 1lb,Food & Beverages,North America,70.13,29.49,42.05
2022-12-14,2022,2022Q4,12,Dec,2022-12,Wednesday,2,False,Hair Shampoo 300ml,Beauty & Personal Care,Africa,6.81,2.97,43.61
2022-12-14,2022,2022Q4,12,Dec,2022-12,Wednesday,2,False,Resistance Bands Set,Sports & Outdoors,Latin America,15.97,7.27,45.52
2022-12-14,2022,2022Q4,12,Dec,2022-12,Wednesday,2,False,Lip Balm Set,Beauty & Personal Care,Europe,45.53,19.57,42.98
2022-12-15,2022,2022Q4,12,Dec,2022-12,Thursday,3,False,LED Desk Lamp,Home & Garden,North America,193.47,68.31,35.31
2022-12-15,2022,2022Q4,12,Dec,2022-12,Thursday,3,False,Mechanical Pencil Set,Office Supplies,North America,72.1,35.9,49.79
2022-12-16,2022,2022Q4,12,Dec,2022-12,Friday,4,False,Desk Organizer Tray,Office Supplies,Asia Pacific,89.84,34.63,38.55
2022-12-16,2022,2022Q4,12,Dec,2022-12,Friday,4,False,Smart Watch Basic,Electronics,Europe,700.72,194.44,27.75
2022-12-16,2022,2022Q4,12,Dec,2022-12,Friday,4,False,Kitchen Herb Garden,Home & Garden,North America,99.06,39.92,40.3
2022-12-16,2022,2022Q4,12,Dec,2022-12,Friday,4,False,Hand Cream Tube,Beauty & Personal Care,North America,36.04,20.83,57.8
2022-12-17,2022,2022Q4,12,Dec,2022-12,Saturday,5,True,Hair Shampoo 300ml,Beauty & Personal Care,North America,22.73,8.76,38.54
2022-12-18,2022,2022Q4,12,Dec,2022-12,Sunday,6,True,Indoor Planter Pot,Home & Garden,Middle East,102.66,39.17,38.16
2022-12-18,2022,2022Q4,12,Dec,2022-12,Sunday,6,True,Mixed Nuts Pack,Food & Beverages,Europe,78.23,41.59,53.16
2022-12-19,2022,2022Q4,12,Dec,2022-12,Monday,0,False,Face Moisturizer Cream,Beauty & Personal Care,Africa,62.64,29.51,47.11
2022-12-19,2022,2022Q4,12,Dec,2022-12,Monday,0,False,Face Moisturizer Cream,Beauty & Personal Care,North America,118.64,55.03,46.38
2022-12-19,2022,2022Q4,12,Dec,2022-12,Monday,0,False,Casual Button-Down Shirt,Clothing,Europe,65.03,34.89,53.65
2022-12-20,2022,2022Q4,12,Dec,2022-12,Tuesday,1,False,Scented Candle Set,Home & Garden,Europe,41.14,16.23,39.45
2022-12-20,2022,2022Q4,12,Dec,2022-12,Tuesday,1,False,Gourmet Coffee Beans 1lb,Food & Beverages,Middle East,17.7,7.17,40.51
2022-12-20,2022,2022Q4,12,Dec,2022-12,Tuesday,1,False,Hand Cream Tube,Beauty & Personal Care,Middle East,9.26,4.24,45.79
2022-12-21,2022,2022Q4,12,Dec,2022-12,Wednesday,2,False,Sunscreen SPF50 Tube,Sports & Outdoors,Africa,35.24,13.74,38.99
2022-12-21,2022,2022Q4,12,Dec,2022-12,Wednesday,2,False,Desk Organizer Tray,Office Supplies,North America,87.0,29.81,34.26
2022-12-21,2022,2022Q4,12,Dec,2022-12,Wednesday,2,False,Mixed Nuts Pack,Food & Beverages,Asia Pacific,30.42,14.99,49.28
2022-12-22,2022,2022Q4,12,Dec,2022-12,Thursday,3,False,Scented Candle Set,Home & Garden,Middle East,45.69,19.1,41.8
2022-12-23,2022,2022Q4,12,Dec,2022-12,Friday,4,False,Wireless Mouse,Electronics,Asia Pacific,76.51,32.69,42.73
2022-12-23,2022,2022Q4,12,Dec,2022-12,Friday,4,False,A4 Notebook Hardcover,Office Supplies,Europe,105.14,43.19,41.08
2022-12-23,2022,2022Q4,12,Dec,2022-12,Friday,4,False,Mixed Nuts Pack,Food & Beverages,North America,26.63,14.6,54.83
2022-12-23,2022,2022Q4,12,Dec,2022-12,Friday,4,False,LED Desk Lamp,Home & Garden,Europe,166.34,50.28,30.23
2022-12-23,2022,2022Q4,12,Dec,2022-12,Friday,4,False,Sparkling Water 12-Pack,Food & Beverages,Middle East,8.51,4.75,55.82
2022-12-23,2022,2022Q4,12,Dec,2022-12,Friday,4,False,Ballpoint Pen Box of 12,Office Supplies,Latin America,20.46,10.41,50.88
2022-12-24,2022,2022Q4,12,Dec,2022-12,Saturday,5,True,Portable Power Bank 10000mAh,Electronics,North America,145.99,48.87,33.47
2022-12-24,2022,2022Q4,12,Dec,2022-12,Saturday,5,True,Wireless Keyboard,Office Supplies,Europe,185.71,53.87,29.01
2022-12-24,2022,2022Q4,12,Dec,2022-12,Saturday,5,True,Resistance Bands Set,Sports & Outdoors,Europe,30.77,16.74,54.4
2022-12-25,2022,2022Q4,12,Dec,2022-12,Sunday,6,True,Mechanical Pencil Set,Office Supplies,North America,65.27,33.13,50.76
2022-12-25,2022,2022Q4,12,Dec,2022-12,Sunday,6,True,Sunscreen SPF50 Tube,Sports & Outdoors,Europe,23.21,11.13,47.95
2022-12-25,2022,2022Q4,12,Dec,2022-12,Sunday,6,True,Ballpoint Pen Box of 12,Office Supplies,Asia Pacific,11.1,6.64,59.82
2022-12-26,2022,2022Q4,12,Dec,2022-12,Monday,0,False,Indoor Planter Pot,Home & Garden,North America,62.44,26.38,42.25
2022-12-26,2022,2022Q4,12,Dec,2022-12,Monday,0,False,Ballpoint Pen Box of 12,Office Supplies,Asia Pacific,10.28,4.74,46.11
2022-12-27,2022,2022Q4,12,Dec,2022-12,Tuesday,1,False,Winter Jacket Premium,Clothing,North America,688.48,194.98,28.32
2022-12-27,2022,2022Q4,12,Dec,2022-12,Tuesday,1,False,Ballpoint Pen Box of 12,Office Supplies,Europe,15.9,8.34,52.45
2022-12-27,2022,2022Q4,12,Dec,2022-12,Tuesday,1,False,Portable Power Bank 10000mAh,Electronics,North America,166.26,45.99,27.66
2022-12-28,2022,2022Q4,12,Dec,2022-12,Wednesday,2,False,Running Sneakers,Clothing,Latin America,210.59,74.65,35.45
2022-12-28,2022,2022Q4,12,Dec,2022-12,Wednesday,2,False,Bluetooth Speaker Mini,Electronics,Africa,24.21,7.26,29.99
2022-12-29,2022,2022Q4,12,Dec,2022-12,Thursday,3,False,Sunscreen SPF50 Tube,Sports & Outdoors,Asia Pacific,16.76,7.63,45.53
2022-12-29,2022,2022Q4,12,Dec,2022-12,Thursday,3,False,Sparkling Water 12-Pack,Food & Beverages,Europe,13.18,7.38,55.99
2022-12-29,2022,2022Q4,12,Dec,2022-12,Thursday,3,False,Portable Power Bank 10000mAh,Electronics,Latin America,136.87,39.8,29.08
2022-12-29,2022,2022Q4,12,Dec,2022-12,Thursday,3,False,Yoga Mat Premium,Sports & Outdoors,North America,313.31,149.41,47.69
2022-12-29,2022,2022Q4,12,Dec,2022-12,Thursday,3,False,Wool Blend Sweater,Clothing,Asia Pacific,83.43,39.57,47.43
2022-12-29,2022,2022Q4,12,Dec,2022-12,Thursday,3,False,Scented Candle Set,Home & Garden,Europe,86.78,37.01,42.65
2022-12-30,2022,2022Q4,12,Dec,2022-12,Friday,4,False,Face Moisturizer Cream,Beauty & Personal Care,Europe,181.58,77.94,42.92
2022-12-30,2022,2022Q4,12,Dec,2022-12,Friday,4,False,Phone Grip Stand,Electronics,North America,40.19,17.69,44.02
2022-12-30,2022,2022Q4,12,Dec,2022-12,Friday,4,False,Winter Jacket Premium,Clothing,North America,1207.95,371.95,30.79
2022-12-31,2022,2022Q4,12,Dec,2022-12,Saturday,5,True,LED Desk Lamp,Home & Garden,North America,192.15,75.73,39.41
2022-12-31,2022,2022Q4,12,Dec,2022-12,Saturday,5,True,Resistance Bands Set,Sports & Outdoors,North America,71.41,34.04,47.67
2022-12-31,2022,2022Q4,12,Dec,2022-12,Saturday,5,True,Kitchen Herb Garden,Home & Garden,Middle East,78.41,29.5,37.62
2022-12-31,2022,2022Q4,12,Dec,2022-12,Saturday,5,True,Throw Pillow Cover,Home & Garden,Latin America,16.9,9.19,54.38
2023-01-01,2023,2023Q1,1,Jan,2023-01,Sunday,6,True,Ballpoint Pen Box of 12,Office Supplies,Europe,49.62,29.28,59.01
2023-01-01,2023,2023Q1,1,Jan,2023-01,Sunday,6,True,LED Desk Lamp,Home & Garden,Europe,55.18,16.45,29.81
2023-01-01,2023,2023Q1,1,Jan,2023-01,Sunday,6,True,Mixed Nuts Pack,Food & Beverages,Africa,24.04,13.04,54.24
2023-01-02,2023,2023Q1,1,Jan,2023-01,Monday,0,False,Wireless Mouse,Electronics,Latin America,15.15,6.08,40.13
2023-01-02,2023,2023Q1,1,Jan,2023-01,Monday,0,False,Dark Chocolate Bar,Food & Beverages,Europe,7.45,2.86,38.39
2023-01-02,2023,2023Q1,1,Jan,2023-01,Monday,0,False,Scented Candle Set,Home & Garden,North America,55.32,28.39,51.32
2023-01-02,2023,2023Q1,1,Jan,2023-01,Monday,0,False,Casual Button-Down Shirt,Clothing,Africa,12.72,6.32,49.69
2023-01-02,2023,2023Q1,1,Jan,2023-01,Monday,0,False,Wall Decor Frame,Home & Garden,Asia Pacific,47.75,19.29,40.4
2023-01-03,2023,2023Q1,1,Jan,2023-01,Tuesday,1,False,Denim Jeans Regular Fit,Clothing,Latin America,30.16,15.03,49.83
2023-01-03,2023,2023Q1,1,Jan,2023-01,Tuesday,1,False,Running Sneakers,Clothing,Europe,166.87,54.93,32.92
2023-01-03,2023,2023Q1,1,Jan,2023-01,Tuesday,1,False,Wall Decor Frame,Home & Garden,Africa,31.06,13.73,44.2
2023-01-03,2023,2023Q1,1,Jan,2023-01,Tuesday,1,False,Laptop Stand Adjustable,Electronics,North America,223.53,94.96,42.48
2023-01-03,2023,2023Q1,1,Jan,2023-01,Tuesday,1,False,Classic Cotton T-Shirt,Clothing,Asia Pacific,35.07,19.06,54.35
2023-01-04,2023,2023Q1,1,Jan,2023-01,Wednesday,2,False,Yoga Mat Premium,Sports & Outdoors,North America,99.61,38.52,38.67
2023-01-04,2023,2023Q1,1,Jan,2023-01,Wednesday,2,False,Phone Grip Stand,Electronics,Asia Pacific,16.33,8.08,49.48
2023-01-05,2023,2023Q1,1,Jan,2023-01,Thursday,3,False,Wall Decor Frame,Home & Garden,Latin America,15.53,7.25,46.68
2023-01-05,2023,2023Q1,1,Jan,2023-01,Thursday,3,False,Organic Green Tea Box,Food & Beverages,Middle East,9.61,3.53,36.73
2023-01-05,2023,2023Q1,1,Jan,2023-01,Thursday,3,False,LED Desk Lamp,Home & Garden,North America,117.07,41.07,35.08
2023-01-05,2023,2023Q1,1,Jan,2023-01,Thursday,3,False,Dark Chocolate Bar,Food & Beverages,Europe,7.09,2.82,39.77
2023-01-05,2023,2023Q1,1,Jan,2023-01,Thursday,3,False,Mechanical Pencil Set,Office Supplies,Middle East,32.37,15.14,46.77
2023-01-06,2023,2023Q1,1,Jan,2023-01,Friday,4,False,Energy Drink 6-Pack,Food & Beverages,Asia Pacific,38.06,16.14,42.41
2023-01-06,2023,2023Q1,1,Jan,2023-01,Friday,4,False,Sticky Notes Pad,Office Supplies,Asia Pacific,4.78,2.64,55.23
2023-01-07,2023,2023Q1,1,Jan,2023-01,Saturday,5,True,Lip Balm Set,Beauty & Personal Care,Europe,14.9,6.9,46.31
2023-01-07,2023,2023Q1,1,Jan,2023-01,Saturday,5,True,Gourmet Coffee Beans 1lb,Food & Beverages,Europe,102.34,39.77,38.86
2023-01-07,2023,2023Q1,1,Jan,2023-01,Saturday,5,True,Wireless Mouse,Electronics,Latin America,66.58,29.57,44.41
2023-01-08,2023,2023Q1,1,Jan,2023-01,Sunday,6,True,Resistance Bands Set,Sports & Outdoors,Asia Pacific,52.37,28.63,54.67
2023-01-08,2023,2023Q1,1,Jan,2023-01,Sunday,6,True,Smart Watch Basic,Electronics,Latin America,73.38,19.1,26.03
2023-01-10,2023,2023Q1,1,Jan,2023-01,Tuesday,1,False,Portable Power Bank 10000mAh,Electronics,Latin America,41.52,12.09,29.12
2023-01-11,2023,2023Q1,1,Jan,2023-01,Wednesday,2,False,Phone Grip Stand,Electronics,Middle East,22.05,10.2,46.26
2023-01-11,2023,2023Q1,1,Jan,2023-01,Wednesday,2,False,Ballpoint Pen Box of 12,Office Supplies,Europe,8.85,5.27,59.55
2023-01-11,2023,2023Q1,1,Jan,2023-01,Wednesday,2,False,Denim Jeans Regular Fit,Clothing,North America,133.11,59.21,44.48
2023-01-11,2023,2023Q1,1,Jan,2023-01,Wednesday,2,False,Smart Watch Basic,Electronics,Asia Pacific,358.51,99.76,27.83
2023-01-11,2023,2023Q1,1,Jan,2023-01,Wednesday,2,False,Organic Green Tea Box,Food & Beverages,Europe,14.48,5.24,36.19
2023-01-12,2023,2023Q1,1,Jan,2023-01,Thursday,3,False,LED Desk Lamp,Home & Garden,Europe,94.77,30.07,31.73
2023-01-12,2023,2023Q1,1,Jan,2023-01,Thursday,3,False,A4 Notebook Hardcover,Office Supplies,North America,17.48,7.26,41.53
2023-01-13,2023,2023Q1,1,Jan,2023-01,Friday,4,False,Yoga Mat Premium,Sports & Outdoors,Middle East,74.19,29.79,40.15
2023-01-13,2023,2023Q1,1,Jan,2023-01,Friday,4,False,Yoga Mat Premium,Sports & Outdoors,North America,97.72,41.66,42.63
2023-01-13,2023,2023Q1,1,Jan,2023-01,Friday,4,False,Wool Blend Sweater,Clothing,North America,78.08,39.45,50.53
2023-01-14,2023,2023Q1,1,Jan,2023-01,Saturday,5,True,Casual Button-Down Shirt,Clothing,North America,202.75,114.64,56.54
2023-01-14,2023,2023Q1,1,Jan,2023-01,Saturday,5,True,LED Desk Lamp,Home & Garden,Europe,186.24,66.15,35.52
2023-01-15,2023,2023Q1,1,Jan,2023-01,Sunday,6,True,Lip Balm Set,Beauty & Personal Care,Europe,32.62,17.23,52.82
2023-01-15,2023,2023Q1,1,Jan,2023-01,Sunday,6,True,Sticky Notes Pad,Office Supplies,Europe,19.43,12.08,62.17
2023-01-16,2023,2023Q1,1,Jan,2023-01,Monday,0,False,Water Bottle Stainless Steel,Sports & Outdoors,Africa,23.26,8.96,38.52
2023-01-16,2023,2023Q1,1,Jan,2023-01,Monday,0,False,A4 Notebook Hardcover,Office Supplies,Latin America,16.11,7.98,49.53
2023-01-17,2023,2023Q1,1,Jan,2023-01,Tuesday,1,False,Foldable Camping Chair,Sports & Outdoors,Europe,54.98,18.99,34.54
2023-01-17,2023,2023Q1,1,Jan,2023-01,Tuesday,1,False,Denim Jeans Regular Fit,Clothing,Europe,127.56,55.92,43.84
2023-01-17,2023,2023Q1,1,Jan,2023-01,Tuesday,1,False,Denim Jeans Regular Fit,Clothing,Latin America,60.45,25.25,41.77
2023-01-18,2023,2023Q1,1,Jan,2023-01,Wednesday,2,False,Denim Jeans Regular Fit,Clothing,Europe,56.58,28.13,49.72
2023-01-18,2023,2023Q1,1,Jan,2023-01,Wednesday,2,False,Hair Shampoo 300ml,Beauty & Personal Care,North America,59.92,23.78,39.69
2023-01-19,2023,2023Q1,1,Jan,2023-01,Thursday,3,False,Laptop Stand Adjustable,Electronics,North America,87.83,28.81,32.8
2023-01-20,2023,2023Q1,1,Jan,2023-01,Friday,4,False,Hand Cream Tube,Beauty & Personal Care,Middle East,6.31,2.87,45.48
2023-01-20,2023,2023Q1,1,Jan,2023-01,Friday,4,False,Wireless Bluetooth Headphones,Electronics,North America,94.99,38.09,40.1
2023-01-21,2023,2023Q1,1,Jan,2023-01,Saturday,5,True,Scented Candle Set,Home & Garden,Asia Pacific,76.93,33.1,43.03
2023-01-21,2023,2023Q1,1,Jan,2023-01,Saturday,5,True,Energy Drink 6-Pack,Food & Beverages,Africa,13.07,6.22,47.59
2023-01-22,2023,2023Q1,1,Jan,2023-01,Sunday,6,True,USB-C Charging Cable,Electronics,Europe,27.4,10.74,39.2
2023-01-22,2023,2023Q1,1,Jan,2023-01,Sunday,6,True,Wool Blend Sweater,Clothing,North America,334.45,149.0,44.55
2023-01-22,2023,2023Q1,1,Jan,2023-01,Sunday,6,True,Lip Balm Set,Beauty & Personal Care,North America,35.1,20.09,57.24
2023-01-23,2023,2023Q1,1,Jan,2023-01,Monday,0,False,Wireless Keyboard,Office Supplies,Europe,323.49,112.02,34.63
2023-01-24,2023,2023Q1,1,Jan,2023-01,Tuesday,1,False,Mixed Nuts Pack,Food & Beverages,North America,14.8,6.52,44.05
2023-01-25,2023,2023Q1,1,Jan,2023-01,Wednesday,2,False,Wireless Keyboard,Office Supplies,Middle East,35.02,11.26,32.15
2023-01-25,2023,2023Q1,1,Jan,2023-01,Wednesday,2,False,Gourmet Coffee Beans 1lb,Food & Beverages,Europe,20.34,7.57,37.22
2023-01-25,2023,2023Q1,1,Jan,2023-01,Wednesday,2,False,Mechanical Pencil Set,Office Supplies,North America,14.56,6.99,48.01
2023-01-26,2023,2023Q1,1,Jan,2023-01,Thursday,3,False,Casual Button-Down Shirt,Clothing,Africa,13.99,6.73,48.11
2023-01-26,2023,2023Q1,1,Jan,2023-01,Thursday,3,False,Lip Balm Set,Beauty & Personal Care,Latin America,16.08,8.65,53.79
2023-01-27,2023,2023Q1,1,Jan,2023-01,Friday,4,False,Yoga Mat Premium,Sports & Outdoors,North America,200.23,99.14,49.51
2023-01-28,2023,2023Q1,1,Jan,2023-01,Saturday,5,True,LED Desk Lamp,Home & Garden,Africa,73.22,23.43,32.0
2023-01-28,2023,2023Q1,1,Jan,2023-01,Saturday,5,True,Wireless Mouse,Electronics,North America,175.15,65.59,37.45
2023-01-28,2023,2023Q1,1,Jan,2023-01,Saturday,5,True,Desk Organizer Tray,Office Supplies,Africa,23.33,8.71,37.33
2023-01-29,2023,2023Q1,1,Jan,2023-01,Sunday,6,True,Classic Cotton T-Shirt,Clothing,North America,32.17,15.08,46.88
2023-01-29,2023,2023Q1,1,Jan,2023-01,Sunday,6,True,Resistance Bands Set,Sports & Outdoors,North America,122.17,52.94,43.33
2023-01-30,2023,2023Q1,1,Jan,2023-01,Monday,0,False,Casual Button-Down Shirt,Clothing,Europe,80.43,47.67,59.27
2023-01-30,2023,2023Q1,1,Jan,2023-01,Monday,0,False,Ballpoint Pen Box of 12,Office Supplies,Asia Pacific,12.52,5.66,45.21
2023-01-30,2023,2023Q1,1,Jan,2023-01,Monday,0,False,Wool Blend Sweater,Clothing,North America,85.31,36.1,42.32
2023-01-31,2023,2023Q1,1,Jan,2023-01,Tuesday,1,False,Foldable Camping Chair,Sports & Outdoors,Latin America,29.58,9.08,30.7
2023-01-31,2023,2023Q1,1,Jan,2023-01,Tuesday,1,False,Gourmet Coffee Beans 1lb,Food & Beverages,North America,23.84,8.92,37.42
2023-01-31,2023,2023Q1,1,Jan,2023-01,Tuesday,1,False,Hand Cream Tube,Beauty & Personal Care,Africa,3.27,1.61,49.24
2023-01-31,2023,2023Q1,1,Jan,2023-01,Tuesday,1,False,Laptop Stand Adjustable,Electronics,Middle East,45.7,15.93,34.86
2023-02-01,2023,2023Q1,2,Feb,2023-02,Wednesday,2,False,Phone Grip Stand,Electronics,North America,12.63,5.87,46.48
2023-02-01,2023,2023Q1,2,Feb,2023-02,Wednesday,2,False,Foldable Camping Chair,Sports & Outdoors,Europe,115.72,41.14,35.55
2023-02-01,2023,2023Q1,2,Feb,2023-02,Wednesday,2,False,Portable Power Bank 10000mAh,Electronics,Latin America,46.0,13.83,30.07
2023-02-02,2023,2023Q1,2,Feb,2023-02,Thursday,3,False,Hair Shampoo 300ml,Beauty & Personal Care,Latin America,7.55,3.48,46.09
2023-02-02,2023,2023Q1,2,Feb,2023-02,Thursday,3,False,Gourmet Coffee Beans 1lb,Food & Beverages,Europe,19.64,7.59,38.65
2023-02-03,2023,2023Q1,2,Feb,2023-02,Friday,4,False,Running Sneakers,Clothing,North America,104.94,44.71,42.61
2023-02-03,2023,2023Q1,2,Feb,2023-02,Friday,4,False,A4 Notebook Hardcover,Office Supplies,Europe,16.26,8.24,50.68
2023-02-03,2023,2023Q1,2,Feb,2023-02,Friday,4,False,Bluetooth Speaker Mini,Electronics,Europe,48.65,18.3,37.62
2023-02-04,2023,2023Q1,2,Feb,2023-02,Saturday,5,True,Gourmet Coffee Beans 1lb,Food & Beverages,North America,22.44,7.27,32.4
2023-02-04,2023,2023Q1,2,Feb,2023-02,Saturday,5,True,Lip Balm Set,Beauty & Personal Care,Middle East,9.91,4.52,45.61
2023-02-05,2023,2023Q1,2,Feb,2023-02,Sunday,6,True,Hair Shampoo 300ml,Beauty & Personal Care,Europe,28.11,13.17,46.85
2023-02-05,2023,2023Q1,2,Feb,2023-02,Sunday,6,True,Kitchen Herb Garden,Home & Garden,Asia Pacific,22.03,8.89,40.35
2023-02-06,2023,2023Q1,2,Feb,2023-02,Monday,0,False,Face Moisturizer Cream,Beauty & Personal Care,Latin America,67.56,33.38,49.41
2023-02-06,2023,2023Q1,2,Feb,2023-02,Monday,0,False,Laptop Stand Adjustable,Electronics,Latin America,20.36,6.89,33.84
2023-02-06,2023,2023Q1,2,Feb,2023-02,Monday,0,False,Wall Decor Frame,Home & Garden,Europe,29.84,12.03,40.32
2023-02-08,2023,2023Q1,2,Feb,2023-02,Wednesday,2,False,Dark Chocolate Bar,Food & Beverages,North America,8.68,4.17,48.04
2023-02-08,2023,2023Q1,2,Feb,2023-02,Wednesday,2,False,Sticky Notes Pad,Office Supplies,Europe,6.71,4.23,63.04
2023-02-09,2023,2023Q1,2,Feb,2023-02,Thursday,3,False,Yoga Mat Premium,Sports & Outdoors,Europe,50.39,24.09,47.81
2023-02-09,2023,2023Q1,2,Feb,2023-02,Thursday,3,False,Ballpoint Pen Box of 12,Office Supplies,Middle East,6.11,3.46,56.63
2023-02-09,2023,2023Q1,2,Feb,2023-02,Thursday,3,False,Phone Grip Stand,Electronics,Africa,3.43,1.6,46.65
2023-02-10,2023,2023Q1,2,Feb,2023-02,Friday,4,False,Sticky Notes Pad,Office Supplies,Europe,14.17,8.06,56.88
2023-02-11,2023,2023Q1,2,Feb,2023-02,Saturday,5,True,LED Desk Lamp,Home & Garden,Latin America,81.6,26.93,33.0
2023-02-11,2023,2023Q1,2,Feb,2023-02,Saturday,5,True,Hand Cream Tube,Beauty & Personal Care,Asia Pacific,7.46,3.75,50.27
2023-02-11,2023,2023Q1,2,Feb,2023-02,Saturday,5,True,Sparkling Water 12-Pack,Food & Beverages,Europe,19.39,10.32,53.22
2023-02-11,2023,2023Q1,2,Feb,2023-02,Saturday,5,True,Desk Organizer Tray,Office Supplies,Europe,50.98,18.93,37.13
2023-02-12,2023,2023Q1,2,Feb,2023-02,Sunday,6,True,Classic Cotton T-Shirt,Clothing,North America,31.54,16.76,53.14
2023-02-12,2023,2023Q1,2,Feb,2023-02,Sunday,6,True,Energy Drink 6-Pack,Food & Beverages,Europe,23.93,12.92,53.99
2023-02-12,2023,2023Q1,2,Feb,2023-02,Sunday,6,True,A4 Notebook Hardcover,Office Supplies,Europe,16.68,7.98,47.84
2023-02-13,2023,2023Q1,2,Feb,2023-02,Monday,0,False,Sticky Notes Pad,Office Supplies,Asia Pacific,19.62,9.74,49.64
2023-02-14,2023,2023Q1,2,Feb,2023-02,Tuesday,1,False,Ballpoint Pen Box of 12,Office Supplies,Asia Pacific,26.7,12.6,47.19
2023-02-14,2023,2023Q1,2,Feb,2023-02,Tuesday,1,False,Dark Chocolate Bar,Food & Beverages,Middle East,4.38,1.87,42.69
2023-02-14,2023,2023Q1,2,Feb,2023-02,Tuesday,1,False,Organic Green Tea Box,Food & Beverages,North America,17.61,8.5,48.27
2023-02-14,2023,2023Q1,2,Feb,2023-02,Tuesday,1,False,Scented Candle Set,Home & Garden,Middle East,15.89,6.39,40.21
2023-02-14,2023,2023Q1,2,Feb,2023-02,Tuesday,1,False,Foldable Camping Chair,Sports & Outdoors,Europe,57.08,20.87,36.56
2023-02-15,2023,2023Q1,2,Feb,2023-02,Wednesday,2,False,Lip Balm Set,Beauty & Personal Care,Middle East,17.38,9.26,53.28
2023-02-16,2023,2023Q1,2,Feb,2023-02,Thursday,3,False,Water Bottle Stainless Steel,Sports & Outdoors,Africa,31.59,14.55,46.06
2023-02-17,2023,2023Q1,2,Feb,2023-02,Friday,4,False,Hair Shampoo 300ml,Beauty & Personal Care,North America,17.9,8.17,45.64
2023-02-17,2023,2023Q1,2,Feb,2023-02,Friday,4,False,Lip Balm Set,Beauty & Personal Care,Asia Pacific,12.16,6.19,50.9
2023-02-17,2023,2023Q1,2,Feb,2023-02,Friday,4,False,Portable Power Bank 10000mAh,Electronics,Africa,30.07,8.43,28.03
2023-02-18,2023,2023Q1,2,Feb,2023-02,Saturday,5,True,Indoor Planter Pot,Home & Garden,Africa,23.73,8.11,34.18
2023-02-19,2023,2023Q1,2,Feb,2023-02,Sunday,6,True,Wool Blend Sweater,Clothing,Asia Pacific,54.05,27.46,50.8
2023-02-19,2023,2023Q1,2,Feb,2023-02,Sunday,6,True,Scented Candle Set,Home & Garden,North America,32.78,16.3,49.73
2023-02-19,2023,2023Q1,2,Feb,2023-02,Sunday,6,True,Organic Green Tea Box,Food & Beverages,Middle East,10.16,3.88,38.19
2023-02-19,2023,2023Q1,2,Feb,2023-02,Sunday,6,True,USB-C Charging Cable,Electronics,North America,15.19,7.06,46.48
2023-02-20,2023,2023Q1,2,Feb,2023-02,Monday,0,False,Laptop Stand Adjustable,Electronics,Latin America,54.23,22.69,41.84
2023-02-20,2023,2023Q1,2,Feb,2023-02,Monday,0,False,Resistance Bands Set,Sports & Outdoors,Middle East,11.83,6.01,50.8
2023-02-22,2023,2023Q1,2,Feb,2023-02,Wednesday,2,False,Organic Green Tea Box,Food & Beverages,Asia Pacific,11.21,5.13,45.76
2023-02-22,2023,2023Q1,2,Feb,2023-02,Wednesday,2,False,Hand Cream Tube,Beauty & Personal Care,Latin America,5.77,2.96,51.3
2023-02-23,2023,2023Q1,2,Feb,2023-02,Thursday,3,False,Sticky Notes Pad,Office Supplies,Middle East,7.02,4.23,60.26
2023-02-23,2023,2023Q1,2,Feb,2023-02,Thursday,3,False,Denim Jeans Regular Fit,Clothing,Asia Pacific,51.6,22.83,44.24
2023-02-23,2023,2023Q1,2,Feb,2023-02,Thursday,3,False,Energy Drink 6-Pack,Food & Beverages,North America,15.26,7.11,46.59
2023-02-24,2023,2023Q1,2,Feb,2023-02,Friday,4,False,Lip Balm Set,Beauty & Personal Care,Asia Pacific,12.83,6.26,48.79
2023-02-25,2023,2023Q1,2,Feb,2023-02,Saturday,5,True,Face Moisturizer Cream,Beauty & Personal Care,North America,153.57,75.63,49.25
2023-02-25,2023,2023Q1,2,Feb,2023-02,Saturday,5,True,Winter Jacket Premium,Clothing,Middle East,121.5,36.07,29.69
2023-02-26,2023,2023Q1,2,Feb,2023-02,Sunday,6,True,Lip Balm Set,Beauty & Personal Care,Asia Pacific,52.33,29.76,56.87
2023-02-26,2023,2023Q1,2,Feb,2023-02,Sunday,6,True,Mixed Nuts Pack,Food & Beverages,Asia Pacific,10.68,5.11,47.85
2023-02-26,2023,2023Q1,2,Feb,2023-02,Sunday,6,True,Lip Balm Set,Beauty & Personal Care,Middle East,10.13,4.78,47.19
2023-02-27,2023,2023Q1,2,Feb,2023-02,Monday,0,False,Hand Cream Tube,Beauty & Personal Care,Europe,11.49,6.74,58.66
2023-02-28,2023,2023Q1,2,Feb,2023-02,Tuesday,1,False,Laptop Stand Adjustable,Electronics,Europe,114.97,38.35,33.36
2023-02-28,2023,2023Q1,2,Feb,2023-02,Tuesday,1,False,Wireless Bluetooth Headphones,Electronics,North America,539.55,188.75,34.98
2023-03-01,2023,2023Q1,3,Mar,2023-03,Wednesday,2,False,Foldable Camping Chair,Sports & Outdoors,North America,140.85,46.5,33.01
2023-03-01,2023,2023Q1,3,Mar,2023-03,Wednesday,2,False,Foldable Camping Chair,Sports & Outdoors,Asia Pacific,52.38,16.52,31.54
2023-03-02,2023,2023Q1,3,Mar,2023-03,Thursday,3,False,Bath Soap Pack,Beauty & Personal Care,North America,50.62,30.23,59.72
2023-03-02,2023,2023Q1,3,Mar,2023-03,Thursday,3,False,Indoor Planter Pot,Home & Garden,Middle East,43.07,16.24,37.71
2023-03-03,2023,2023Q1,3,Mar,2023-03,Friday,4,False,Wireless Keyboard,Office Supplies,Europe,73.41,24.57,33.47
2023-03-04,2023,2023Q1,3,Mar,2023-03,Saturday,5,True,Scented Candle Set,Home & Garden,Europe,58.01,27.88,48.06
2023-03-04,2023,2023Q1,3,Mar,2023-03,Saturday,5,True,Foldable Camping Chair,Sports & Outdoors,Africa,41.72,13.1,31.4
2023-03-04,2023,2023Q1,3,Mar,2023-03,Saturday,5,True,Gourmet Coffee Beans 1lb,Food & Beverages,Asia Pacific,74.42,27.62,37.11
2023-03-05,2023,2023Q1,3,Mar,2023-03,Sunday,6,True,Ballpoint Pen Box of 12,Office Supplies,North America,27.53,13.79,50.09
2023-03-05,2023,2023Q1,3,Mar,2023-03,Sunday,6,True,Gourmet Coffee Beans 1lb,Food & Beverages,Europe,69.56,24.8,35.65
2023-03-05,2023,2023Q1,3,Mar,2023-03,Sunday,6,True,Hair Shampoo 300ml,Beauty & Personal Care,Europe,42.39,19.19,45.27
2023-03-07,2023,2023Q1,3,Mar,2023-03,Tuesday,1,False,Sticky Notes Pad,Office Supplies,Europe,7.01,4.41,62.91
2023-03-08,2023,2023Q1,3,Mar,2023-03,Wednesday,2,False,Organic Green Tea Box,Food & Beverages,North America,20.73,9.75,47.03
2023-03-09,2023,2023Q1,3,Mar,2023-03,Thursday,3,False,Wireless Mouse,Electronics,Middle East,19.5,7.06,36.21
2023-03-09,2023,2023Q1,3,Mar,2023-03,Thursday,3,False,Bluetooth Speaker Mini,Electronics,Latin America,51.83,15.31,29.54
2023-03-10,2023,2023Q1,3,Mar,2023-03,Friday,4,False,Organic Green Tea Box,Food & Beverages,Asia Pacific,28.48,10.9,38.27
2023-03-10,2023,2023Q1,3,Mar,2023-03,Friday,4,False,Sunscreen SPF50 Tube,Sports & Outdoors,North America,18.53,7.63,41.18
2023-03-10,2023,2023Q1,3,Mar,2023-03,Friday,4,False,Energy Drink 6-Pack,Food & Beverages,Latin America,7.27,3.39,46.63
2023-03-11,2023,2023Q1,3,Mar,2023-03,Saturday,5,True,Face Moisturizer Cream,Beauty & Personal Care,Africa,25.42,12.6,49.57
2023-03-12,2023,2023Q1,3,Mar,2023-03,Sunday,6,True,Water Bottle Stainless Steel,Sports & Outdoors,North America,34.11,14.42,42.27
2023-03-12,2023,2023Q1,3,Mar,2023-03,Sunday,6,True,Sticky Notes Pad,Office Supplies,Latin America,3.6,2.18,60.56
2023-03-13,2023,2023Q1,3,Mar,2023-03,Monday,0,False,Yoga Mat Premium,Sports & Outdoors,Africa,34.51,16.33,47.32
2023-03-14,2023,2023Q1,3,Mar,2023-03,Tuesday,1,False,Classic Cotton T-Shirt,Clothing,Africa,20.15,10.93,54.24
2023-03-14,2023,2023Q1,3,Mar,2023-03,Tuesday,1,False,Mixed Nuts Pack,Food & Beverages,Europe,47.72,26.67,55.89
2023-03-15,2023,2023Q1,3,Mar,2023-03,Wednesday,2,False,Denim Jeans Regular Fit,Clothing,North America,178.72,73.99,41.4
2023-03-15,2023,2023Q1,3,Mar,2023-03,Wednesday,2,False,Hand Cream Tube,Beauty & Personal Care,North America,15.38,8.93,58.06
2023-03-15,2023,2023Q1,3,Mar,2023-03,Wednesday,2,False,Lip Balm Set,Beauty & Personal Care,North America,20.58,11.81,57.39
2023-03-16,2023,2023Q1,3,Mar,2023-03,Thursday,3,False,Energy Drink 6-Pack,Food & Beverages,Latin America,14.9,8.11,54.43
2023-03-16,2023,2023Q1,3,Mar,2023-03,Thursday,3,False,Bath Soap Pack,Beauty & Personal Care,North America,10.71,6.62,61.81
2023-03-16,2023,2023Q1,3,Mar,2023-03,Thursday,3,False,Resistance Bands Set,Sports & Outdoors,Europe,96.29,41.15,42.74
2023-03-17,2023,2023Q1,3,Mar,2023-03,Friday,4,False,Casual Button-Down Shirt,Clothing,North America,103.14,46.32,44.91
2023-03-17,2023,2023Q1,3,Mar,2023-03,Friday,4,False,Winter Jacket Premium,Clothing,Asia Pacific,575.1,150.09,26.1
2023-03-17,2023,2023Q1,3,Mar,2023-03,Friday,4,False,Phone Grip Stand,Electronics,North America,14.69,6.89,46.9
2023-03-17,2023,2023Q1,3,Mar,2023-03,Friday,4,False,Yoga Mat Premium,Sports & Outdoors,Asia Pacific,187.73,89.43,47.64
2023-03-18,2023,2023Q1,3,Mar,2023-03,Saturday,5,True,Casual Button-Down Shirt,Clothing,Asia Pacific,67.37,37.5,55.66
2023-03-18,2023,2023Q1,3,Mar,2023-03,Saturday,5,True,Face Moisturizer Cream,Beauty & Personal Care,Africa,11.59,5.23,45.13
2023-03-18,2023,2023Q1,3,Mar,2023-03,Saturday,5,True,Sticky Notes Pad,Office Supplies,Asia Pacific,5.52,3.02,54.71
2023-03-19,2023,2023Q1,3,Mar,2023-03,Sunday,6,True,Phone Grip Stand,Electronics,Asia Pacific,8.27,3.77,45.59
2023-03-19,2023,2023Q1,3,Mar,2023-03,Sunday,6,True,Sparkling Water 12-Pack,Food & Beverages,North America,59.42,33.07,55.65
2023-03-20,2023,2023Q1,3,Mar,2023-03,Monday,0,False,Bath Soap Pack,Beauty & Personal Care,North America,21.44,11.07,51.63
2023-03-20,2023,2023Q1,3,Mar,2023-03,Monday,0,False,LED Desk Lamp,Home & Garden,Europe,176.61,58.63,33.2
2023-03-20,2023,2023Q1,3,Mar,2023-03,Monday,0,False,Mechanical Pencil Set,Office Supplies,Europe,14.57,8.28,56.83
2023-03-20,2023,2023Q1,3,Mar,2023-03,Monday,0,False,Casual Button-Down Shirt,Clothing,North America,107.85,48.61,45.07
2023-03-20,2023,2023Q1,3,Mar,2023-03,Monday,0,False,Wool Blend Sweater,Clothing,Asia Pacific,182.65,90.36,49.47
2023-03-21,2023,2023Q1,3,Mar,2023-03,Tuesday,1,False,Bath Soap Pack,Beauty & Personal Care,North America,24.4,13.58,55.66
2023-03-21,2023,2023Q1,3,Mar,2023-03,Tuesday,1,False,Throw Pillow Cover,Home & Garden,North America,26.45,11.75,44.42
2023-03-21,2023,2023Q1,3,Mar,2023-03,Tuesday,1,False,Wireless Bluetooth Headphones,Electronics,Europe,87.06,28.86,33.15
2023-03-22,2023,2023Q1,3,Mar,2023-03,Wednesday,2,False,Yoga Mat Premium,Sports & Outdoors,North America,64.52,25.8,39.99
2023-03-22,2023,2023Q1,3,Mar,2023-03,Wednesday,2,False,Mixed Nuts Pack,Food & Beverages,Europe,42.1,19.79,47.01
2023-03-22,2023,2023Q1,3,Mar,2023-03,Wednesday,2,False,Desk Organizer Tray,Office Supplies,Asia Pacific,22.21,9.13,41.11
2023-03-23,2023,2023Q1,3,Mar,2023-03,Thursday,3,False,Wireless Keyboard,Office Supplies,Latin America,106.32,34.2,32.17
2023-03-23,2023,2023Q1,3,Mar,2023-03,Thursday,3,False,Indoor Planter Pot,Home & Garden,Europe,75.68,28.9,38.19
2023-03-23,2023,2023Q1,3,Mar,2023-03,Thursday,3,False,Foldable Camping Chair,Sports & Outdoors,Middle East,35.94,13.13,36.53
2023-03-23,2023,2023Q1,3,Mar,2023-03,Thursday,3,False,Yoga Mat Premium,Sports & Outdoors,North America,138.13,69.84,50.56
2023-03-23,2023,2023Q1,3,Mar,2023-03,Thursday,3,False,Ballpoint Pen Box of 12,Office Supplies,Latin America,5.7,3.04,53.33
2023-03-24,2023,2023Q1,3,Mar,2023-03,Friday,4,False,Throw Pillow Cover,Home & Garden,Asia Pacific,49.73,25.74,51.76
2023-03-25,2023,2023Q1,3,Mar,2023-03,Saturday,5,True,Hand Cream Tube,Beauty & Personal Care,Europe,12.9,7.02,54.42
2023-03-25,2023,2023Q1,3,Mar,2023-03,Saturday,5,True,Laptop Stand Adjustable,Electronics,Middle East,23.0,9.35,40.65
2023-03-26,2023,2023Q1,3,Mar,2023-03,Sunday,6,True,Scented Candle Set,Home & Garden,Africa,10.7,5.21,48.69
2023-03-26,2023,2023Q1,3,Mar,2023-03,Sunday,6,True,Mechanical Pencil Set,Office Supplies,Africa,14.85,7.46,50.24
2023-03-26,2023,2023Q1,3,Mar,2023-03,Sunday,6,True,Classic Cotton T-Shirt,Clothing,Latin America,45.38,22.37,49.29
2023-03-26,2023,2023Q1,3,Mar,2023-03,Sunday,6,True,Resistance Bands Set,Sports & Outdoors,Middle East,26.46,14.56,55.03
2023-03-28,2023,2023Q1,3,Mar,2023-03,Tuesday,1,False,Sunscreen SPF50 Tube,Sports & Outdoors,Asia Pacific,13.39,6.03,45.03
2023-03-28,2023,2023Q1,3,Mar,2023-03,Tuesday,1,False,Denim Jeans Regular Fit,Clothing,Africa,118.63,61.98,52.25
2023-03-29,2023,2023Q1,3,Mar,2023-03,Wednesday,2,False,Foldable Camping Chair,Sports & Outdoors,Africa,42.62,14.15,33.2
2023-03-29,2023,2023Q1,3,Mar,2023-03,Wednesday,2,False,Sunscreen SPF50 Tube,Sports & Outdoors,North America,19.87,9.66,48.62
2023-03-29,2023,2023Q1,3,Mar,2023-03,Wednesday,2,False,Scented Candle Set,Home & Garden,North America,32.81,12.69,38.68
2023-03-29,2023,2023Q1,3,Mar,2023-03,Wednesday,2,False,Gourmet Coffee Beans 1lb,Food & Beverages,North America,49.99,19.2,38.41
2023-03-30,2023,2023Q1,3,Mar,2023-03,Thursday,3,False,Organic Green Tea Box,Food & Beverages,Latin America,9.6,3.77,39.27
2023-03-30,2023,2023Q1,3,Mar,2023-03,Thursday,3,False,Water Bottle Stainless Steel,Sports & Outdoors,North America,117.58,49.89,42.43
2023-03-31,2023,2023Q1,3,Mar,2023-03,Friday,4,False,LED Desk Lamp,Home & Garden,Africa,64.13,20.75,32.36
2023-03-31,2023,2023Q1,3,Mar,2023-03,Friday,4,False,Hair Shampoo 300ml,Beauty & Personal Care,Asia Pacific,11.86,6.02,50.76
2023-03-31,2023,2023Q1,3,Mar,2023-03,Friday,4,False,Mixed Nuts Pack,Food & Beverages,Africa,10.75,4.96,46.14
2023-04-01,2023,2023Q2,4,Apr,2023-04,Saturday,5,True,Foldable Camping Chair,Sports & Outdoors,Latin America,37.0,12.16,32.86
2023-04-01,2023,2023Q2,4,Apr,2023-04,Saturday,5,True,Gourmet Coffee Beans 1lb,Food & Beverages,North America,52.4,17.53,33.45
2023-04-01,2023,2023Q2,4,Apr,2023-04,Saturday,5,True,Yoga Mat Premium,Sports & Outdoors,North America,69.87,35.85,51.31
2023-04-02,2023,2023Q2,4,Apr,2023-04,Sunday,6,True,Water Bottle Stainless Steel,Sports & Outdoors,Europe,55.91,20.24,36.2
2023-04-02,2023,2023Q2,4,Apr,2023-04,Sunday,6,True,Resistance Bands Set,Sports & Outdoors,North America,26.54,12.46,46.95
2023-04-02,2023,2023Q2,4,Apr,2023-04,Sunday,6,True,Classic Cotton T-Shirt,Clothing,North America,187.58,94.77,50.52
2023-04-02,2023,2023Q2,4,Apr,2023-04,Sunday,6,True,Bath Soap Pack,Beauty & Personal Care,Asia Pacific,23.13,11.93,51.58
2023-04-02,2023,2023Q2,4,Apr,2023-04,Sunday,6,True,Hand Cream Tube,Beauty & Personal Care,Asia Pacific,19.76,9.13,46.2
2023-04-03,2023,2023Q2,4,Apr,2023-04,Monday,0,False,Dark Chocolate Bar,Food & Beverages,North America,37.14,16.4,44.16
2023-04-04,2023,2023Q2,4,Apr,2023-04,Tuesday,1,False,Hand Cream Tube,Beauty & Personal Care,Asia Pacific,27.19,16.1,59.21
2023-04-05,2023,2023Q2,4,Apr,2023-04,Wednesday,2,False,Dark Chocolate Bar,Food & Beverages,Asia Pacific,5.98,2.71,45.32
2023-04-05,2023,2023Q2,4,Apr,2023-04,Wednesday,2,False,Phone Grip Stand,Electronics,Asia Pacific,8.69,3.86,44.42
2023-04-05,2023,2023Q2,4,Apr,2023-04,Wednesday,2,False,Desk Organizer Tray,Office Supplies,North America,105.03,39.62,37.72
2023-04-05,2023,2023Q2,4,Apr,2023-04,Wednesday,2,False,Casual Button-Down Shirt,Clothing,North America,160.8,93.62,58.22
2023-04-05,2023,2023Q2,4,Apr,2023-04,Wednesday,2,False,Energy Drink 6-Pack,Food & Beverages,Asia Pacific,35.69,18.7,52.4
2023-04-06,2023,2023Q2,4,Apr,2023-04,Thursday,3,False,Bath Soap Pack,Beauty & Personal Care,Middle East,6.36,3.83,60.22
2023-04-06,2023,2023Q2,4,Apr,2023-04,Thursday,3,False,Mixed Nuts Pack,Food & Beverages,Europe,51.49,26.61,51.68
2023-04-06,2023,2023Q2,4,Apr,2023-04,Thursday,3,False,Desk Organizer Tray,Office Supplies,Latin America,30.78,12.96,42.11
2023-04-06,2023,2023Q2,4,Apr,2023-04,Thursday,3,False,Dark Chocolate Bar,Food & Beverages,Asia Pacific,6.86,3.11,45.34
2023-04-07,2023,2023Q2,4,Apr,2023-04,Friday,4,False,Wireless Keyboard,Office Supplies,Europe,79.99,26.98,33.73
2023-04-07,2023,2023Q2,4,Apr,2023-04,Friday,4,False,Desk Organizer Tray,Office Supplies,Latin America,15.74,5.74,36.47
2023-04-08,2023,2023Q2,4,Apr,2023-04,Saturday,5,True,Classic Cotton T-Shirt,Clothing,Asia Pacific,21.65,11.33,52.33
2023-04-08,2023,2023Q2,4,Apr,2023-04,Saturday,5,True,Running Sneakers,Clothing,Latin America,57.42,23.74,41.34
2023-04-08,2023,2023Q2,4,Apr,2023-04,Saturday,5,True,LED Desk Lamp,Home & Garden,Europe,195.89,62.05,31.68
2023-04-09,2023,2023Q2,4,Apr,2023-04,Sunday,6,True,Organic Green Tea Box,Food & Beverages,Latin America,8.82,4.08,46.26
2023-04-09,2023,2023Q2,4,Apr,2023-04,Sunday,6,True,Mechanical Pencil Set,Office Supplies,North America,33.01,17.75,53.77
2023-04-09,2023,2023Q2,4,Apr,2023-04,Sunday,6,True,Winter Jacket Premium,Clothing,Latin America,135.19,37.51,27.75
2023-04-10,2023,2023Q2,4,Apr,2023-04,Monday,0,False,Dark Chocolate Bar,Food & Beverages,Europe,7.94,3.58,45.09
2023-04-10,2023,2023Q2,4,Apr,2023-04,Monday,0,False,Dark Chocolate Bar,Food & Beverages,Asia Pacific,6.68,3.08,46.11
2023-04-11,2023,2023Q2,4,Apr,2023-04,Tuesday,1,False,Laptop Stand Adjustable,Electronics,North America,156.87,51.91,33.09
2023-04-13,2023,2023Q2,4,Apr,2023-04,Thursday,3,False,Indoor Planter Pot,Home & Garden,Europe,42.89,17.79,41.48
2023-04-14,2023,2023Q2,4,Apr,2023-04,Friday,4,False,Ballpoint Pen Box of 12,Office Supplies,North America,48.35,28.12,58.16
2023-04-15,2023,2023Q2,4,Apr,2023-04,Saturday,5,True,Classic Cotton T-Shirt,Clothing,Africa,9.55,5.56,58.22
2023-04-15,2023,2023Q2,4,Apr,2023-04,Saturday,5,True,Bluetooth Speaker Mini,Electronics,Europe,215.26,74.62,34.67
2023-04-16,2023,2023Q2,4,Apr,2023-04,Sunday,6,True,Dark Chocolate Bar,Food & Beverages,Middle East,21.87,10.04,45.91
2023-04-16,2023,2023Q2,4,Apr,2023-04,Sunday,6,True,Wireless Keyboard,Office Supplies,North America,174.2,58.62,33.65
2023-04-16,2023,2023Q2,4,Apr,2023-04,Sunday,6,True,Resistance Bands Set,Sports & Outdoors,Europe,26.0,12.59,48.42
2023-04-16,2023,2023Q2,4,Apr,2023-04,Sunday,6,True,Energy Drink 6-Pack,Food & Beverages,Middle East,35.8,17.33,48.41
2023-04-17,2023,2023Q2,4,Apr,2023-04,Monday,0,False,Organic Green Tea Box,Food & Beverages,Middle East,10.5,4.67,44.48
2023-04-18,2023,2023Q2,4,Apr,2023-04,Tuesday,1,False,LED Desk Lamp,Home & Garden,Latin America,30.05,11.64,38.74
2023-04-18,2023,2023Q2,4,Apr,2023-04,Tuesday,1,False,Water Bottle Stainless Steel,Sports & Outdoors,Latin America,42.74,19.29,45.13
2023-04-18,2023,2023Q2,4,Apr,2023-04,Tuesday,1,False,Water Bottle Stainless Steel,Sports & Outdoors,Asia Pacific,44.46,16.93,38.08
2023-04-19,2023,2023Q2,4,Apr,2023-04,Wednesday,2,False,Organic Green Tea Box,Food & Beverages,Europe,20.26,9.31,45.95
2023-04-20,2023,2023Q2,4,Apr,2023-04,Thursday,3,False,Laptop Stand Adjustable,Electronics,Europe,43.07,17.54,40.72
2023-04-20,2023,2023Q2,4,Apr,2023-04,Thursday,3,False,Denim Jeans Regular Fit,Clothing,Middle East,81.22,43.17,53.15
2023-04-20,2023,2023Q2,4,Apr,2023-04,Thursday,3,False,Hand Cream Tube,Beauty & Personal Care,North America,58.82,29.76,50.6
2023-04-20,2023,2023Q2,4,Apr,2023-04,Thursday,3,False,Indoor Planter Pot,Home & Garden,North America,50.53,18.45,36.51
2023-04-20,2023,2023Q2,4,Apr,2023-04,Thursday,3,False,Scented Candle Set,Home & Garden,Middle East,17.36,7.7,44.35
2023-04-20,2023,2023Q2,4,Apr,2023-04,Thursday,3,False,A4 Notebook Hardcover,Office Supplies,North America,65.0,25.68,39.51
2023-04-21,2023,2023Q2,4,Apr,2023-04,Friday,4,False,Sparkling Water 12-Pack,Food & Beverages,North America,14.42,6.53,45.28
2023-04-21,2023,2023Q2,4,Apr,2023-04,Friday,4,False,Running Sneakers,Clothing,Asia Pacific,275.49,108.57,39.41
2023-04-21,2023,2023Q2,4,Apr,2023-04,Friday,4,False,Indoor Planter Pot,Home & Garden,Asia Pacific,64.47,29.36,45.54
2023-04-21,2023,2023Q2,4,Apr,2023-04,Friday,4,False,Winter Jacket Premium,Clothing,Africa,86.07,27.11,31.5
2023-04-22,2023,2023Q2,4,Apr,2023-04,Saturday,5,True,Ballpoint Pen Box of 12,Office Supplies,Middle East,14.39,6.92,48.09
2023-04-23,2023,2023Q2,4,Apr,2023-04,Sunday,6,True,LED Desk Lamp,Home & Garden,Europe,189.23,68.97,36.45
2023-04-23,2023,2023Q2,4,Apr,2023-04,Sunday,6,True,Bath Soap Pack,Beauty & Personal Care,Asia Pacific,7.3,3.46,47.4
2023-04-23,2023,2023Q2,4,Apr,2023-04,Sunday,6,True,Yoga Mat Premium,Sports & Outdoors,Middle East,129.44,66.32,51.24
2023-04-23,2023,2023Q2,4,Apr,2023-04,Sunday,6,True,Gourmet Coffee Beans 1lb,Food & Beverages,North America,25.83,8.89,34.42
2023-04-24,2023,2023Q2,4,Apr,2023-04,Monday,0,False,Denim Jeans Regular Fit,Clothing,Europe,299.75,134.83,44.98
2023-04-24,2023,2023Q2,4,Apr,2023-04,Monday,0,False,Casual Button-Down Shirt,Clothing,Africa,17.44,9.54,54.7
2023-04-25,2023,2023Q2,4,Apr,2023-04,Tuesday,1,False,Classic Cotton T-Shirt,Clothing,North America,134.97,79.17,58.66
2023-04-25,2023,2023Q2,4,Apr,2023-04,Tuesday,1,False,Casual Button-Down Shirt,Clothing,Europe,95.79,56.65,59.14
2023-04-25,2023,2023Q2,4,Apr,2023-04,Tuesday,1,False,LED Desk Lamp,Home & Garden,Middle East,171.97,64.99,37.79
2023-04-25,2023,2023Q2,4,Apr,2023-04,Tuesday,1,False,Energy Drink 6-Pack,Food & Beverages,Africa,5.41,2.62,48.43
2023-04-26,2023,2023Q2,4,Apr,2023-04,Wednesday,2,False,Phone Grip Stand,Electronics,Europe,37.21,17.34,46.6
2023-04-26,2023,2023Q2,4,Apr,2023-04,Wednesday,2,False,Sunscreen SPF50 Tube,Sports & Outdoors,North America,20.08,8.62,42.93
2023-04-26,2023,2023Q2,4,Apr,2023-04,Wednesday,2,False,Mechanical Pencil Set,Office Supplies,North America,19.34,9.13,47.21
2023-04-27,2023,2023Q2,4,Apr,2023-04,Thursday,3,False,Throw Pillow Cover,Home & Garden,Asia Pacific,20.59,10.7,51.97
2023-04-28,2023,2023Q2,4,Apr,2023-04,Friday,4,False,USB-C Charging Cable,Electronics,Europe,46.81,19.26,41.15
2023-04-28,2023,2023Q2,4,Apr,2023-04,Friday,4,False,Wireless Keyboard,Office Supplies,North America,179.49,54.74,30.5
2023-04-29,2023,2023Q2,4,Apr,2023-04,Saturday,5,True,A4 Notebook Hardcover,Office Supplies,Africa,11.55,5.74,49.7
2023-04-29,2023,2023Q2,4,Apr,2023-04,Saturday,5,True,Kitchen Herb Garden,Home & Garden,Africa,22.25,7.85,35.28
2023-04-30,2023,2023Q2,4,Apr,2023-04,Sunday,6,True,Mixed Nuts Pack,Food & Beverages,Middle East,17.8,7.79,43.76
2023-04-30,2023,2023Q2,4,Apr,2023-04,Sunday,6,True,Scented Candle Set,Home & Garden,Latin America,30.93,14.6,47.2
2023-05-02,2023,2023Q2,5,May,2023-05,Tuesday,1,False,Mechanical Pencil Set,Office Supplies,Latin America,8.59,4.12,47.96
2023-05-03,2023,2023Q2,5,May,2023-05,Wednesday,2,False,Running Sneakers,Clothing,Latin America,57.68,24.55,42.56
2023-05-03,2023,2023Q2,5,May,2023-05,Wednesday,2,False,Hair Shampoo 300ml,Beauty & Personal Care,Europe,16.97,7.28,42.9
2023-05-03,2023,2023Q2,5,May,2023-05,Wednesday,2,False,Winter Jacket Premium,Clothing,Europe,269.95,91.75,33.99
2023-05-03,2023,2023Q2,5,May,2023-05,Wednesday,2,False,Yoga Mat Premium,Sports & Outdoors,Latin America,63.46,25.11,39.57
2023-05-04,2023,2023Q2,5,May,2023-05,Thursday,3,False,Denim Jeans Regular Fit,Clothing,Europe,74.12,31.29,42.22
2023-05-04,2023,2023Q2,5,May,2023-05,Thursday,3,False,Indoor Planter Pot,Home & Garden,Africa,15.11,6.82,45.14
2023-05-05,2023,2023Q2,5,May,2023-05,Friday,4,False,Denim Jeans Regular Fit,Clothing,Asia Pacific,59.92,25.66,42.82
2023-05-05,2023,2023Q2,5,May,2023-05,Friday,4,False,Wool Blend Sweater,Clothing,Europe,97.92,41.87,42.76
2023-05-05,2023,2023Q2,5,May,2023-05,Friday,4,False,Sunscreen SPF50 Tube,Sports & Outdoors,Africa,6.14,2.65,43.16
2023-05-05,2023,2023Q2,5,May,2023-05,Friday,4,False,Ballpoint Pen Box of 12,Office Supplies,Europe,47.38,25.37,53.55
2023-05-06,2023,2023Q2,5,May,2023-05,Saturday,5,True,Hair Shampoo 300ml,Beauty & Personal Care,Middle East,10.01,4.05,40.46
2023-05-06,2023,2023Q2,5,May,2023-05,Saturday,5,True,Sunscreen SPF50 Tube,Sports & Outdoors,Latin America,35.73,17.16,48.03
2023-05-06,2023,2023Q2,5,May,2023-05,Saturday,5,True,Running Sneakers,Clothing,North America,124.91,42.53,34.05
2023-05-06,2023,2023Q2,5,May,2023-05,Saturday,5,True,Casual Button-Down Shirt,Clothing,Europe,54.43,25.75,47.31
2023-05-07,2023,2023Q2,5,May,2023-05,Sunday,6,True,Resistance Bands Set,Sports & Outdoors,Latin America,13.39,7.3,54.52
2023-05-07,2023,2023Q2,5,May,2023-05,Sunday,6,True,Ballpoint Pen Box of 12,Office Supplies,Europe,11.18,5.14,45.97
2023-05-07,2023,2023Q2,5,May,2023-05,Sunday,6,True,Water Bottle Stainless Steel,Sports & Outdoors,Europe,62.44,24.91,39.89
2023-05-07,2023,2023Q2,5,May,2023-05,Sunday,6,True,Wool Blend Sweater,Clothing,Europe,94.12,38.64,41.05
2023-05-07,2023,2023Q2,5,May,2023-05,Sunday,6,True,Sparkling Water 12-Pack,Food & Beverages,North America,51.27,26.22,51.14
2023-05-07,2023,2023Q2,5,May,2023-05,Sunday,6,True,Kitchen Herb Garden,Home & Garden,North America,183.05,73.67,40.25
2023-05-08,2023,2023Q2,5,May,2023-05,Monday,0,False,Throw Pillow Cover,Home & Garden,North America,28.54,12.71,44.53
2023-05-09,2023,2023Q2,5,May,2023-05,Tuesday,1,False,Desk Organizer Tray,Office Supplies,Africa,20.55,7.66,37.27
2023-05-09,2023,2023Q2,5,May,2023-05,Tuesday,1,False,Face Moisturizer Cream,Beauty & Personal Care,Africa,13.78,7.36,53.41
2023-05-09,2023,2023Q2,5,May,2023-05,Tuesday,1,False,Lip Balm Set,Beauty & Personal Care,North America,46.63,23.41,50.2
2023-05-10,2023,2023Q2,5,May,2023-05,Wednesday,2,False,Energy Drink 6-Pack,Food & Beverages,Europe,16.18,6.7,41.41
2023-05-10,2023,2023Q2,5,May,2023-05,Wednesday,2,False,Resistance Bands Set,Sports & Outdoors,North America,30.89,17.58,56.91
2023-05-10,2023,2023Q2,5,May,2023-05,Wednesday,2,False,Portable Power Bank 10000mAh,Electronics,Asia Pacific,41.5,14.72,35.47
2023-05-10,2023,2023Q2,5,May,2023-05,Wednesday,2,False,Winter Jacket Premium,Clothing,Asia Pacific,199.27,53.07,26.63
2023-05-10,2023,2023Q2,5,May,2023-05,Wednesday,2,False,Smart Watch Basic,Electronics,Latin America,103.26,31.52,30.52
2023-05-11,2023,2023Q2,5,May,2023-05,Thursday,3,False,Energy Drink 6-Pack,Food & Beverages,Europe,16.93,7.41,43.77
2023-05-11,2023,2023Q2,5,May,2023-05,Thursday,3,False,Indoor Planter Pot,Home & Garden,Africa,47.77,20.57,43.06
2023-05-12,2023,2023Q2,5,May,2023-05,Friday,4,False,LED Desk Lamp,Home & Garden,Middle East,36.33,13.5,37.16
2023-05-12,2023,2023Q2,5,May,2023-05,Friday,4,False,Sparkling Water 12-Pack,Food & Beverages,Latin America,11.49,6.05,52.65
2023-05-13,2023,2023Q2,5,May,2023-05,Saturday,5,True,Casual Button-Down Shirt,Clothing,North America,125.98,59.74,47.42
2023-05-13,2023,2023Q2,5,May,2023-05,Saturday,5,True,Sparkling Water 12-Pack,Food & Beverages,Middle East,6.95,3.58,51.51
2023-05-13,2023,2023Q2,5,May,2023-05,Saturday,5,True,Kitchen Herb Garden,Home & Garden,Middle East,22.57,8.99,39.83
2023-05-13,2023,2023Q2,5,May,2023-05,Saturday,5,True,Running Sneakers,Clothing,Middle East,147.52,54.9,37.22
2023-05-13,2023,2023Q2,5,May,2023-05,Saturday,5,True,Sunscreen SPF50 Tube,Sports & Outdoors,North America,21.58,9.81,45.46
2023-05-14,2023,2023Q2,5,May,2023-05,Sunday,6,True,Bath Soap Pack,Beauty & Personal Care,Asia Pacific,8.16,4.33,53.06
2023-05-14,2023,2023Q2,5,May,2023-05,Sunday,6,True,Wool Blend Sweater,Clothing,North America,215.74,103.16,47.82
2023-05-14,2023,2023Q2,5,May,2023-05,Sunday,6,True,LED Desk Lamp,Home & Garden,North America,164.62,57.14,34.71
2023-05-15,2023,2023Q2,5,May,2023-05,Monday,0,False,Desk Organizer Tray,Office Supplies,Latin America,15.06,5.12,34.0
2023-05-16,2023,2023Q2,5,May,2023-05,Tuesday,1,False,Running Sneakers,Clothing,Middle East,220.98,73.51,33.27
2023-05-17,2023,2023Q2,5,May,2023-05,Wednesday,2,False,Wall Decor Frame,Home & Garden,Middle East,20.94,7.81,37.3
2023-05-17,2023,2023Q2,5,May,2023-05,Wednesday,2,False,Scented Candle Set,Home & Garden,Middle East,73.1,34.01,46.53
2023-05-17,2023,2023Q2,5,May,2023-05,Wednesday,2,False,Denim Jeans Regular Fit,Clothing,North America,86.55,36.02,41.62
2023-05-17,2023,2023Q2,5,May,2023-05,Wednesday,2,False,Foldable Camping Chair,Sports & Outdoors,Europe,67.1,20.93,31.19
2023-05-18,2023,2023Q2,5,May,2023-05,Thursday,3,False,Sunscreen SPF50 Tube,Sports & Outdoors,Europe,18.19,7.9,43.43
2023-05-18,2023,2023Q2,5,May,2023-05,Thursday,3,False,Wireless Bluetooth Headphones,Electronics,Europe,291.34,88.99,30.55
2023-05-19,2023,2023Q2,5,May,2023-05,Friday,4,False,Foldable Camping Chair,Sports & Outdoors,Europe,76.97,27.7,35.99
2023-05-19,2023,2023Q2,5,May,2023-05,Friday,4,False,Casual Button-Down Shirt,Clothing,Europe,53.89,31.21,57.91
2023-05-19,2023,2023Q2,5,May,2023-05,Friday,4,False,Wireless Keyboard,Office Supplies,North America,86.08,25.03,29.08
2023-05-20,2023,2023Q2,5,May,2023-05,Saturday,5,True,Scented Candle Set,Home & Garden,Europe,35.42,14.62,41.28
2023-05-20,2023,2023Q2,5,May,2023-05,Saturday,5,True,Bluetooth Speaker Mini,Electronics,Europe,61.34,21.51,35.07
2023-05-21,2023,2023Q2,5,May,2023-05,Sunday,6,True,Energy Drink 6-Pack,Food & Beverages,Africa,5.49,2.78,50.64
2023-05-22,2023,2023Q2,5,May,2023-05,Monday,0,False,Foldable Camping Chair,Sports & Outdoors,Latin America,34.65,10.43,30.1
2023-05-22,2023,2023Q2,5,May,2023-05,Monday,0,False,Smart Watch Basic,Electronics,Latin America,540.38,148.67,27.51
2023-05-23,2023,2023Q2,5,May,2023-05,Tuesday,1,False,Wireless Mouse,Electronics,Middle East,66.11,26.22,39.66
2023-05-23,2023,2023Q2,5,May,2023-05,Tuesday,1,False,Wool Blend Sweater,Clothing,Europe,190.42,92.61,48.63
2023-05-23,2023,2023Q2,5,May,2023-05,Tuesday,1,False,Sparkling Water 12-Pack,Food & Beverages,Latin America,12.74,6.37,50.0
2023-05-23,2023,2023Q2,5,May,2023-05,Tuesday,1,False,Organic Green Tea Box,Food & Beverages,Asia Pacific,14.12,5.39,38.17
2023-05-23,2023,2023Q2,5,May,2023-05,Tuesday,1,False,Bath Soap Pack,Beauty & Personal Care,North America,11.35,5.75,50.66
2023-05-23,2023,2023Q2,5,May,2023-05,Tuesday,1,False,A4 Notebook Hardcover,Office Supplies,North America,21.32,9.45,44.32
2023-05-24,2023,2023Q2,5,May,2023-05,Wednesday,2,False,Gourmet Coffee Beans 1lb,Food & Beverages,Asia Pacific,58.13,24.34,41.87
2023-05-25,2023,2023Q2,5,May,2023-05,Thursday,3,False,Mixed Nuts Pack,Food & Beverages,Middle East,20.05,9.0,44.89
2023-05-26,2023,2023Q2,5,May,2023-05,Friday,4,False,Scented Candle Set,Home & Garden,North America,69.34,35.18,50.74
2023-05-26,2023,2023Q2,5,May,2023-05,Friday,4,False,Gourmet Coffee Beans 1lb,Food & Beverages,North America,28.46,10.67,37.49
2023-05-26,2023,2023Q2,5,May,2023-05,Friday,4,False,Sunscreen SPF50 Tube,Sports & Outdoors,Africa,30.41,12.7,41.76
2023-05-27,2023,2023Q2,5,May,2023-05,Saturday,5,True,Smart Watch Basic,Electronics,Asia Pacific,162.4,50.75,31.25
2023-05-27,2023,2023Q2,5,May,2023-05,Saturday,5,True,Smart Watch Basic,Electronics,Africa,128.52,38.28,29.79
2023-05-28,2023,2023Q2,5,May,2023-05,Sunday,6,True,Energy Drink 6-Pack,Food & Beverages,Europe,15.44,7.65,49.55
2023-05-28,2023,2023Q2,5,May,2023-05,Sunday,6,True,Running Sneakers,Clothing,Europe,218.56,90.65,41.48
2023-05-28,2023,2023Q2,5,May,2023-05,Sunday,6,True,Phone Grip Stand,Electronics,Asia Pacific,9.24,4.57,49.46
2023-05-29,2023,2023Q2,5,May,2023-05,Monday,0,False,Portable Power Bank 10000mAh,Electronics,Asia Pacific,36.48,12.2,33.44
2023-05-29,2023,2023Q2,5,May,2023-05,Monday,0,False,Classic Cotton T-Shirt,Clothing,Asia Pacific,24.03,14.0,58.26
2023-05-30,2023,2023Q2,5,May,2023-05,Tuesday,1,False,Sticky Notes Pad,Office Supplies,North America,42.18,21.11,50.05
2023-05-30,2023,2023Q2,5,May,2023-05,Tuesday,1,False,Mechanical Pencil Set,Office Supplies,Latin America,17.26,8.66,50.17
2023-05-30,2023,2023Q2,5,May,2023-05,Tuesday,1,False,USB-C Charging Cable,Electronics,Europe,15.82,7.5,47.41
2023-05-31,2023,2023Q2,5,May,2023-05,Wednesday,2,False,Organic Green Tea Box,Food & Beverages,Latin America,18.13,7.88,43.46
2023-05-31,2023,2023Q2,5,May,2023-05,Wednesday,2,False,Water Bottle Stainless Steel,Sports & Outdoors,Africa,42.77,20.61,48.19
2023-05-31,2023,2023Q2,5,May,2023-05,Wednesday,2,False,Lip Balm Set,Beauty & Personal Care,Africa,7.21,3.08,42.72
2023-05-31,2023,2023Q2,5,May,2023-05,Wednesday,2,False,Sparkling Water 12-Pack,Food & Beverages,Asia Pacific,27.72,15.12,54.55
2023-06-01,2023,2023Q2,6,Jun,2023-06,Thursday,3,False,Yoga Mat Premium,Sports & Outdoors,Middle East,34.53,16.86,48.83
2023-06-01,2023,2023Q2,6,Jun,2023-06,Thursday,3,False,Phone Grip Stand,Electronics,Africa,4.33,2.42,55.89
2023-06-02,2023,2023Q2,6,Jun,2023-06,Friday,4,False,Scented Candle Set,Home & Garden,Europe,173.4,75.92,43.78
2023-06-03,2023,2023Q2,6,Jun,2023-06,Saturday,5,True,Lip Balm Set,Beauty & Personal Care,Middle East,11.95,6.81,56.99
2023-06-04,2023,2023Q2,6,Jun,2023-06,Sunday,6,True,Laptop Stand Adjustable,Electronics,Europe,50.01,18.38,36.75
2023-06-04,2023,2023Q2,6,Jun,2023-06,Sunday,6,True,LED Desk Lamp,Home & Garden,Asia Pacific,108.62,35.98,33.12
2023-06-04,2023,2023Q2,6,Jun,2023-06,Sunday,6,True,Phone Grip Stand,Electronics,Asia Pacific,11.76,6.67,56.72
2023-06-04,2023,2023Q2,6,Jun,2023-06,Sunday,6,True,Yoga Mat Premium,Sports & Outdoors,North America,76.23,31.5,41.32
2023-06-04,2023,2023Q2,6,Jun,2023-06,Sunday,6,True,Portable Power Bank 10000mAh,Electronics,Latin America,26.97,9.3,34.48
2023-06-04,2023,2023Q2,6,Jun,2023-06,Sunday,6,True,Mechanical Pencil Set,Office Supplies,Asia Pacific,26.7,15.04,56.33
2023-06-05,2023,2023Q2,6,Jun,2023-06,Monday,0,False,Gourmet Coffee Beans 1lb,Food & Beverages,Middle East,29.78,12.32,41.37
2023-06-05,2023,2023Q2,6,Jun,2023-06,Monday,0,False,Resistance Bands Set,Sports & Outdoors,North America,29.12,14.92,51.24
2023-06-05,2023,2023Q2,6,Jun,2023-06,Monday,0,False,Resistance Bands Set,Sports & Outdoors,Middle East,30.51,16.79,55.03
2023-06-05,2023,2023Q2,6,Jun,2023-06,Monday,0,False,Laptop Stand Adjustable,Electronics,Latin America,22.7,9.44,41.59
2023-06-06,2023,2023Q2,6,Jun,2023-06,Tuesday,1,False,Scented Candle Set,Home & Garden,Latin America,33.68,13.34,39.61
2023-06-06,2023,2023Q2,6,Jun,2023-06,Tuesday,1,False,Water Bottle Stainless Steel,Sports & Outdoors,Asia Pacific,23.43,9.11,38.88
2023-06-06,2023,2023Q2,6,Jun,2023-06,Tuesday,1,False,Energy Drink 6-Pack,Food & Beverages,Asia Pacific,24.73,12.64,51.11
2023-06-06,2023,2023Q2,6,Jun,2023-06,Tuesday,1,False,Foldable Camping Chair,Sports & Outdoors,Europe,407.23,138.82,34.09
2023-06-07,2023,2023Q2,6,Jun,2023-06,Wednesday,2,False,Hair Shampoo 300ml,Beauty & Personal Care,North America,22.25,8.8,39.55
2023-06-07,2023,2023Q2,6,Jun,2023-06,Wednesday,2,False,Wireless Mouse,Electronics,Europe,126.51,49.26,38.94
2023-06-07,2023,2023Q2,6,Jun,2023-06,Wednesday,2,False,Denim Jeans Regular Fit,Clothing,Africa,55.26,23.39,42.33
2023-06-08,2023,2023Q2,6,Jun,2023-06,Thursday,3,False,Denim Jeans Regular Fit,Clothing,Europe,80.54,42.4,52.64
2023-06-08,2023,2023Q2,6,Jun,2023-06,Thursday,3,False,Mechanical Pencil Set,Office Supplies,Asia Pacific,25.07,11.07,44.16
2023-06-09,2023,2023Q2,6,Jun,2023-06,Friday,4,False,Lip Balm Set,Beauty & Personal Care,Europe,103.21,58.62,56.8
2023-06-09,2023,2023Q2,6,Jun,2023-06,Friday,4,False,Lip Balm Set,Beauty & Personal Care,Asia Pacific,29.49,14.2,48.15
2023-06-10,2023,2023Q2,6,Jun,2023-06,Saturday,5,True,Mixed Nuts Pack,Food & Beverages,Middle East,21.4,9.79,45.75
2023-06-10,2023,2023Q2,6,Jun,2023-06,Saturday,5,True,Wool Blend Sweater,Clothing,Africa,35.98,16.15,44.89
2023-06-10,2023,2023Q2,6,Jun,2023-06,Saturday,5,True,Energy Drink 6-Pack,Food & Beverages,Middle East,42.03,22.49,53.51
2023-06-12,2023,2023Q2,6,Jun,2023-06,Monday,0,False,Wireless Mouse,Electronics,Africa,30.59,11.6,37.92
2023-06-12,2023,2023Q2,6,Jun,2023-06,Monday,0,False,Mixed Nuts Pack,Food & Beverages,Africa,5.75,2.97,51.65
2023-06-12,2023,2023Q2,6,Jun,2023-06,Monday,0,False,Organic Green Tea Box,Food & Beverages,Europe,67.63,25.34,37.47
2023-06-13,2023,2023Q2,6,Jun,2023-06,Tuesday,1,False,Hand Cream Tube,Beauty & Personal Care,Europe,13.95,7.72,55.34
2023-06-13,2023,2023Q2,6,Jun,2023-06,Tuesday,1,False,Laptop Stand Adjustable,Electronics,Asia Pacific,80.67,32.53,40.32
2023-06-14,2023,2023Q2,6,Jun,2023-06,Wednesday,2,False,Mixed Nuts Pack,Food & Beverages,Middle East,41.41,20.4,49.26
2023-06-15,2023,2023Q2,6,Jun,2023-06,Thursday,3,False,Scented Candle Set,Home & Garden,North America,175.77,82.36,46.86
2023-06-16,2023,2023Q2,6,Jun,2023-06,Friday,4,False,A4 Notebook Hardcover,Office Supplies,North America,50.43,19.46,38.59
2023-06-17,2023,2023Q2,6,Jun,2023-06,Saturday,5,True,A4 Notebook Hardcover,Office Supplies,Middle East,25.12,10.06,40.05
2023-06-17,2023,2023Q2,6,Jun,2023-06,Saturday,5,True,Lip Balm Set,Beauty & Personal Care,Middle East,27.25,11.65,42.75
2023-06-17,2023,2023Q2,6,Jun,2023-06,Saturday,5,True,USB-C Charging Cable,Electronics,North America,22.49,11.45,50.91
2023-06-17,2023,2023Q2,6,Jun,2023-06,Saturday,5,True,Phone Grip Stand,Electronics,Asia Pacific,20.37,9.97,48.94
2023-06-18,2023,2023Q2,6,Jun,2023-06,Sunday,6,True,Sparkling Water 12-Pack,Food & Beverages,Asia Pacific,9.61,5.46,56.82
2023-06-18,2023,2023Q2,6,Jun,2023-06,Sunday,6,True,Portable Power Bank 10000mAh,Electronics,Asia Pacific,45.29,16.01,35.35
2023-06-18,2023,2023Q2,6,Jun,2023-06,Sunday,6,True,Mechanical Pencil Set,Office Supplies,Asia Pacific,23.87,12.6,52.79
2023-06-18,2023,2023Q2,6,Jun,2023-06,Sunday,6,True,Laptop Stand Adjustable,Electronics,North America,58.32,20.21,34.65
2023-06-19,2023,2023Q2,6,Jun,2023-06,Monday,0,False,Scented Candle Set,Home & Garden,Europe,196.25,84.4,43.01
2023-06-19,2023,2023Q2,6,Jun,2023-06,Monday,0,False,Bluetooth Speaker Mini,Electronics,North America,214.44,79.44,37.05
2023-06-20,2023,2023Q2,6,Jun,2023-06,Tuesday,1,False,Winter Jacket Premium,Clothing,Europe,289.39,98.87,34.16
2023-06-20,2023,2023Q2,6,Jun,2023-06,Tuesday,1,False,Portable Power Bank 10000mAh,Electronics,North America,66.22,23.25,35.11
2023-06-21,2023,2023Q2,6,Jun,2023-06,Wednesday,2,False,Wall Decor Frame,Home & Garden,Latin America,44.73,20.42,45.65
2023-06-21,2023,2023Q2,6,Jun,2023-06,Wednesday,2,False,A4 Notebook Hardcover,Office Supplies,North America,26.58,10.6,39.88
2023-06-21,2023,2023Q2,6,Jun,2023-06,Wednesday,2,False,Running Sneakers,Clothing,Africa,38.92,12.84,32.99
2023-06-21,2023,2023Q2,6,Jun,2023-06,Wednesday,2,False,Bluetooth Speaker Mini,Electronics,Middle East,36.45,11.8,32.37
2023-06-22,2023,2023Q2,6,Jun,2023-06,Thursday,3,False,Water Bottle Stainless Steel,Sports & Outdoors,North America,38.25,13.73,35.9
2023-06-22,2023,2023Q2,6,Jun,2023-06,Thursday,3,False,USB-C Charging Cable,Electronics,North America,20.1,9.13,45.42
2023-06-24,2023,2023Q2,6,Jun,2023-06,Saturday,5,True,Wireless Keyboard,Office Supplies,Latin America,87.1,31.72,36.42
2023-06-24,2023,2023Q2,6,Jun,2023-06,Saturday,5,True,Sunscreen SPF50 Tube,Sports & Outdoors,Middle East,12.67,5.34,42.15
2023-06-24,2023,2023Q2,6,Jun,2023-06,Saturday,5,True,Resistance Bands Set,Sports & Outdoors,Asia Pacific,64.45,35.92,55.73
2023-06-24,2023,2023Q2,6,Jun,2023-06,Saturday,5,True,Laptop Stand Adjustable,Electronics,Asia Pacific,39.11,13.23,33.83
2023-06-25,2023,2023Q2,6,Jun,2023-06,Sunday,6,True,Bath Soap Pack,Beauty & Personal Care,North America,12.86,6.35,49.38
2023-06-25,2023,2023Q2,6,Jun,2023-06,Sunday,6,True,Bluetooth Speaker Mini,Electronics,Europe,62.33,22.19,35.6
2023-06-25,2023,2023Q2,6,Jun,2023-06,Sunday,6,True,Sparkling Water 12-Pack,Food & Beverages,Africa,8.47,4.04,47.7
2023-06-25,2023,2023Q2,6,Jun,2023-06,Sunday,6,True,Mechanical Pencil Set,Office Supplies,Africa,6.28,3.33,53.03
2023-06-25,2023,2023Q2,6,Jun,2023-06,Sunday,6,True,Mixed Nuts Pack,Food & Beverages,Asia Pacific,26.67,11.38,42.67
2023-06-26,2023,2023Q2,6,Jun,2023-06,Monday,0,False,Water Bottle Stainless Steel,Sports & Outdoors,North America,39.63,18.28,46.13
2023-06-27,2023,2023Q2,6,Jun,2023-06,Tuesday,1,False,Bluetooth Speaker Mini,Electronics,North America,72.71,21.7,29.84
2023-06-28,2023,2023Q2,6,Jun,2023-06,Wednesday,2,False,Bath Soap Pack,Beauty & Personal Care,Latin America,17.71,9.37,52.91
2023-06-29,2023,2023Q2,6,Jun,2023-06,Thursday,3,False,Ballpoint Pen Box of 12,Office Supplies,Middle East,7.05,3.76,53.33
2023-06-29,2023,2023Q2,6,Jun,2023-06,Thursday,3,False,Throw Pillow Cover,Home & Garden,Europe,85.52,41.07,48.02
2023-06-30,2023,2023Q2,6,Jun,2023-06,Friday,4,False,Portable Power Bank 10000mAh,Electronics,North America,64.79,18.2,28.09
2023-07-01,2023,2023Q3,7,Jul,2023-07,Saturday,5,True,Hair Shampoo 300ml,Beauty & Personal Care,Europe,20.84,9.17,44.0
2023-07-01,2023,2023Q3,7,Jul,2023-07,Saturday,5,True,Hand Cream Tube,Beauty & Personal Care,Europe,13.92,6.38,45.83
2023-07-03,2023,2023Q3,7,Jul,2023-07,Monday,0,False,Indoor Planter Pot,Home & Garden,Europe,89.52,35.21,39.33
2023-07-03,2023,2023Q3,7,Jul,2023-07,Monday,0,False,Sparkling Water 12-Pack,Food & Beverages,North America,49.65,24.37,49.08
2023-07-03,2023,2023Q3,7,Jul,2023-07,Monday,0,False,Bluetooth Speaker Mini,Electronics,Africa,21.11,7.0,33.16
2023-07-03,2023,2023Q3,7,Jul,2023-07,Monday,0,False,Desk Organizer Tray,Office Supplies,Asia Pacific,91.56,34.0,37.13
2023-07-03,2023,2023Q3,7,Jul,2023-07,Monday,0,False,Desk Organizer Tray,Office Supplies,North America,206.19,71.77,34.81
2023-07-04,2023,2023Q3,7,Jul,2023-07,Tuesday,1,False,Indoor Planter Pot,Home & Garden,North America,53.45,20.82,38.95
2023-07-04,2023,2023Q3,7,Jul,2023-07,Tuesday,1,False,LED Desk Lamp,Home & Garden,Europe,246.08,84.94,34.52
2023-07-04,2023,2023Q3,7,Jul,2023-07,Tuesday,1,False,Wireless Mouse,Electronics,Asia Pacific,34.67,12.0,34.61
2023-07-05,2023,2023Q3,7,Jul,2023-07,Wednesday,2,False,Wireless Mouse,Electronics,Europe,136.29,61.54,45.15
2023-07-06,2023,2023Q3,7,Jul,2023-07,Thursday,3,False,Sticky Notes Pad,Office Supplies,Africa,5.56,3.23,58.09
2023-07-06,2023,2023Q3,7,Jul,2023-07,Thursday,3,False,Indoor Planter Pot,Home & Garden,Europe,163.17,60.43,37.03
2023-07-07,2023,2023Q3,7,Jul,2023-07,Friday,4,False,Bluetooth Speaker Mini,Electronics,Middle East,164.21,59.09,35.98
2023-07-08,2023,2023Q3,7,Jul,2023-07,Saturday,5,True,Casual Button-Down Shirt,Clothing,North America,63.64,32.42,50.94
2023-07-08,2023,2023Q3,7,Jul,2023-07,Saturday,5,True,Ballpoint Pen Box of 12,Office Supplies,Europe,25.42,11.72,46.11
2023-07-08,2023,2023Q3,7,Jul,2023-07,Saturday,5,True,Wireless Keyboard,Office Supplies,Africa,85.75,28.64,33.4
2023-07-08,2023,2023Q3,7,Jul,2023-07,Saturday,5,True,Running Sneakers,Clothing,Europe,251.94,99.0,39.3
2023-07-08,2023,2023Q3,7,Jul,2023-07,Saturday,5,True,Kitchen Herb Garden,Home & Garden,Asia Pacific,28.5,12.42,43.58
2023-07-08,2023,2023Q3,7,Jul,2023-07,Saturday,5,True,Bath Soap Pack,Beauty & Personal Care,Latin America,26.15,15.62,59.73
2023-07-11,2023,2023Q3,7,Jul,2023-07,Tuesday,1,False,LED Desk Lamp,Home & Garden,Middle East,40.94,15.14,36.98
2023-07-11,2023,2023Q3,7,Jul,2023-07,Tuesday,1,False,Mechanical Pencil Set,Office Supplies,Europe,53.8,27.25,50.65
2023-07-12,2023,2023Q3,7,Jul,2023-07,Wednesday,2,False,Resistance Bands Set,Sports & Outdoors,Asia Pacific,91.38,45.56,49.86
2023-07-12,2023,2023Q3,7,Jul,2023-07,Wednesday,2,False,Yoga Mat Premium,Sports & Outdoors,Europe,70.24,31.54,44.9
2023-07-13,2023,2023Q3,7,Jul,2023-07,Thursday,3,False,Wireless Keyboard,Office Supplies,Africa,63.82,22.78,35.69
2023-07-13,2023,2023Q3,7,Jul,2023-07,Thursday,3,False,Gourmet Coffee Beans 1lb,Food & Beverages,Europe,61.42,21.64,35.23
2023-07-13,2023,2023Q3,7,Jul,2023-07,Thursday,3,False,Face Moisturizer Cream,Beauty & Personal Care,Europe,229.81,118.04,51.36
2023-07-13,2023,2023Q3,7,Jul,2023-07,Thursday,3,False,Portable Power Bank 10000mAh,Electronics,North America,145.29,52.5,36.13
2023-07-14,2023,2023Q3,7,Jul,2023-07,Friday,4,False,Throw Pillow Cover,Home & Garden,Asia Pacific,23.27,10.85,46.63
2023-07-14,2023,2023Q3,7,Jul,2023-07,Friday,4,False,Water Bottle Stainless Steel,Sports & Outdoors,North America,76.85,33.62,43.75
2023-07-15,2023,2023Q3,7,Jul,2023-07,Saturday,5,True,Sparkling Water 12-Pack,Food & Beverages,Africa,14.11,7.8,55.28
2023-07-15,2023,2023Q3,7,Jul,2023-07,Saturday,5,True,Phone Grip Stand,Electronics,Europe,15.2,8.52,56.05
2023-07-15,2023,2023Q3,7,Jul,2023-07,Saturday,5,True,Scented Candle Set,Home & Garden,Latin America,34.26,16.07,46.91
2023-07-15,2023,2023Q3,7,Jul,2023-07,Saturday,5,True,Sunscreen SPF50 Tube,Sports & Outdoors,Europe,57.64,24.24,42.05
2023-07-15,2023,2023Q3,7,Jul,2023-07,Saturday,5,True,Yoga Mat Premium,Sports & Outdoors,Europe,123.42,49.67,40.24
2023-07-15,2023,2023Q3,7,Jul,2023-07,Saturday,5,True,A4 Notebook Hardcover,Office Supplies,Europe,88.63,40.54,45.74
2023-07-16,2023,2023Q3,7,Jul,2023-07,Sunday,6,True,Classic Cotton T-Shirt,Clothing,North America,43.35,26.09,60.18
2023-07-16,2023,2023Q3,7,Jul,2023-07,Sunday,6,True,Scented Candle Set,Home & Garden,Europe,38.6,19.3,50.0
2023-07-16,2023,2023Q3,7,Jul,2023-07,Sunday,6,True,Throw Pillow Cover,Home & Garden,Asia Pacific,64.52,28.36,43.96
2023-07-17,2023,2023Q3,7,Jul,2023-07,Monday,0,False,Phone Grip Stand,Electronics,North America,18.04,9.74,53.99
2023-07-17,2023,2023Q3,7,Jul,2023-07,Monday,0,False,A4 Notebook Hardcover,Office Supplies,Africa,7.39,3.7,50.07
2023-07-18,2023,2023Q3,7,Jul,2023-07,Tuesday,1,False,Denim Jeans Regular Fit,Clothing,Middle East,101.16,49.34,48.77
2023-07-18,2023,2023Q3,7,Jul,2023-07,Tuesday,1,False,Bluetooth Speaker Mini,Electronics,Europe,125.44,42.03,33.51
2023-07-18,2023,2023Q3,7,Jul,2023-07,Tuesday,1,False,Casual Button-Down Shirt,Clothing,Asia Pacific,83.49,44.77,53.62
2023-07-18,2023,2023Q3,7,Jul,2023-07,Tuesday,1,False,Portable Power Bank 10000mAh,Electronics,North America,69.93,21.73,31.07
2023-07-19,2023,2023Q3,7,Jul,2023-07,Wednesday,2,False,Sunscreen SPF50 Tube,Sports & Outdoors,North America,26.61,13.69,51.45
2023-07-20,2023,2023Q3,7,Jul,2023-07,Thursday,3,False,Sticky Notes Pad,Office Supplies,North America,53.05,30.82,58.1
2023-07-20,2023,2023Q3,7,Jul,2023-07,Thursday,3,False,Dark Chocolate Bar,Food & Beverages,Europe,9.89,4.68,47.32
2023-07-21,2023,2023Q3,7,Jul,2023-07,Friday,4,False,Portable Power Bank 10000mAh,Electronics,Latin America,64.14,20.64,32.18
2023-07-21,2023,2023Q3,7,Jul,2023-07,Friday,4,False,Hair Shampoo 300ml,Beauty & Personal Care,Africa,6.13,3.04,49.59
2023-07-23,2023,2023Q3,7,Jul,2023-07,Sunday,6,True,Energy Drink 6-Pack,Food & Beverages,North America,78.73,41.43,52.62
2023-07-23,2023,2023Q3,7,Jul,2023-07,Sunday,6,True,Wall Decor Frame,Home & Garden,North America,229.84,110.9,48.25
2023-07-23,2023,2023Q3,7,Jul,2023-07,Sunday,6,True,Wall Decor Frame,Home & Garden,Asia Pacific,36.76,17.03,46.33
2023-07-24,2023,2023Q3,7,Jul,2023-07,Monday,0,False,Hand Cream Tube,Beauty & Personal Care,Europe,63.88,29.32,45.9
2023-07-24,2023,2023Q3,7,Jul,2023-07,Monday,0,False,Bluetooth Speaker Mini,Electronics,Asia Pacific,47.66,16.49,34.6
2023-07-24,2023,2023Q3,7,Jul,2023-07,Monday,0,False,Bluetooth Speaker Mini,Electronics,Latin America,31.81,9.02,28.36
2023-07-24,2023,2023Q3,7,Jul,2023-07,Monday,0,False,Bluetooth Speaker Mini,Electronics,North America,78.24,29.26,37.4
2023-07-25,2023,2023Q3,7,Jul,2023-07,Tuesday,1,False,Yoga Mat Premium,Sports & Outdoors,Europe,71.35,29.23,40.97
2023-07-25,2023,2023Q3,7,Jul,2023-07,Tuesday,1,False,Kitchen Herb Garden,Home & Garden,North America,136.15,50.1,36.8
2023-07-25,2023,2023Q3,7,Jul,2023-07,Tuesday,1,False,Portable Power Bank 10000mAh,Electronics,Asia Pacific,82.05,24.47,29.82
2023-07-25,2023,2023Q3,7,Jul,2023-07,Tuesday,1,False,Bluetooth Speaker Mini,Electronics,North America,255.8,76.05,29.73
2023-07-26,2023,2023Q3,7,Jul,2023-07,Wednesday,2,False,Kitchen Herb Garden,Home & Garden,North America,252.04,113.96,45.22
2023-07-27,2023,2023Q3,7,Jul,2023-07,Thursday,3,False,Wool Blend Sweater,Clothing,Asia Pacific,73.62,35.86,48.71
2023-07-28,2023,2023Q3,7,Jul,2023-07,Friday,4,False,Wireless Bluetooth Headphones,Electronics,Europe,112.45,34.76,30.91
2023-07-29,2023,2023Q3,7,Jul,2023-07,Saturday,5,True,Kitchen Herb Garden,Home & Garden,Europe,80.47,28.49,35.4
2023-07-29,2023,2023Q3,7,Jul,2023-07,Saturday,5,True,Wireless Bluetooth Headphones,Electronics,North America,148.3,45.1,30.41
2023-07-29,2023,2023Q3,7,Jul,2023-07,Saturday,5,True,Running Sneakers,Clothing,North America,669.5,240.23,35.88
2023-07-30,2023,2023Q3,7,Jul,2023-07,Sunday,6,True,Resistance Bands Set,Sports & Outdoors,Asia Pacific,43.73,21.24,48.57
2023-07-30,2023,2023Q3,7,Jul,2023-07,Sunday,6,True,USB-C Charging Cable,Electronics,North America,23.47,10.72,45.68
2023-07-30,2023,2023Q3,7,Jul,2023-07,Sunday,6,True,Energy Drink 6-Pack,Food & Beverages,Latin America,8.41,3.84,45.66
2023-07-30,2023,2023Q3,7,Jul,2023-07,Sunday,6,True,Lip Balm Set,Beauty & Personal Care,Europe,22.28,10.86,48.74
2023-07-31,2023,2023Q3,7,Jul,2023-07,Monday,0,False,Organic Green Tea Box,Food & Beverages,Latin America,40.57,19.01,46.86
2023-07-31,2023,2023Q3,7,Jul,2023-07,Monday,0,False,Sunscreen SPF50 Tube,Sports & Outdoors,North America,22.2,11.35,51.13
2023-08-01,2023,2023Q3,8,Aug,2023-08,Tuesday,1,False,Lip Balm Set,Beauty & Personal Care,North America,26.34,13.46,51.1
2023-08-01,2023,2023Q3,8,Aug,2023-08,Tuesday,1,False,A4 Notebook Hardcover,Office Supplies,Asia Pacific,14.29,6.35,44.44
2023-08-02,2023,2023Q3,8,Aug,2023-08,Wednesday,2,False,Casual Button-Down Shirt,Clothing,Middle East,147.83,70.89,47.95
2023-08-02,2023,2023Q3,8,Aug,2023-08,Wednesday,2,False,Mixed Nuts Pack,Food & Beverages,Middle East,53.34,28.62,53.66
2023-08-02,2023,2023Q3,8,Aug,2023-08,Wednesday,2,False,Kitchen Herb Garden,Home & Garden,North America,47.91,18.47,38.55
2023-08-02,2023,2023Q3,8,Aug,2023-08,Wednesday,2,False,Lip Balm Set,Beauty & Personal Care,Asia Pacific,30.92,13.58,43.92
2023-08-03,2023,2023Q3,8,Aug,2023-08,Thursday,3,False,Foldable Camping Chair,Sports & Outdoors,Europe,205.22,64.82,31.59
2023-08-03,2023,2023Q3,8,Aug,2023-08,Thursday,3,False,Desk Organizer Tray,Office Supplies,Asia Pacific,23.69,9.28,39.17
2023-08-05,2023,2023Q3,8,Aug,2023-08,Saturday,5,True,Wireless Keyboard,Office Supplies,Europe,76.79,25.85,33.66
2023-08-05,2023,2023Q3,8,Aug,2023-08,Saturday,5,True,Indoor Planter Pot,Home & Garden,North America,116.68,51.68,44.29
2023-08-06,2023,2023Q3,8,Aug,2023-08,Sunday,6,True,Wireless Bluetooth Headphones,Electronics,Latin America,117.19,35.71,30.47
2023-08-06,2023,2023Q3,8,Aug,2023-08,Sunday,6,True,Desk Organizer Tray,Office Supplies,North America,128.26,44.12,34.4
2023-08-06,2023,2023Q3,8,Aug,2023-08,Sunday,6,True,Mixed Nuts Pack,Food & Beverages,Asia Pacific,24.55,12.57,51.2
2023-08-07,2023,2023Q3,8,Aug,2023-08,Monday,0,False,Mechanical Pencil Set,Office Supplies,Africa,11.27,5.31,47.12
2023-08-07,2023,2023Q3,8,Aug,2023-08,Monday,0,False,Face Moisturizer Cream,Beauty & Personal Care,Middle East,44.39,20.04,45.15
2023-08-07,2023,2023Q3,8,Aug,2023-08,Monday,0,False,Foldable Camping Chair,Sports & Outdoors,North America,93.24,29.78,31.94
2023-08-07,2023,2023Q3,8,Aug,2023-08,Monday,0,False,Face Moisturizer Cream,Beauty & Personal Care,North America,47.68,23.41,49.1
2023-08-07,2023,2023Q3,8,Aug,2023-08,Monday,0,False,Water Bottle Stainless Steel,Sports & Outdoors,Europe,33.62,13.38,39.8
2023-08-09,2023,2023Q3,8,Aug,2023-08,Wednesday,2,False,Smart Watch Basic,Electronics,Asia Pacific,164.65,52.75,32.04
2023-08-09,2023,2023Q3,8,Aug,2023-08,Wednesday,2,False,Bath Soap Pack,Beauty & Personal Care,Europe,10.86,6.2,57.09
2023-08-09,2023,2023Q3,8,Aug,2023-08,Wednesday,2,False,Water Bottle Stainless Steel,Sports & Outdoors,Europe,93.13,35.35,37.96
2023-08-09,2023,2023Q3,8,Aug,2023-08,Wednesday,2,False,Hand Cream Tube,Beauty & Personal Care,Africa,4.69,2.42,51.6
2023-08-10,2023,2023Q3,8,Aug,2023-08,Thursday,3,False,Hand Cream Tube,Beauty & Personal Care,Asia Pacific,21.42,11.04,51.54
2023-08-11,2023,2023Q3,8,Aug,2023-08,Friday,4,False,A4 Notebook Hardcover,Office Supplies,North America,23.5,11.1,47.23
2023-08-11,2023,2023Q3,8,Aug,2023-08,Friday,4,False,Organic Green Tea Box,Food & Beverages,Europe,21.56,9.94,46.1
2023-08-11,2023,2023Q3,8,Aug,2023-08,Friday,4,False,Hand Cream Tube,Beauty & Personal Care,Middle East,25.9,14.83,57.26
2023-08-11,2023,2023Q3,8,Aug,2023-08,Friday,4,False,Hair Shampoo 300ml,Beauty & Personal Care,Middle East,9.62,4.22,43.87
2023-08-11,2023,2023Q3,8,Aug,2023-08,Friday,4,False,Water Bottle Stainless Steel,Sports & Outdoors,Europe,132.53,48.12,36.31
2023-08-11,2023,2023Q3,8,Aug,2023-08,Friday,4,False,Classic Cotton T-Shirt,Clothing,Latin America,17.01,10.34,60.79
2023-08-12,2023,2023Q3,8,Aug,2023-08,Saturday,5,True,Wireless Mouse,Electronics,North America,44.74,18.26,40.81
2023-08-12,2023,2023Q3,8,Aug,2023-08,Saturday,5,True,Organic Green Tea Box,Food & Beverages,Africa,7.57,3.63,47.95
2023-08-12,2023,2023Q3,8,Aug,2023-08,Saturday,5,True,Ballpoint Pen Box of 12,Office Supplies,Asia Pacific,19.04,10.76,56.51
2023-08-13,2023,2023Q3,8,Aug,2023-08,Sunday,6,True,Laptop Stand Adjustable,Electronics,Europe,100.45,34.67,34.51
2023-08-15,2023,2023Q3,8,Aug,2023-08,Tuesday,1,False,Sunscreen SPF50 Tube,Sports & Outdoors,Asia Pacific,14.03,6.84,48.75
2023-08-16,2023,2023Q3,8,Aug,2023-08,Wednesday,2,False,Foldable Camping Chair,Sports & Outdoors,North America,355.27,127.55,35.9
2023-08-16,2023,2023Q3,8,Aug,2023-08,Wednesday,2,False,Gourmet Coffee Beans 1lb,Food & Beverages,Asia Pacific,19.43,7.28,37.47
2023-08-16,2023,2023Q3,8,Aug,2023-08,Wednesday,2,False,Winter Jacket Premium,Clothing,Middle East,493.21,166.89,33.84
2023-08-18,2023,2023Q3,8,Aug,2023-08,Friday,4,False,Portable Power Bank 10000mAh,Electronics,Asia Pacific,38.6,11.19,28.99
2023-08-18,2023,2023Q3,8,Aug,2023-08,Friday,4,False,Water Bottle Stainless Steel,Sports & Outdoors,Latin America,14.69,6.44,43.84
2023-08-19,2023,2023Q3,8,Aug,2023-08,Saturday,5,True,Wireless Mouse,Electronics,Latin America,42.35,17.58,41.51
2023-08-19,2023,2023Q3,8,Aug,2023-08,Saturday,5,True,Denim Jeans Regular Fit,Clothing,Europe,171.44,87.3,50.92
2023-08-19,2023,2023Q3,8,Aug,2023-08,Saturday,5,True,Dark Chocolate Bar,Food & Beverages,North America,10.19,5.23,51.32
2023-08-19,2023,2023Q3,8,Aug,2023-08,Saturday,5,True,Yoga Mat Premium,Sports & Outdoors,Asia Pacific,91.46,37.36,40.85
2023-08-19,2023,2023Q3,8,Aug,2023-08,Saturday,5,True,Wireless Keyboard,Office Supplies,North America,102.89,34.91,33.93
2023-08-20,2023,2023Q3,8,Aug,2023-08,Sunday,6,True,USB-C Charging Cable,Electronics,Europe,36.92,15.87,42.98
2023-08-20,2023,2023Q3,8,Aug,2023-08,Sunday,6,True,Ballpoint Pen Box of 12,Office Supplies,North America,29.07,17.36,59.72
2023-08-20,2023,2023Q3,8,Aug,2023-08,Sunday,6,True,Scented Candle Set,Home & Garden,North America,76.98,29.45,38.26
2023-08-20,2023,2023Q3,8,Aug,2023-08,Sunday,6,True,Dark Chocolate Bar,Food & Beverages,Middle East,10.83,5.38,49.68
2023-08-21,2023,2023Q3,8,Aug,2023-08,Monday,0,False,Denim Jeans Regular Fit,Clothing,Latin America,88.63,39.54,44.61
2023-08-21,2023,2023Q3,8,Aug,2023-08,Monday,0,False,Resistance Bands Set,Sports & Outdoors,North America,32.64,18.06,55.33
2023-08-21,2023,2023Q3,8,Aug,2023-08,Monday,0,False,Hair Shampoo 300ml,Beauty & Personal Care,Latin America,8.54,4.08,47.78
2023-08-21,2023,2023Q3,8,Aug,2023-08,Monday,0,False,Energy Drink 6-Pack,Food & Beverages,Africa,5.11,2.39,46.77
2023-08-21,2023,2023Q3,8,Aug,2023-08,Monday,0,False,Phone Grip Stand,Electronics,Middle East,15.06,7.43,49.34
2023-08-22,2023,2023Q3,8,Aug,2023-08,Tuesday,1,False,Dark Chocolate Bar,Food & Beverages,Asia Pacific,6.97,3.3,47.35
2023-08-23,2023,2023Q3,8,Aug,2023-08,Wednesday,2,False,Face Moisturizer Cream,Beauty & Personal Care,Europe,80.35,34.52,42.96
2023-08-23,2023,2023Q3,8,Aug,2023-08,Wednesday,2,False,Smart Watch Basic,Electronics,North America,237.19,70.48,29.71
2023-08-23,2023,2023Q3,8,Aug,2023-08,Wednesday,2,False,Resistance Bands Set,Sports & Outdoors,Europe,72.13,39.37,54.58
2023-08-24,2023,2023Q3,8,Aug,2023-08,Thursday,3,False,Running Sneakers,Clothing,Europe,122.72,42.38,34.53
2023-08-24,2023,2023Q3,8,Aug,2023-08,Thursday,3,False,Gourmet Coffee Beans 1lb,Food & Beverages,Latin America,14.33,5.65,39.43
2023-08-24,2023,2023Q3,8,Aug,2023-08,Thursday,3,False,Wireless Keyboard,Office Supplies,Africa,28.75,8.01,27.86
2023-08-24,2023,2023Q3,8,Aug,2023-08,Thursday,3,False,Wireless Keyboard,Office Supplies,Europe,87.98,30.2,34.33
2023-08-24,2023,2023Q3,8,Aug,2023-08,Thursday,3,False,Dark Chocolate Bar,Food & Beverages,Middle East,17.93,9.0,50.2
2023-08-25,2023,2023Q3,8,Aug,2023-08,Friday,4,False,Phone Grip Stand,Electronics,Africa,12.41,6.46,52.05
2023-08-28,2023,2023Q3,8,Aug,2023-08,Monday,0,False,Running Sneakers,Clothing,North America,573.19,236.68,41.29
2023-08-28,2023,2023Q3,8,Aug,2023-08,Monday,0,False,USB-C Charging Cable,Electronics,Europe,73.05,33.94,46.46
2023-08-28,2023,2023Q3,8,Aug,2023-08,Monday,0,False,Mechanical Pencil Set,Office Supplies,Asia Pacific,25.74,13.45,52.25
2023-08-29,2023,2023Q3,8,Aug,2023-08,Tuesday,1,False,Bluetooth Speaker Mini,Electronics,North America,73.48,23.83,32.43
2023-08-29,2023,2023Q3,8,Aug,2023-08,Tuesday,1,False,Throw Pillow Cover,Home & Garden,North America,33.74,15.64,46.35
2023-08-29,2023,2023Q3,8,Aug,2023-08,Tuesday,1,False,Dark Chocolate Bar,Food & Beverages,North America,11.28,5.25,46.54
2023-08-29,2023,2023Q3,8,Aug,2023-08,Tuesday,1,False,Yoga Mat Premium,Sports & Outdoors,Europe,128.24,62.62,48.83
2023-08-30,2023,2023Q3,8,Aug,2023-08,Wednesday,2,False,Lip Balm Set,Beauty & Personal Care,Africa,7.44,3.33,44.76
2023-08-30,2023,2023Q3,8,Aug,2023-08,Wednesday,2,False,Wireless Bluetooth Headphones,Electronics,Africa,177.69,69.39,39.05
2023-08-30,2023,2023Q3,8,Aug,2023-08,Wednesday,2,False,A4 Notebook Hardcover,Office Supplies,Asia Pacific,14.57,6.85,47.01
2023-08-31,2023,2023Q3,8,Aug,2023-08,Thursday,3,False,Foldable Camping Chair,Sports & Outdoors,Asia Pacific,55.73,18.4,33.02
2023-08-31,2023,2023Q3,8,Aug,2023-08,Thursday,3,False,Wall Decor Frame,Home & Garden,Africa,13.55,5.12,37.79
2023-08-31,2023,2023Q3,8,Aug,2023-08,Thursday,3,False,Portable Power Bank 10000mAh,Electronics,Asia Pacific,37.96,12.99,34.22
2023-08-31,2023,2023Q3,8,Aug,2023-08,Thursday,3,False,Water Bottle Stainless Steel,Sports & Outdoors,Africa,11.17,4.37,39.12
2023-08-31,2023,2023Q3,8,Aug,2023-08,Thursday,3,False,Face Moisturizer Cream,Beauty & Personal Care,Europe,79.62,40.22,50.51
2023-08-31,2023,2023Q3,8,Aug,2023-08,Thursday,3,False,Phone Grip Stand,Electronics,North America,79.52,40.14,50.48
2023-09-02,2023,2023Q3,9,Sep,2023-09,Saturday,5,True,Bluetooth Speaker Mini,Electronics,Asia Pacific,38.77,13.45,34.69
2023-09-03,2023,2023Q3,9,Sep,2023-09,Sunday,6,True,A4 Notebook Hardcover,Office Supplies,Asia Pacific,15.48,6.49,41.93
2023-09-04,2023,2023Q3,9,Sep,2023-09,Monday,0,False,Ballpoint Pen Box of 12,Office Supplies,Middle East,14.36,6.68,46.52
2023-09-04,2023,2023Q3,9,Sep,2023-09,Monday,0,False,Indoor Planter Pot,Home & Garden,Asia Pacific,60.67,27.21,44.85
2023-09-05,2023,2023Q3,9,Sep,2023-09,Tuesday,1,False,Gourmet Coffee Beans 1lb,Food & Beverages,Middle East,14.22,6.04,42.48
2023-09-05,2023,2023Q3,9,Sep,2023-09,Tuesday,1,False,Bluetooth Speaker Mini,Electronics,Asia Pacific,85.04,24.44,28.74
2023-09-06,2023,2023Q3,9,Sep,2023-09,Wednesday,2,False,Gourmet Coffee Beans 1lb,Food & Beverages,Europe,100.31,38.61,38.49
2023-09-07,2023,2023Q3,9,Sep,2023-09,Thursday,3,False,Gourmet Coffee Beans 1lb,Food & Beverages,North America,28.61,11.07,38.69
2023-09-07,2023,2023Q3,9,Sep,2023-09,Thursday,3,False,Scented Candle Set,Home & Garden,Latin America,14.27,6.89,48.28
2023-09-07,2023,2023Q3,9,Sep,2023-09,Thursday,3,False,Classic Cotton T-Shirt,Clothing,Latin America,14.36,8.41,58.57
2023-09-08,2023,2023Q3,9,Sep,2023-09,Friday,4,False,Mechanical Pencil Set,Office Supplies,Europe,14.08,6.42,45.6
2023-09-08,2023,2023Q3,9,Sep,2023-09,Friday,4,False,Gourmet Coffee Beans 1lb,Food & Beverages,North America,25.22,10.26,40.68
2023-09-09,2023,2023Q3,9,Sep,2023-09,Saturday,5,True,Phone Grip Stand,Electronics,Latin America,5.96,3.33,55.87
2023-09-09,2023,2023Q3,9,Sep,2023-09,Saturday,5,True,Desk Organizer Tray,Office Supplies,North America,37.47,14.27,38.08
2023-09-09,2023,2023Q3,9,Sep,2023-09,Saturday,5,True,Gourmet Coffee Beans 1lb,Food & Beverages,Middle East,25.34,9.93,39.19
2023-09-10,2023,2023Q3,9,Sep,2023-09,Sunday,6,True,Indoor Planter Pot,Home & Garden,Europe,39.98,18.27,45.7
2023-09-10,2023,2023Q3,9,Sep,2023-09,Sunday,6,True,Classic Cotton T-Shirt,Clothing,Latin America,31.56,15.07,47.75
2023-09-10,2023,2023Q3,9,Sep,2023-09,Sunday,6,True,Face Moisturizer Cream,Beauty & Personal Care,North America,46.12,22.45,48.68
2023-09-10,2023,2023Q3,9,Sep,2023-09,Sunday,6,True,Laptop Stand Adjustable,Electronics,Middle East,26.58,11.3,42.51
2023-09-11,2023,2023Q3,9,Sep,2023-09,Monday,0,False,Sticky Notes Pad,Office Supplies,Africa,2.55,1.54,60.39
2023-09-11,2023,2023Q3,9,Sep,2023-09,Monday,0,False,LED Desk Lamp,Home & Garden,Africa,21.07,7.9,37.49
2023-09-11,2023,2023Q3,9,Sep,2023-09,Monday,0,False,Foldable Camping Chair,Sports & Outdoors,Asia Pacific,208.06,74.31,35.72
2023-09-12,2023,2023Q3,9,Sep,2023-09,Tuesday,1,False,Wool Blend Sweater,Clothing,Latin America,43.36,18.64,42.99
2023-09-13,2023,2023Q3,9,Sep,2023-09,Wednesday,2,False,Face Moisturizer Cream,Beauty & Personal Care,North America,77.68,32.93,42.39
2023-09-13,2023,2023Q3,9,Sep,2023-09,Wednesday,2,False,Resistance Bands Set,Sports & Outdoors,North America,54.98,27.96,50.85
2023-09-15,2023,2023Q3,9,Sep,2023-09,Friday,4,False,Resistance Bands Set,Sports & Outdoors,Middle East,61.38,32.72,53.31
2023-09-15,2023,2023Q3,9,Sep,2023-09,Friday,4,False,Resistance Bands Set,Sports & Outdoors,Middle East,40.29,20.56,51.03
2023-09-15,2023,2023Q3,9,Sep,2023-09,Friday,4,False,Denim Jeans Regular Fit,Clothing,Africa,106.54,48.47,45.49
2023-09-15,2023,2023Q3,9,Sep,2023-09,Friday,4,False,USB-C Charging Cable,Electronics,Europe,30.69,14.33,46.69
2023-09-16,2023,2023Q3,9,Sep,2023-09,Saturday,5,True,Kitchen Herb Garden,Home & Garden,North America,37.84,14.84,39.22
2023-09-16,2023,2023Q3,9,Sep,2023-09,Saturday,5,True,Lip Balm Set,Beauty & Personal Care,Middle East,10.74,5.2,48.42
2023-09-16,2023,2023Q3,9,Sep,2023-09,Saturday,5,True,LED Desk Lamp,Home & Garden,Latin America,34.07,10.47,30.73
2023-09-16,2023,2023Q3,9,Sep,2023-09,Saturday,5,True,Desk Organizer Tray,Office Supplies,North America,35.16,12.68,36.06
2023-09-16,2023,2023Q3,9,Sep,2023-09,Saturday,5,True,Wireless Keyboard,Office Supplies,Asia Pacific,121.57,42.65,35.08
2023-09-17,2023,2023Q3,9,Sep,2023-09,Sunday,6,True,Mechanical Pencil Set,Office Supplies,North America,18.05,8.07,44.71
2023-09-18,2023,2023Q3,9,Sep,2023-09,Monday,0,False,Wireless Keyboard,Office Supplies,Asia Pacific,51.21,18.4,35.93
2023-09-19,2023,2023Q3,9,Sep,2023-09,Tuesday,1,False,Classic Cotton T-Shirt,Clothing,Asia Pacific,23.09,13.92,60.29
2023-09-19,2023,2023Q3,9,Sep,2023-09,Tuesday,1,False,Ballpoint Pen Box of 12,Office Supplies,Asia Pacific,25.39,14.67,57.78
2023-09-19,2023,2023Q3,9,Sep,2023-09,Tuesday,1,False,Kitchen Herb Garden,Home & Garden,North America,44.61,19.04,42.68
2023-09-20,2023,2023Q3,9,Sep,2023-09,Wednesday,2,False,Water Bottle Stainless Steel,Sports & Outdoors,Latin America,40.28,16.65,41.34
2023-09-20,2023,2023Q3,9,Sep,2023-09,Wednesday,2,False,Casual Button-Down Shirt,Clothing,North America,124.63,66.46,53.33
2023-09-20,2023,2023Q3,9,Sep,2023-09,Wednesday,2,False,Sparkling Water 12-Pack,Food & Beverages,North America,26.94,14.02,52.04
2023-09-21,2023,2023Q3,9,Sep,2023-09,Thursday,3,False,Mechanical Pencil Set,Office Supplies,Latin America,7.02,3.54,50.43
2023-09-21,2023,2023Q3,9,Sep,2023-09,Thursday,3,False,Mechanical Pencil Set,Office Supplies,Europe,30.77,16.4,53.3
2023-09-21,2023,2023Q3,9,Sep,2023-09,Thursday,3,False,Wool Blend Sweater,Clothing,North America,101.74,42.7,41.97
2023-09-22,2023,2023Q3,9,Sep,2023-09,Friday,4,False,Bath Soap Pack,Beauty & Personal Care,Africa,3.61,1.87,51.8
2023-09-22,2023,2023Q3,9,Sep,2023-09,Friday,4,False,Classic Cotton T-Shirt,Clothing,Africa,42.32,25.66,60.63
2023-09-23,2023,2023Q3,9,Sep,2023-09,Saturday,5,True,Sunscreen SPF50 Tube,Sports & Outdoors,Asia Pacific,27.42,11.86,43.25
2023-09-24,2023,2023Q3,9,Sep,2023-09,Sunday,6,True,Gourmet Coffee Beans 1lb,Food & Beverages,Europe,24.26,10.27,42.33
2023-09-25,2023,2023Q3,9,Sep,2023-09,Monday,0,False,Throw Pillow Cover,Home & Garden,Europe,92.94,47.34,50.94
2023-09-26,2023,2023Q3,9,Sep,2023-09,Tuesday,1,False,Dark Chocolate Bar,Food & Beverages,Europe,34.18,13.61,39.82
2023-09-26,2023,2023Q3,9,Sep,2023-09,Tuesday,1,False,Resistance Bands Set,Sports & Outdoors,Middle East,13.33,5.76,43.21
2023-09-26,2023,2023Q3,9,Sep,2023-09,Tuesday,1,False,Sticky Notes Pad,Office Supplies,North America,25.6,13.44,52.5
2023-09-26,2023,2023Q3,9,Sep,2023-09,Tuesday,1,False,Denim Jeans Regular Fit,Clothing,Middle East,42.06,18.63,44.29
2023-09-27,2023,2023Q3,9,Sep,2023-09,Wednesday,2,False,Organic Green Tea Box,Food & Beverages,Africa,6.85,2.76,40.29
2023-09-27,2023,2023Q3,9,Sep,2023-09,Wednesday,2,False,Sparkling Water 12-Pack,Food & Beverages,North America,39.06,20.71,53.02
2023-09-28,2023,2023Q3,9,Sep,2023-09,Thursday,3,False,Wireless Mouse,Electronics,Europe,73.54,28.47,38.71
2023-09-29,2023,2023Q3,9,Sep,2023-09,Friday,4,False,Face Moisturizer Cream,Beauty & Personal Care,Middle East,46.8,19.96,42.65
2023-09-29,2023,2023Q3,9,Sep,2023-09,Friday,4,False,Ballpoint Pen Box of 12,Office Supplies,Middle East,6.99,3.21,45.92
2023-09-29,2023,2023Q3,9,Sep,2023-09,Friday,4,False,Throw Pillow Cover,Home & Garden,Asia Pacific,39.55,18.25,46.14
2023-09-29,2023,2023Q3,9,Sep,2023-09,Friday,4,False,Wireless Mouse,Electronics,Europe,176.47,79.02,44.78
2023-09-29,2023,2023Q3,9,Sep,2023-09,Friday,4,False,Kitchen Herb Garden,Home & Garden,North America,84.46,36.14,42.79
2023-09-29,2023,2023Q3,9,Sep,2023-09,Friday,4,False,Foldable Camping Chair,Sports & Outdoors,North America,161.14,55.11,34.2
2023-09-30,2023,2023Q3,9,Sep,2023-09,Saturday,5,True,LED Desk Lamp,Home & Garden,Middle East,36.28,13.57,37.4
2023-09-30,2023,2023Q3,9,Sep,2023-09,Saturday,5,True,Face Moisturizer Cream,Beauty & Personal Care,Asia Pacific,124.62,66.76,53.57
2023-09-30,2023,2023Q3,9,Sep,2023-09,Saturday,5,True,Energy Drink 6-Pack,Food & Beverages,Asia Pacific,10.28,5.66,55.06
2023-10-01,2023,2023Q4,10,Oct,2023-10,Sunday,6,True,Indoor Planter Pot,Home & Garden,Latin America,75.88,27.62,36.4
2023-10-01,2023,2023Q4,10,Oct,2023-10,Sunday,6,True,Yoga Mat Premium,Sports & Outdoors,Middle East,121.48,48.54,39.96
2023-10-02,2023,2023Q4,10,Oct,2023-10,Monday,0,False,Water Bottle Stainless Steel,Sports & Outdoors,North America,31.2,14.57,46.7
2023-10-02,2023,2023Q4,10,Oct,2023-10,Monday,0,False,Bluetooth Speaker Mini,Electronics,Europe,49.58,16.75,33.78
2023-10-03,2023,2023Q4,10,Oct,2023-10,Tuesday,1,False,Resistance Bands Set,Sports & Outdoors,Asia Pacific,63.58,36.38,57.22
2023-10-03,2023,2023Q4,10,Oct,2023-10,Tuesday,1,False,Yoga Mat Premium,Sports & Outdoors,North America,63.94,29.6,46.29
2023-10-04,2023,2023Q4,10,Oct,2023-10,Wednesday,2,False,Bath Soap Pack,Beauty & Personal Care,North America,19.91,10.39,52.18
2023-10-05,2023,2023Q4,10,Oct,2023-10,Thursday,3,False,Wall Decor Frame,Home & Garden,Europe,35.56,16.85,47.38
2023-10-05,2023,2023Q4,10,Oct,2023-10,Thursday,3,False,Hand Cream Tube,Beauty & Personal Care,Asia Pacific,45.97,24.51,53.32
2023-10-05,2023,2023Q4,10,Oct,2023-10,Thursday,3,False,Yoga Mat Premium,Sports & Outdoors,North America,62.57,28.72,45.9
2023-10-06,2023,2023Q4,10,Oct,2023-10,Friday,4,False,Lip Balm Set,Beauty & Personal Care,North America,91.23,48.06,52.68
2023-10-07,2023,2023Q4,10,Oct,2023-10,Saturday,5,True,Sparkling Water 12-Pack,Food & Beverages,Asia Pacific,8.11,3.85,47.47
2023-10-08,2023,2023Q4,10,Oct,2023-10,Sunday,6,True,Kitchen Herb Garden,Home & Garden,Middle East,34.33,13.51,39.35
2023-10-08,2023,2023Q4,10,Oct,2023-10,Sunday,6,True,Wireless Bluetooth Headphones,Electronics,Africa,31.75,12.18,38.36
2023-10-09,2023,2023Q4,10,Oct,2023-10,Monday,0,False,Classic Cotton T-Shirt,Clothing,North America,36.22,22.7,62.67
2023-10-09,2023,2023Q4,10,Oct,2023-10,Monday,0,False,Mixed Nuts Pack,Food & Beverages,North America,16.65,8.96,53.81
2023-10-09,2023,2023Q4,10,Oct,2023-10,Monday,0,False,Portable Power Bank 10000mAh,Electronics,Africa,16.6,4.74,28.55
2023-10-12,2023,2023Q4,10,Oct,2023-10,Thursday,3,False,Winter Jacket Premium,Clothing,Middle East,128.81,37.7,29.27
2023-10-13,2023,2023Q4,10,Oct,2023-10,Friday,4,False,USB-C Charging Cable,Electronics,Africa,4.96,2.04,41.13
2023-10-13,2023,2023Q4,10,Oct,2023-10,Friday,4,False,Sparkling Water 12-Pack,Food & Beverages,North America,23.55,12.3,52.23
2023-10-14,2023,2023Q4,10,Oct,2023-10,Saturday,5,True,Laptop Stand Adjustable,Electronics,Europe,144.27,51.79,35.9
2023-10-14,2023,2023Q4,10,Oct,2023-10,Saturday,5,True,Wireless Bluetooth Headphones,Electronics,Africa,31.26,12.48,39.92
2023-10-16,2023,2023Q4,10,Oct,2023-10,Monday,0,False,Lip Balm Set,Beauty & Personal Care,North America,21.85,10.58,48.42
2023-10-16,2023,2023Q4,10,Oct,2023-10,Monday,0,False,Sunscreen SPF50 Tube,Sports & Outdoors,Latin America,7.7,3.1,40.26
2023-10-17,2023,2023Q4,10,Oct,2023-10,Tuesday,1,False,Portable Power Bank 10000mAh,Electronics,Europe,45.6,16.2,35.53
2023-10-18,2023,2023Q4,10,Oct,2023-10,Wednesday,2,False,Energy Drink 6-Pack,Food & Beverages,Africa,8.79,4.59,52.22
2023-10-18,2023,2023Q4,10,Oct,2023-10,Wednesday,2,False,Winter Jacket Premium,Clothing,Middle East,580.78,151.12,26.02
2023-10-19,2023,2023Q4,10,Oct,2023-10,Thursday,3,False,Hair Shampoo 300ml,Beauty & Personal Care,Europe,48.86,20.79,42.55
2023-10-20,2023,2023Q4,10,Oct,2023-10,Friday,4,False,Organic Green Tea Box,Food & Beverages,North America,18.01,8.41,46.7
2023-10-20,2023,2023Q4,10,Oct,2023-10,Friday,4,False,A4 Notebook Hardcover,Office Supplies,Latin America,17.57,8.59,48.89
2023-10-20,2023,2023Q4,10,Oct,2023-10,Friday,4,False,Bluetooth Speaker Mini,Electronics,Asia Pacific,36.1,11.78,32.63
2023-10-20,2023,2023Q4,10,Oct,2023-10,Friday,4,False,Bluetooth Speaker Mini,Electronics,Europe,48.91,16.31,33.35
2023-10-20,2023,2023Q4,10,Oct,2023-10,Friday,4,False,Indoor Planter Pot,Home & Garden,Middle East,45.22,16.86,37.28
2023-10-21,2023,2023Q4,10,Oct,2023-10,Saturday,5,True,Gourmet Coffee Beans 1lb,Food & Beverages,North America,24.37,9.44,38.74
2023-10-21,2023,2023Q4,10,Oct,2023-10,Saturday,5,True,A4 Notebook Hardcover,Office Supplies,Europe,18.34,7.4,40.35
2023-10-22,2023,2023Q4,10,Oct,2023-10,Sunday,6,True,Bluetooth Speaker Mini,Electronics,North America,54.87,18.69,34.06
2023-10-22,2023,2023Q4,10,Oct,2023-10,Sunday,6,True,Dark Chocolate Bar,Food & Beverages,Europe,8.31,4.08,49.1
2023-10-22,2023,2023Q4,10,Oct,2023-10,Sunday,6,True,Laptop Stand Adjustable,Electronics,Middle East,24.26,10.11,41.67
2023-10-23,2023,2023Q4,10,Oct,2023-10,Monday,0,False,Wireless Bluetooth Headphones,Electronics,Europe,171.64,65.26,38.02
2023-10-23,2023,2023Q4,10,Oct,2023-10,Monday,0,False,Foldable Camping Chair,Sports & Outdoors,Asia Pacific,84.94,29.04,34.19
2023-10-24,2023,2023Q4,10,Oct,2023-10,Tuesday,1,False,Gourmet Coffee Beans 1lb,Food & Beverages,Europe,43.24,14.37,33.23
2023-10-24,2023,2023Q4,10,Oct,2023-10,Tuesday,1,False,Wireless Mouse,Electronics,Latin America,18.5,7.96,43.03
2023-10-24,2023,2023Q4,10,Oct,2023-10,Tuesday,1,False,Energy Drink 6-Pack,Food & Beverages,North America,15.69,7.55,48.12
2023-10-25,2023,2023Q4,10,Oct,2023-10,Wednesday,2,False,Hair Shampoo 300ml,Beauty & Personal Care,Europe,13.48,5.94,44.07
2023-10-25,2023,2023Q4,10,Oct,2023-10,Wednesday,2,False,Smart Watch Basic,Electronics,North America,382.54,109.03,28.5
2023-10-26,2023,2023Q4,10,Oct,2023-10,Thursday,3,False,Gourmet Coffee Beans 1lb,Food & Beverages,Middle East,39.88,16.17,40.55
2023-10-26,2023,2023Q4,10,Oct,2023-10,Thursday,3,False,Hair Shampoo 300ml,Beauty & Personal Care,Latin America,7.65,3.03,39.61
2023-10-26,2023,2023Q4,10,Oct,2023-10,Thursday,3,False,Wireless Mouse,Electronics,Asia Pacific,27.49,10.2,37.1
2023-10-26,2023,2023Q4,10,Oct,2023-10,Thursday,3,False,Indoor Planter Pot,Home & Garden,Africa,37.34,16.03,42.93
2023-10-26,2023,2023Q4,10,Oct,2023-10,Thursday,3,False,Ballpoint Pen Box of 12,Office Supplies,Europe,32.02,18.09,56.5
2023-10-26,2023,2023Q4,10,Oct,2023-10,Thursday,3,False,Sticky Notes Pad,Office Supplies,Asia Pacific,4.64,2.41,51.94
2023-10-28,2023,2023Q4,10,Oct,2023-10,Saturday,5,True,Wireless Keyboard,Office Supplies,Africa,24.45,8.03,32.84
2023-10-28,2023,2023Q4,10,Oct,2023-10,Saturday,5,True,Phone Grip Stand,Electronics,North America,56.49,25.99,46.01
2023-10-29,2023,2023Q4,10,Oct,2023-10,Sunday,6,True,Hand Cream Tube,Beauty & Personal Care,Asia Pacific,8.08,4.37,54.08
2023-10-30,2023,2023Q4,10,Oct,2023-10,Monday,0,False,Laptop Stand Adjustable,Electronics,Middle East,69.32,29.3,42.27
2023-10-30,2023,2023Q4,10,Oct,2023-10,Monday,0,False,Yoga Mat Premium,Sports & Outdoors,Asia Pacific,35.99,17.94,49.85
2023-10-30,2023,2023Q4,10,Oct,2023-10,Monday,0,False,Desk Organizer Tray,Office Supplies,Europe,125.32,57.46,45.85
2023-10-30,2023,2023Q4,10,Oct,2023-10,Monday,0,False,Laptop Stand Adjustable,Electronics,North America,44.4,18.61,41.91
2023-10-30,2023,2023Q4,10,Oct,2023-10,Monday,0,False,Throw Pillow Cover,Home & Garden,Middle East,28.67,14.72,51.34
2023-10-31,2023,2023Q4,10,Oct,2023-10,Tuesday,1,False,Indoor Planter Pot,Home & Garden,Latin America,34.99,12.33,35.24
2023-11-01,2023,2023Q4,11,Nov,2023-11,Wednesday,2,False,Sunscreen SPF50 Tube,Sports & Outdoors,North America,18.52,8.1,43.74
2023-11-01,2023,2023Q4,11,Nov,2023-11,Wednesday,2,False,Wool Blend Sweater,Clothing,Asia Pacific,67.8,29.85,44.03
2023-11-01,2023,2023Q4,11,Nov,2023-11,Wednesday,2,False,Face Moisturizer Cream,Beauty & Personal Care,Europe,76.1,36.04,47.36
2023-11-01,2023,2023Q4,11,Nov,2023-11,Wednesday,2,False,Wireless Mouse,Electronics,Middle East,20.91,8.15,38.98
2023-11-04,2023,2023Q4,11,Nov,2023-11,Saturday,5,True,Lip Balm Set,Beauty & Personal Care,North America,18.99,9.9,52.13
2023-11-04,2023,2023Q4,11,Nov,2023-11,Saturday,5,True,Water Bottle Stainless Steel,Sports & Outdoors,North America,32.57,14.48,44.46
2023-11-05,2023,2023Q4,11,Nov,2023-11,Sunday,6,True,Water Bottle Stainless Steel,Sports & Outdoors,North America,29.4,13.18,44.83
2023-11-05,2023,2023Q4,11,Nov,2023-11,Sunday,6,True,Yoga Mat Premium,Sports & Outdoors,North America,65.4,29.06,44.43
2023-11-06,2023,2023Q4,11,Nov,2023-11,Monday,0,False,Phone Grip Stand,Electronics,Middle East,27.88,13.17,47.24
2023-11-06,2023,2023Q4,11,Nov,2023-11,Monday,0,False,Mechanical Pencil Set,Office Supplies,Europe,59.08,27.66,46.82
2023-11-06,2023,2023Q4,11,Nov,2023-11,Monday,0,False,Hand Cream Tube,Beauty & Personal Care,Europe,10.87,6.19,56.95
2023-11-07,2023,2023Q4,11,Nov,2023-11,Tuesday,1,False,Resistance Bands Set,Sports & Outdoors,North America,27.61,14.99,54.29
2023-11-07,2023,2023Q4,11,Nov,2023-11,Tuesday,1,False,Bluetooth Speaker Mini,Electronics,North America,66.4,24.16,36.39
2023-11-07,2023,2023Q4,11,Nov,2023-11,Tuesday,1,False,Mixed Nuts Pack,Food & Beverages,Europe,29.97,16.15,53.89
2023-11-07,2023,2023Q4,11,Nov,2023-11,Tuesday,1,False,Wireless Mouse,Electronics,North America,38.64,16.81,43.5
2023-11-07,2023,2023Q4,11,Nov,2023-11,Tuesday,1,False,Foldable Camping Chair,Sports & Outdoors,Europe,64.3,18.16,28.24
2023-11-07,2023,2023Q4,11,Nov,2023-11,Tuesday,1,False,Bath Soap Pack,Beauty & Personal Care,North America,10.1,5.5,54.46
2023-11-08,2023,2023Q4,11,Nov,2023-11,Wednesday,2,False,Winter Jacket Premium,Clothing,Europe,229.13,70.75,30.88
2023-11-10,2023,2023Q4,11,Nov,2023-11,Friday,4,False,Bluetooth Speaker Mini,Electronics,Asia Pacific,132.17,37.28,28.21
2023-11-10,2023,2023Q4,11,Nov,2023-11,Friday,4,False,Energy Drink 6-Pack,Food & Beverages,Middle East,17.34,8.11,46.77
2023-11-10,2023,2023Q4,11,Nov,2023-11,Friday,4,False,Water Bottle Stainless Steel,Sports & Outdoors,Asia Pacific,21.29,7.72,36.26
2023-11-11,2023,2023Q4,11,Nov,2023-11,Saturday,5,True,Water Bottle Stainless Steel,Sports & Outdoors,North America,67.05,25.23,37.63
2023-11-12,2023,2023Q4,11,Nov,2023-11,Sunday,6,True,Wireless Keyboard,Office Supplies,North America,85.52,28.46,33.28
2023-11-12,2023,2023Q4,11,Nov,2023-11,Sunday,6,True,Bath Soap Pack,Beauty & Personal Care,North America,21.66,13.18,60.85
2023-11-12,2023,2023Q4,11,Nov,2023-11,Sunday,6,True,Indoor Planter Pot,Home & Garden,Europe,38.15,17.06,44.72
2023-11-13,2023,2023Q4,11,Nov,2023-11,Monday,0,False,Mixed Nuts Pack,Food & Beverages,Africa,11.14,6.32,56.73
2023-11-13,2023,2023Q4,11,Nov,2023-11,Monday,0,False,Hand Cream Tube,Beauty & Personal Care,Middle East,12.99,7.52,57.89
2023-11-15,2023,2023Q4,11,Nov,2023-11,Wednesday,2,False,Portable Power Bank 10000mAh,Electronics,Latin America,23.11,8.43,36.48
2023-11-15,2023,2023Q4,11,Nov,2023-11,Wednesday,2,False,LED Desk Lamp,Home & Garden,Middle East,33.0,11.05,33.48
2023-11-15,2023,2023Q4,11,Nov,2023-11,Wednesday,2,False,Sparkling Water 12-Pack,Food & Beverages,North America,12.21,6.5,53.24
2023-11-15,2023,2023Q4,11,Nov,2023-11,Wednesday,2,False,Resistance Bands Set,Sports & Outdoors,North America,25.09,12.76,50.86
2023-11-15,2023,2023Q4,11,Nov,2023-11,Wednesday,2,False,Bluetooth Speaker Mini,Electronics,North America,68.86,25.76,37.41
2023-11-15,2023,2023Q4,11,Nov,2023-11,Wednesday,2,False,Hand Cream Tube,Beauty & Personal Care,North America,55.82,27.65,49.53
2023-11-16,2023,2023Q4,11,Nov,2023-11,Thursday,3,False,Denim Jeans Regular Fit,Clothing,Asia Pacific,117.31,52.57,44.81
2023-11-17,2023,2023Q4,11,Nov,2023-11,Friday,4,False,Denim Jeans Regular Fit,Clothing,Latin America,33.42,17.77,53.17
2023-11-17,2023,2023Q4,11,Nov,2023-11,Friday,4,False,Ballpoint Pen Box of 12,Office Supplies,North America,27.64,12.82,46.38
2023-11-17,2023,2023Q4,11,Nov,2023-11,Friday,4,False,Mechanical Pencil Set,Office Supplies,Asia Pacific,10.66,5.28,49.53
2023-11-18,2023,2023Q4,11,Nov,2023-11,Saturday,5,True,Denim Jeans Regular Fit,Clothing,Europe,71.25,35.0,49.12
2023-11-18,2023,2023Q4,11,Nov,2023-11,Saturday,5,True,Organic Green Tea Box,Food & Beverages,Asia Pacific,14.79,6.15,41.58
2023-11-18,2023,2023Q4,11,Nov,2023-11,Saturday,5,True,Smart Watch Basic,Electronics,North America,612.52,166.69,27.21
2023-11-18,2023,2023Q4,11,Nov,2023-11,Saturday,5,True,Water Bottle Stainless Steel,Sports & Outdoors,Middle East,17.2,7.89,45.87
2023-11-19,2023,2023Q4,11,Nov,2023-11,Sunday,6,True,Portable Power Bank 10000mAh,Electronics,Middle East,26.81,7.57,28.24
2023-11-19,2023,2023Q4,11,Nov,2023-11,Sunday,6,True,Scented Candle Set,Home & Garden,Africa,9.2,4.25,46.2
2023-11-19,2023,2023Q4,11,Nov,2023-11,Sunday,6,True,A4 Notebook Hardcover,Office Supplies,North America,22.57,8.91,39.48
2023-11-20,2023,2023Q4,11,Nov,2023-11,Monday,0,False,Sunscreen SPF50 Tube,Sports & Outdoors,Latin America,8.25,3.46,41.94
2023-11-20,2023,2023Q4,11,Nov,2023-11,Monday,0,False,Smart Watch Basic,Electronics,North America,988.91,236.34,23.9
2023-11-20,2023,2023Q4,11,Nov,2023-11,Monday,0,False,Sparkling Water 12-Pack,Food & Beverages,Latin America,5.93,2.62,44.18
2023-11-20,2023,2023Q4,11,Nov,2023-11,Monday,0,False,Gourmet Coffee Beans 1lb,Food & Beverages,Middle East,28.17,11.87,42.14
2023-11-21,2023,2023Q4,11,Nov,2023-11,Tuesday,1,False,Mixed Nuts Pack,Food & Beverages,Latin America,7.33,3.68,50.2
2023-11-21,2023,2023Q4,11,Nov,2023-11,Tuesday,1,False,Classic Cotton T-Shirt,Clothing,North America,76.74,38.9,50.69
2023-11-21,2023,2023Q4,11,Nov,2023-11,Tuesday,1,False,Sunscreen SPF50 Tube,Sports & Outdoors,Asia Pacific,13.32,5.51,41.37
2023-11-21,2023,2023Q4,11,Nov,2023-11,Tuesday,1,False,Wireless Keyboard,Office Supplies,Europe,138.44,44.0,31.78
2023-11-22,2023,2023Q4,11,Nov,2023-11,Wednesday,2,False,USB-C Charging Cable,Electronics,North America,20.0,9.33,46.65
2023-11-22,2023,2023Q4,11,Nov,2023-11,Wednesday,2,False,Bluetooth Speaker Mini,Electronics,North America,123.07,39.42,32.03
2023-11-22,2023,2023Q4,11,Nov,2023-11,Wednesday,2,False,Wall Decor Frame,Home & Garden,Asia Pacific,29.48,12.89,43.72
2023-11-22,2023,2023Q4,11,Nov,2023-11,Wednesday,2,False,Winter Jacket Premium,Clothing,Latin America,255.37,80.09,31.36
2023-11-22,2023,2023Q4,11,Nov,2023-11,Wednesday,2,False,Bluetooth Speaker Mini,Electronics,North America,230.21,87.18,37.87
2023-11-22,2023,2023Q4,11,Nov,2023-11,Wednesday,2,False,Casual Button-Down Shirt,Clothing,North America,61.43,36.4,59.25
2023-11-23,2023,2023Q4,11,Nov,2023-11,Thursday,3,False,Mechanical Pencil Set,Office Supplies,Asia Pacific,10.79,4.7,43.56
2023-11-23,2023,2023Q4,11,Nov,2023-11,Thursday,3,False,Sunscreen SPF50 Tube,Sports & Outdoors,North America,73.47,30.65,41.72
2023-11-23,2023,2023Q4,11,Nov,2023-11,Thursday,3,False,Gourmet Coffee Beans 1lb,Food & Beverages,Latin America,24.12,9.64,39.97
2023-11-24,2023,2023Q4,11,Nov,2023-11,Friday,4,False,Water Bottle Stainless Steel,Sports & Outdoors,Asia Pacific,41.03,16.7,40.7
2023-11-24,2023,2023Q4,11,Nov,2023-11,Friday,4,False,Sparkling Water 12-Pack,Food & Beverages,North America,24.28,14.47,59.6
2023-11-24,2023,2023Q4,11,Nov,2023-11,Friday,4,False,Sunscreen SPF50 Tube,Sports & Outdoors,Europe,16.38,7.13,43.53
2023-11-26,2023,2023Q4,11,Nov,2023-11,Sunday,6,True,A4 Notebook Hardcover,Office Supplies,Asia Pacific,38.74,17.06,44.04
2023-11-26,2023,2023Q4,11,Nov,2023-11,Sunday,6,True,Hand Cream Tube,Beauty & Personal Care,Europe,12.44,6.5,52.25
2023-11-26,2023,2023Q4,11,Nov,2023-11,Sunday,6,True,Hand Cream Tube,Beauty & Personal Care,Europe,12.89,7.16,55.55
2023-11-27,2023,2023Q4,11,Nov,2023-11,Monday,0,False,Water Bottle Stainless Steel,Sports & Outdoors,Asia Pacific,68.16,26.06,38.23
2023-11-28,2023,2023Q4,11,Nov,2023-11,Tuesday,1,False,Sticky Notes Pad,Office Supplies,Asia Pacific,11.8,5.63,47.71
2023-11-28,2023,2023Q4,11,Nov,2023-11,Tuesday,1,False,Winter Jacket Premium,Clothing,North America,790.19,254.33,32.19
2023-11-29,2023,2023Q4,11,Nov,2023-11,Wednesday,2,False,Face Moisturizer Cream,Beauty & Personal Care,Asia Pacific,28.0,14.42,51.5
2023-11-29,2023,2023Q4,11,Nov,2023-11,Wednesday,2,False,Indoor Planter Pot,Home & Garden,Europe,41.35,18.45,44.62
2023-11-29,2023,2023Q4,11,Nov,2023-11,Wednesday,2,False,A4 Notebook Hardcover,Office Supplies,North America,20.2,9.46,46.83
2023-11-29,2023,2023Q4,11,Nov,2023-11,Wednesday,2,False,Ballpoint Pen Box of 12,Office Supplies,Europe,33.66,17.75,52.73
2023-11-29,2023,2023Q4,11,Nov,2023-11,Wednesday,2,False,Wireless Keyboard,Office Supplies,Africa,25.31,7.53,29.75
2023-11-29,2023,2023Q4,11,Nov,2023-11,Wednesday,2,False,Sticky Notes Pad,Office Supplies,Latin America,6.58,3.49,53.04
2023-12-01,2023,2023Q4,12,Dec,2023-12,Friday,4,False,Wireless Mouse,Electronics,Asia Pacific,39.89,14.64,36.7
2023-12-01,2023,2023Q4,12,Dec,2023-12,Friday,4,False,Casual Button-Down Shirt,Clothing,North America,324.81,145.05,44.66
2023-12-01,2023,2023Q4,12,Dec,2023-12,Friday,4,False,Resistance Bands Set,Sports & Outdoors,Middle East,18.31,9.7,52.98
2023-12-01,2023,2023Q4,12,Dec,2023-12,Friday,4,False,Indoor Planter Pot,Home & Garden,Africa,17.24,6.03,34.98
2023-12-01,2023,2023Q4,12,Dec,2023-12,Friday,4,False,Dark Chocolate Bar,Food & Beverages,Europe,48.43,21.15,43.67
2023-12-02,2023,2023Q4,12,Dec,2023-12,Saturday,5,True,Gourmet Coffee Beans 1lb,Food & Beverages,Europe,29.82,10.53,35.31
2023-12-02,2023,2023Q4,12,Dec,2023-12,Saturday,5,True,Wall Decor Frame,Home & Garden,Latin America,26.46,10.59,40.02
2023-12-02,2023,2023Q4,12,Dec,2023-12,Saturday,5,True,Phone Grip Stand,Electronics,Africa,5.02,2.48,49.4
2023-12-03,2023,2023Q4,12,Dec,2023-12,Sunday,6,True,Laptop Stand Adjustable,Electronics,North America,202.93,86.67,42.71
2023-12-03,2023,2023Q4,12,Dec,2023-12,Sunday,6,True,Gourmet Coffee Beans 1lb,Food & Beverages,Latin America,14.49,4.82,33.26
2023-12-04,2023,2023Q4,12,Dec,2023-12,Monday,0,False,Laptop Stand Adjustable,Electronics,Africa,18.37,7.64,41.59
2023-12-04,2023,2023Q4,12,Dec,2023-12,Monday,0,False,Winter Jacket Premium,Clothing,Europe,328.49,109.22,33.25
2023-12-04,2023,2023Q4,12,Dec,2023-12,Monday,0,False,Foldable Camping Chair,Sports & Outdoors,North America,318.14,104.04,32.7
2023-12-05,2023,2023Q4,12,Dec,2023-12,Tuesday,1,False,Wireless Bluetooth Headphones,Electronics,North America,430.03,148.73,34.59
2023-12-05,2023,2023Q4,12,Dec,2023-12,Tuesday,1,False,Mixed Nuts Pack,Food & Beverages,Asia Pacific,16.49,9.0,54.58
2023-12-06,2023,2023Q4,12,Dec,2023-12,Wednesday,2,False,LED Desk Lamp,Home & Garden,North America,102.58,36.76,35.84
2023-12-06,2023,2023Q4,12,Dec,2023-12,Wednesday,2,False,Foldable Camping Chair,Sports & Outdoors,Europe,84.67,27.72,32.74
2023-12-06,2023,2023Q4,12,Dec,2023-12,Wednesday,2,False,Wireless Mouse,Electronics,Africa,14.93,5.78,38.71
2023-12-06,2023,2023Q4,12,Dec,2023-12,Wednesday,2,False,Wireless Mouse,Electronics,Middle East,28.05,10.9,38.86
2023-12-07,2023,2023Q4,12,Dec,2023-12,Thursday,3,False,Sunscreen SPF50 Tube,Sports & Outdoors,Europe,20.56,9.25,44.99
2023-12-09,2023,2023Q4,12,Dec,2023-12,Saturday,5,True,Water Bottle Stainless Steel,Sports & Outdoors,North America,188.0,85.62,45.54
2023-12-09,2023,2023Q4,12,Dec,2023-12,Saturday,5,True,Resistance Bands Set,Sports & Outdoors,Asia Pacific,22.97,11.47,49.93
2023-12-09,2023,2023Q4,12,Dec,2023-12,Saturday,5,True,Organic Green Tea Box,Food & Beverages,Latin America,12.93,5.53,42.77
2023-12-10,2023,2023Q4,12,Dec,2023-12,Sunday,6,True,Wall Decor Frame,Home & Garden,North America,173.27,69.18,39.93
2023-12-10,2023,2023Q4,12,Dec,2023-12,Sunday,6,True,Face Moisturizer Cream,Beauty & Personal Care,Latin America,23.73,11.44,48.21
2023-12-11,2023,2023Q4,12,Dec,2023-12,Monday,0,False,Organic Green Tea Box,Food & Beverages,Asia Pacific,17.2,6.4,37.21
2023-12-11,2023,2023Q4,12,Dec,2023-12,Monday,0,False,Indoor Planter Pot,Home & Garden,Africa,72.69,32.6,44.85
2023-12-11,2023,2023Q4,12,Dec,2023-12,Monday,0,False,Wireless Bluetooth Headphones,Electronics,Asia Pacific,99.45,30.01,30.18
2023-12-11,2023,2023Q4,12,Dec,2023-12,Monday,0,False,Kitchen Herb Garden,Home & Garden,North America,251.12,111.29,44.32
2023-12-12,2023,2023Q4,12,Dec,2023-12,Tuesday,1,False,USB-C Charging Cable,Electronics,Europe,20.75,9.26,44.63
2023-12-13,2023,2023Q4,12,Dec,2023-12,Wednesday,2,False,Foldable Camping Chair,Sports & Outdoors,Europe,85.19,26.91,31.59
2023-12-14,2023,2023Q4,12,Dec,2023-12,Thursday,3,False,Bath Soap Pack,Beauty & Personal Care,Middle East,6.97,3.73,53.52
2023-12-15,2023,2023Q4,12,Dec,2023-12,Friday,4,False,Wool Blend Sweater,Clothing,Asia Pacific,422.73,172.09,40.71
2023-12-15,2023,2023Q4,12,Dec,2023-12,Friday,4,False,Dark Chocolate Bar,Food & Beverages,Asia Pacific,8.17,3.73,45.65
2023-12-15,2023,2023Q4,12,Dec,2023-12,Friday,4,False,Wireless Mouse,Electronics,Asia Pacific,100.33,40.56,40.43
2023-12-15,2023,2023Q4,12,Dec,2023-12,Friday,4,False,Scented Candle Set,Home & Garden,Latin America,20.75,8.72,42.02
2023-12-15,2023,2023Q4,12,Dec,2023-12,Friday,4,False,Scented Candle Set,Home & Garden,Latin America,19.64,7.83,39.87
2023-12-16,2023,2023Q4,12,Dec,2023-12,Saturday,5,True,Kitchen Herb Garden,Home & Garden,Middle East,53.23,18.73,35.19
2023-12-17,2023,2023Q4,12,Dec,2023-12,Sunday,6,True,Organic Green Tea Box,Food & Beverages,North America,91.5,36.09,39.44
2023-12-18,2023,2023Q4,12,Dec,2023-12,Monday,0,False,Lip Balm Set,Beauty & Personal Care,Europe,26.6,15.11,56.8
2023-12-18,2023,2023Q4,12,Dec,2023-12,Monday,0,False,Wireless Bluetooth Headphones,Electronics,Middle East,79.33,28.18,35.52
2023-12-18,2023,2023Q4,12,Dec,2023-12,Monday,0,False,Indoor Planter Pot,Home & Garden,Latin America,73.74,25.87,35.08
2023-12-19,2023,2023Q4,12,Dec,2023-12,Tuesday,1,False,Mixed Nuts Pack,Food & Beverages,Middle East,23.77,12.97,54.56
2023-12-19,2023,2023Q4,12,Dec,2023-12,Tuesday,1,False,Dark Chocolate Bar,Food & Beverages,Europe,10.98,5.48,49.91
2023-12-19,2023,2023Q4,12,Dec,2023-12,Tuesday,1,False,Wireless Keyboard,Office Supplies,North America,364.9,120.14,32.92
2023-12-19,2023,2023Q4,12,Dec,2023-12,Tuesday,1,False,Lip Balm Set,Beauty & Personal Care,Europe,45.06,19.17,42.54
2023-12-20,2023,2023Q4,12,Dec,2023-12,Wednesday,2,False,Smart Watch Basic,Electronics,North America,558.58,158.66,28.4
2023-12-20,2023,2023Q4,12,Dec,2023-12,Wednesday,2,False,Wireless Keyboard,Office Supplies,Europe,88.11,28.96,32.87
2023-12-20,2023,2023Q4,12,Dec,2023-12,Wednesday,2,False,Hand Cream Tube,Beauty & Personal Care,Asia Pacific,45.99,25.78,56.06
2023-12-20,2023,2023Q4,12,Dec,2023-12,Wednesday,2,False,Portable Power Bank 10000mAh,Electronics,Asia Pacific,46.66,15.28,32.75
2023-12-21,2023,2023Q4,12,Dec,2023-12,Thursday,3,False,Running Sneakers,Clothing,Europe,637.94,247.6,38.81
2023-12-21,2023,2023Q4,12,Dec,2023-12,Thursday,3,False,Portable Power Bank 10000mAh,Electronics,North America,80.24,23.11,28.8
2023-12-21,2023,2023Q4,12,Dec,2023-12,Thursday,3,False,Denim Jeans Regular Fit,Clothing,Europe,212.8,112.78,53.0
2023-12-21,2023,2023Q4,12,Dec,2023-12,Thursday,3,False,Smart Watch Basic,Electronics,Middle East,288.4,92.02,31.91
2023-12-22,2023,2023Q4,12,Dec,2023-12,Friday,4,False,Wall Decor Frame,Home & Garden,Europe,104.58,38.94,37.23
2023-12-22,2023,2023Q4,12,Dec,2023-12,Friday,4,False,Throw Pillow Cover,Home & Garden,Africa,11.66,4.97,42.62
2023-12-23,2023,2023Q4,12,Dec,2023-12,Saturday,5,True,Scented Candle Set,Home & Garden,Europe,132.55,63.17,47.66
2023-12-24,2023,2023Q4,12,Dec,2023-12,Sunday,6,True,Smart Watch Basic,Electronics,Europe,515.01,163.46,31.74
2023-12-25,2023,2023Q4,12,Dec,2023-12,Monday,0,False,Dark Chocolate Bar,Food & Beverages,Africa,8.06,3.65,45.29
2023-12-25,2023,2023Q4,12,Dec,2023-12,Monday,0,False,Portable Power Bank 10000mAh,Electronics,Middle East,38.71,13.93,35.99
2023-12-26,2023,2023Q4,12,Dec,2023-12,Tuesday,1,False,Mechanical Pencil Set,Office Supplies,Europe,19.02,10.07,52.94
2023-12-26,2023,2023Q4,12,Dec,2023-12,Tuesday,1,False,Desk Organizer Tray,Office Supplies,Europe,38.72,14.25,36.8
2023-12-27,2023,2023Q4,12,Dec,2023-12,Wednesday,2,False,Hair Shampoo 300ml,Beauty & Personal Care,Latin America,9.72,4.65,47.84
2023-12-27,2023,2023Q4,12,Dec,2023-12,Wednesday,2,False,Running Sneakers,Clothing,Europe,143.19,58.04,40.53
2023-12-27,2023,2023Q4,12,Dec,2023-12,Wednesday,2,False,Smart Watch Basic,Electronics,North America,261.41,69.96,26.76
2023-12-28,2023,2023Q4,12,Dec,2023-12,Thursday,3,False,Organic Green Tea Box,Food & Beverages,Europe,76.81,36.32,47.29
2023-12-28,2023,2023Q4,12,Dec,2023-12,Thursday,3,False,A4 Notebook Hardcover,Office Supplies,North America,145.48,73.06,50.22
2023-12-29,2023,2023Q4,12,Dec,2023-12,Friday,4,False,Phone Grip Stand,Electronics,North America,17.38,7.43,42.75
2023-12-29,2023,2023Q4,12,Dec,2023-12,Friday,4,False,Phone Grip Stand,Electronics,Africa,5.6,2.45,43.75
2023-12-29,2023,2023Q4,12,Dec,2023-12,Friday,4,False,Sunscreen SPF50 Tube,Sports & Outdoors,Latin America,10.72,4.44,41.42
2023-12-29,2023,2023Q4,12,Dec,2023-12,Friday,4,False,Denim Jeans Regular Fit,Clothing,North America,104.4,47.03,45.05
2023-12-29,2023,2023Q4,12,Dec,2023-12,Friday,4,False,Yoga Mat Premium,Sports & Outdoors,Middle East,128.73,66.05,51.31
2023-12-30,2023,2023Q4,12,Dec,2023-12,Saturday,5,True,Gourmet Coffee Beans 1lb,Food & Beverages,Europe,120.33,39.01,32.42
2023-12-31,2023,2023Q4,12,Dec,2023-12,Sunday,6,True,Organic Green Tea Box,Food & Beverages,Asia Pacific,50.88,20.68,40.64
2024-01-01,2024,2024Q1,1,Jan,2024-01,Monday,0,False,Sunscreen SPF50 Tube,Sports & Outdoors,North America,52.03,23.23,44.65
2024-01-02,2024,2024Q1,1,Jan,2024-01,Tuesday,1,False,Foldable Camping Chair,Sports & Outdoors,Europe,51.58,18.77,36.39
2024-01-02,2024,2024Q1,1,Jan,2024-01,Tuesday,1,False,Sticky Notes Pad,Office Supplies,Europe,27.74,16.94,61.07
2024-01-02,2024,2024Q1,1,Jan,2024-01,Tuesday,1,False,Sparkling Water 12-Pack,Food & Beverages,Africa,2.89,1.51,52.25
2024-01-03,2024,2024Q1,1,Jan,2024-01,Wednesday,2,False,Laptop Stand Adjustable,Electronics,Middle East,22.2,7.61,34.28
2024-01-03,2024,2024Q1,1,Jan,2024-01,Wednesday,2,False,Mechanical Pencil Set,Office Supplies,Asia Pacific,27.79,12.72,45.77
2024-01-03,2024,2024Q1,1,Jan,2024-01,Wednesday,2,False,Mechanical Pencil Set,Office Supplies,Middle East,19.76,9.47,47.93
2024-01-03,2024,2024Q1,1,Jan,2024-01,Wednesday,2,False,Wall Decor Frame,Home & Garden,Europe,62.01,29.77,48.01
2024-01-03,2024,2024Q1,1,Jan,2024-01,Wednesday,2,False,Ballpoint Pen Box of 12,Office Supplies,Europe,9.89,5.39,54.5
2024-01-04,2024,2024Q1,1,Jan,2024-01,Thursday,3,False,Winter Jacket Premium,Clothing,Africa,272.68,77.04,28.25
2024-01-04,2024,2024Q1,1,Jan,2024-01,Thursday,3,False,Kitchen Herb Garden,Home & Garden,Middle East,46.59,20.38,43.74
2024-01-05,2024,2024Q1,1,Jan,2024-01,Friday,4,False,A4 Notebook Hardcover,Office Supplies,Europe,15.7,7.56,48.15
2024-01-05,2024,2024Q1,1,Jan,2024-01,Friday,4,False,Sparkling Water 12-Pack,Food & Beverages,Asia Pacific,6.58,3.29,50.0
2024-01-05,2024,2024Q1,1,Jan,2024-01,Friday,4,False,Wall Decor Frame,Home & Garden,Europe,61.7,23.84,38.64
2024-01-05,2024,2024Q1,1,Jan,2024-01,Friday,4,False,Ballpoint Pen Box of 12,Office Supplies,Asia Pacific,15.0,8.45,56.33
2024-01-06,2024,2024Q1,1,Jan,2024-01,Saturday,5,True,Bath Soap Pack,Beauty & Personal Care,Asia Pacific,22.53,13.74,60.99
2024-01-06,2024,2024Q1,1,Jan,2024-01,Saturday,5,True,Ballpoint Pen Box of 12,Office Supplies,North America,11.01,5.81,52.77
2024-01-06,2024,2024Q1,1,Jan,2024-01,Saturday,5,True,Classic Cotton T-Shirt,Clothing,Europe,51.32,29.38,57.25
2024-01-07,2024,2024Q1,1,Jan,2024-01,Sunday,6,True,USB-C Charging Cable,Electronics,North America,14.68,5.74,39.1
2024-01-07,2024,2024Q1,1,Jan,2024-01,Sunday,6,True,Wireless Bluetooth Headphones,Electronics,Latin America,133.59,52.14,39.03
2024-01-08,2024,2024Q1,1,Jan,2024-01,Monday,0,False,Scented Candle Set,Home & Garden,Europe,96.78,43.97,45.43
2024-01-08,2024,2024Q1,1,Jan,2024-01,Monday,0,False,A4 Notebook Hardcover,Office Supplies,Africa,15.66,7.27,46.42
2024-01-09,2024,2024Q1,1,Jan,2024-01,Tuesday,1,False,Desk Organizer Tray,Office Supplies,North America,92.44,33.5,36.24
2024-01-09,2024,2024Q1,1,Jan,2024-01,Tuesday,1,False,LED Desk Lamp,Home & Garden,Asia Pacific,166.49,50.66,30.43
2024-01-10,2024,2024Q1,1,Jan,2024-01,Wednesday,2,False,Ballpoint Pen Box of 12,Office Supplies,Africa,14.47,6.62,45.75
2024-01-10,2024,2024Q1,1,Jan,2024-01,Wednesday,2,False,Sticky Notes Pad,Office Supplies,North America,20.04,9.65,48.15
2024-01-10,2024,2024Q1,1,Jan,2024-01,Wednesday,2,False,Winter Jacket Premium,Clothing,Africa,136.97,38.74,28.28
2024-01-11,2024,2024Q1,1,Jan,2024-01,Thursday,3,False,Wireless Keyboard,Office Supplies,Middle East,37.13,12.8,34.47
2024-01-12,2024,2024Q1,1,Jan,2024-01,Friday,4,False,Wool Blend Sweater,Clothing,Europe,198.63,90.33,45.48
2024-01-12,2024,2024Q1,1,Jan,2024-01,Friday,4,False,Classic Cotton T-Shirt,Clothing,Middle East,16.32,7.78,47.67
2024-01-12,2024,2024Q1,1,Jan,2024-01,Friday,4,False,Desk Organizer Tray,Office Supplies,Latin America,11.88,5.0,42.09
2024-01-13,2024,2024Q1,1,Jan,2024-01,Saturday,5,True,Wireless Bluetooth Headphones,Electronics,Africa,78.02,23.79,30.49
2024-01-14,2024,2024Q1,1,Jan,2024-01,Sunday,6,True,Bath Soap Pack,Beauty & Personal Care,Europe,24.57,13.8,56.17
2024-01-15,2024,2024Q1,1,Jan,2024-01,Monday,0,False,Kitchen Herb Garden,Home & Garden,North America,30.09,11.29,37.52
2024-01-15,2024,2024Q1,1,Jan,2024-01,Monday,0,False,Indoor Planter Pot,Home & Garden,Europe,65.38,22.73,34.77
2024-01-16,2024,2024Q1,1,Jan,2024-01,Tuesday,1,False,Portable Power Bank 10000mAh,Electronics,Africa,25.65,9.06,35.32
2024-01-16,2024,2024Q1,1,Jan,2024-01,Tuesday,1,False,Classic Cotton T-Shirt,Clothing,North America,82.86,52.07,62.84
2024-01-16,2024,2024Q1,1,Jan,2024-01,Tuesday,1,False,Denim Jeans Regular Fit,Clothing,North America,137.53,75.39,54.82
2024-01-17,2024,2024Q1,1,Jan,2024-01,Wednesday,2,False,Resistance Bands Set,Sports & Outdoors,Latin America,18.2,9.09,49.95
2024-01-17,2024,2024Q1,1,Jan,2024-01,Wednesday,2,False,Laptop Stand Adjustable,Electronics,Europe,69.15,24.52,35.46
2024-01-17,2024,2024Q1,1,Jan,2024-01,Wednesday,2,False,Wireless Mouse,Electronics,Europe,117.97,47.93,40.63
2024-01-17,2024,2024Q1,1,Jan,2024-01,Wednesday,2,False,Lip Balm Set,Beauty & Personal Care,North America,18.35,8.85,48.23
2024-01-18,2024,2024Q1,1,Jan,2024-01,Thursday,3,False,Hand Cream Tube,Beauty & Personal Care,Asia Pacific,33.53,18.84,56.19
2024-01-18,2024,2024Q1,1,Jan,2024-01,Thursday,3,False,Hair Shampoo 300ml,Beauty & Personal Care,North America,15.03,7.06,46.97
2024-01-18,2024,2024Q1,1,Jan,2024-01,Thursday,3,False,Scented Candle Set,Home & Garden,North America,31.78,14.26,44.87
2024-01-18,2024,2024Q1,1,Jan,2024-01,Thursday,3,False,Running Sneakers,Clothing,North America,409.07,138.59,33.88
2024-01-19,2024,2024Q1,1,Jan,2024-01,Friday,4,False,Kitchen Herb Garden,Home & Garden,Europe,27.41,11.22,40.93
2024-01-19,2024,2024Q1,1,Jan,2024-01,Friday,4,False,Hair Shampoo 300ml,Beauty & Personal Care,Asia Pacific,20.02,9.97,49.8
2024-01-21,2024,2024Q1,1,Jan,2024-01,Sunday,6,True,USB-C Charging Cable,Electronics,Asia Pacific,9.72,4.91,50.51
2024-01-21,2024,2024Q1,1,Jan,2024-01,Sunday,6,True,Wool Blend Sweater,Clothing,Europe,153.38,62.66,40.85
2024-01-21,2024,2024Q1,1,Jan,2024-01,Sunday,6,True,LED Desk Lamp,Home & Garden,Europe,92.83,32.46,34.97
2024-01-21,2024,2024Q1,1,Jan,2024-01,Sunday,6,True,Mixed Nuts Pack,Food & Beverages,Asia Pacific,9.69,4.72,48.71
2024-01-22,2024,2024Q1,1,Jan,2024-01,Monday,0,False,Dark Chocolate Bar,Food & Beverages,Europe,28.18,12.87,45.67
2024-01-22,2024,2024Q1,1,Jan,2024-01,Monday,0,False,Casual Button-Down Shirt,Clothing,Latin America,41.74,24.07,57.67
2024-01-22,2024,2024Q1,1,Jan,2024-01,Monday,0,False,Desk Organizer Tray,Office Supplies,Africa,18.52,6.7,36.18
2024-01-23,2024,2024Q1,1,Jan,2024-01,Tuesday,1,False,Resistance Bands Set,Sports & Outdoors,Europe,59.07,31.21,52.84
2024-01-23,2024,2024Q1,1,Jan,2024-01,Tuesday,1,False,Scented Candle Set,Home & Garden,Europe,25.27,9.91,39.22
2024-01-23,2024,2024Q1,1,Jan,2024-01,Tuesday,1,False,Bluetooth Speaker Mini,Electronics,North America,112.12,42.46,37.87
2024-01-23,2024,2024Q1,1,Jan,2024-01,Tuesday,1,False,Hand Cream Tube,Beauty & Personal Care,Asia Pacific,32.41,16.61,51.25
2024-01-24,2024,2024Q1,1,Jan,2024-01,Wednesday,2,False,Energy Drink 6-Pack,Food & Beverages,North America,27.63,13.18,47.7
2024-01-24,2024,2024Q1,1,Jan,2024-01,Wednesday,2,False,Bluetooth Speaker Mini,Electronics,Europe,83.2,28.16,33.85
2024-01-24,2024,2024Q1,1,Jan,2024-01,Wednesday,2,False,Lip Balm Set,Beauty & Personal Care,Latin America,6.9,2.94,42.61
2024-01-24,2024,2024Q1,1,Jan,2024-01,Wednesday,2,False,USB-C Charging Cable,Electronics,Africa,9.21,3.61,39.2
2024-01-25,2024,2024Q1,1,Jan,2024-01,Thursday,3,False,Laptop Stand Adjustable,Electronics,Africa,37.55,16.22,43.2
2024-01-25,2024,2024Q1,1,Jan,2024-01,Thursday,3,False,Sparkling Water 12-Pack,Food & Beverages,Latin America,4.24,1.88,44.34
2024-01-25,2024,2024Q1,1,Jan,2024-01,Thursday,3,False,Foldable Camping Chair,Sports & Outdoors,North America,208.76,65.77,31.51
2024-01-25,2024,2024Q1,1,Jan,2024-01,Thursday,3,False,Wool Blend Sweater,Clothing,Middle East,37.73,15.75,41.74
2024-01-26,2024,2024Q1,1,Jan,2024-01,Friday,4,False,Resistance Bands Set,Sports & Outdoors,North America,48.88,23.68,48.45
2024-01-26,2024,2024Q1,1,Jan,2024-01,Friday,4,False,Water Bottle Stainless Steel,Sports & Outdoors,Middle East,38.59,14.91,38.64
2024-01-27,2024,2024Q1,1,Jan,2024-01,Saturday,5,True,Smart Watch Basic,Electronics,North America,162.84,42.45,26.07
2024-01-28,2024,2024Q1,1,Jan,2024-01,Sunday,6,True,Wireless Mouse,Electronics,Asia Pacific,23.04,8.92,38.72
2024-01-28,2024,2024Q1,1,Jan,2024-01,Sunday,6,True,Bath Soap Pack,Beauty & Personal Care,North America,34.94,21.84,62.51
2024-01-28,2024,2024Q1,1,Jan,2024-01,Sunday,6,True,Sparkling Water 12-Pack,Food & Beverages,North America,11.22,6.21,55.35
2024-01-29,2024,2024Q1,1,Jan,2024-01,Monday,0,False,Resistance Bands Set,Sports & Outdoors,Europe,35.71,20.35,56.99
2024-01-29,2024,2024Q1,1,Jan,2024-01,Monday,0,False,Sunscreen SPF50 Tube,Sports & Outdoors,North America,33.18,16.71,50.36
2024-01-29,2024,2024Q1,1,Jan,2024-01,Monday,0,False,Desk Organizer Tray,Office Supplies,Asia Pacific,41.09,14.38,35.0
2024-01-30,2024,2024Q1,1,Jan,2024-01,Tuesday,1,False,Face Moisturizer Cream,Beauty & Personal Care,North America,139.93,64.47,46.07
2024-01-31,2024,2024Q1,1,Jan,2024-01,Wednesday,2,False,Kitchen Herb Garden,Home & Garden,Europe,55.06,23.51,42.7
2024-01-31,2024,2024Q1,1,Jan,2024-01,Wednesday,2,False,Scented Candle Set,Home & Garden,Asia Pacific,18.72,8.29,44.28
2024-02-01,2024,2024Q1,2,Feb,2024-02,Thursday,3,False,Kitchen Herb Garden,Home & Garden,Africa,19.98,8.16,40.84
2024-02-01,2024,2024Q1,2,Feb,2024-02,Thursday,3,False,Organic Green Tea Box,Food & Beverages,Latin America,25.86,11.59,44.82
2024-02-01,2024,2024Q1,2,Feb,2024-02,Thursday,3,False,Wool Blend Sweater,Clothing,Africa,50.79,24.12,47.49
2024-02-01,2024,2024Q1,2,Feb,2024-02,Thursday,3,False,Indoor Planter Pot,Home & Garden,Middle East,82.26,32.28,39.24
2024-02-01,2024,2024Q1,2,Feb,2024-02,Thursday,3,False,Energy Drink 6-Pack,Food & Beverages,North America,14.41,7.89,54.75
2024-02-01,2024,2024Q1,2,Feb,2024-02,Thursday,3,False,Yoga Mat Premium,Sports & Outdoors,Asia Pacific,38.69,16.47,42.57
2024-02-02,2024,2024Q1,2,Feb,2024-02,Friday,4,False,Wall Decor Frame,Home & Garden,North America,35.62,15.7,44.08
2024-02-03,2024,2024Q1,2,Feb,2024-02,Saturday,5,True,Wireless Mouse,Electronics,Asia Pacific,45.95,16.91,36.8
2024-02-03,2024,2024Q1,2,Feb,2024-02,Saturday,5,True,Energy Drink 6-Pack,Food & Beverages,Europe,51.09,24.81,48.56
2024-02-03,2024,2024Q1,2,Feb,2024-02,Saturday,5,True,Classic Cotton T-Shirt,Clothing,North America,30.09,18.38,61.08
2024-02-04,2024,2024Q1,2,Feb,2024-02,Sunday,6,True,Sticky Notes Pad,Office Supplies,North America,28.2,13.71,48.62
2024-02-05,2024,2024Q1,2,Feb,2024-02,Monday,0,False,Hair Shampoo 300ml,Beauty & Personal Care,Europe,25.39,12.49,49.19
2024-02-05,2024,2024Q1,2,Feb,2024-02,Monday,0,False,Winter Jacket Premium,Clothing,Africa,64.95,17.56,27.04
2024-02-06,2024,2024Q1,2,Feb,2024-02,Tuesday,1,False,Mixed Nuts Pack,Food & Beverages,North America,50.28,26.68,53.06
2024-02-06,2024,2024Q1,2,Feb,2024-02,Tuesday,1,False,Mixed Nuts Pack,Food & Beverages,Middle East,8.85,3.93,44.41
2024-02-07,2024,2024Q1,2,Feb,2024-02,Wednesday,2,False,LED Desk Lamp,Home & Garden,North America,61.91,23.8,38.44
2024-02-08,2024,2024Q1,2,Feb,2024-02,Thursday,3,False,Foldable Camping Chair,Sports & Outdoors,Latin America,107.27,38.8,36.17
2024-02-08,2024,2024Q1,2,Feb,2024-02,Thursday,3,False,Dark Chocolate Bar,Food & Beverages,Asia Pacific,10.91,5.25,48.12
2024-02-09,2024,2024Q1,2,Feb,2024-02,Friday,4,False,Wireless Mouse,Electronics,Asia Pacific,48.56,17.29,35.61
2024-02-09,2024,2024Q1,2,Feb,2024-02,Friday,4,False,USB-C Charging Cable,Electronics,Middle East,29.47,15.22,51.65
2024-02-09,2024,2024Q1,2,Feb,2024-02,Friday,4,False,Classic Cotton T-Shirt,Clothing,Asia Pacific,21.07,11.34,53.82
2024-02-09,2024,2024Q1,2,Feb,2024-02,Friday,4,False,Hair Shampoo 300ml,Beauty & Personal Care,Europe,28.65,13.12,45.79
2024-02-09,2024,2024Q1,2,Feb,2024-02,Friday,4,False,Scented Candle Set,Home & Garden,North America,29.45,12.71,43.16
2024-02-09,2024,2024Q1,2,Feb,2024-02,Friday,4,False,Energy Drink 6-Pack,Food & Beverages,North America,14.59,7.41,50.79
2024-02-09,2024,2024Q1,2,Feb,2024-02,Friday,4,False,Sunscreen SPF50 Tube,Sports & Outdoors,North America,51.2,25.8,50.39
2024-02-10,2024,2024Q1,2,Feb,2024-02,Saturday,5,True,Face Moisturizer Cream,Beauty & Personal Care,North America,76.44,41.73,54.59
2024-02-11,2024,2024Q1,2,Feb,2024-02,Sunday,6,True,Ballpoint Pen Box of 12,Office Supplies,Asia Pacific,6.91,3.37,48.77
2024-02-12,2024,2024Q1,2,Feb,2024-02,Monday,0,False,Wool Blend Sweater,Clothing,Latin America,70.41,36.08,51.24
2024-02-12,2024,2024Q1,2,Feb,2024-02,Monday,0,False,Ballpoint Pen Box of 12,Office Supplies,Europe,9.29,5.43,58.45
2024-02-13,2024,2024Q1,2,Feb,2024-02,Tuesday,1,False,Organic Green Tea Box,Food & Beverages,North America,38.08,16.65,43.72
2024-02-13,2024,2024Q1,2,Feb,2024-02,Tuesday,1,False,Ballpoint Pen Box of 12,Office Supplies,Latin America,8.75,4.45,50.86
2024-02-13,2024,2024Q1,2,Feb,2024-02,Tuesday,1,False,Organic Green Tea Box,Food & Beverages,Asia Pacific,11.67,5.13,43.96
2024-02-14,2024,2024Q1,2,Feb,2024-02,Wednesday,2,False,Bluetooth Speaker Mini,Electronics,Middle East,26.76,9.44,35.28
2024-02-14,2024,2024Q1,2,Feb,2024-02,Wednesday,2,False,Lip Balm Set,Beauty & Personal Care,Europe,86.19,42.85,49.72
2024-02-14,2024,2024Q1,2,Feb,2024-02,Wednesday,2,False,LED Desk Lamp,Home & Garden,North America,58.81,21.09,35.86
2024-02-15,2024,2024Q1,2,Feb,2024-02,Thursday,3,False,Denim Jeans Regular Fit,Clothing,Africa,20.05,9.31,46.43
2024-02-15,2024,2024Q1,2,Feb,2024-02,Thursday,3,False,Wireless Mouse,Electronics,Middle East,36.39,15.19,41.74
2024-02-15,2024,2024Q1,2,Feb,2024-02,Thursday,3,False,Mechanical Pencil Set,Office Supplies,Europe,12.39,5.51,44.47
2024-02-15,2024,2024Q1,2,Feb,2024-02,Thursday,3,False,Mixed Nuts Pack,Food & Beverages,Latin America,14.12,6.69,47.38
2024-02-15,2024,2024Q1,2,Feb,2024-02,Thursday,3,False,Smart Watch Basic,Electronics,Asia Pacific,119.7,33.79,28.23
2024-02-17,2024,2024Q1,2,Feb,2024-02,Saturday,5,True,Wireless Keyboard,Office Supplies,Europe,127.21,34.91,27.44
2024-02-17,2024,2024Q1,2,Feb,2024-02,Saturday,5,True,Classic Cotton T-Shirt,Clothing,North America,32.87,20.12,61.21
2024-02-17,2024,2024Q1,2,Feb,2024-02,Saturday,5,True,Denim Jeans Regular Fit,Clothing,North America,81.21,37.38,46.03
2024-02-17,2024,2024Q1,2,Feb,2024-02,Saturday,5,True,Portable Power Bank 10000mAh,Electronics,Middle East,25.83,8.88,34.38
2024-02-18,2024,2024Q1,2,Feb,2024-02,Sunday,6,True,A4 Notebook Hardcover,Office Supplies,Europe,17.76,8.8,49.55
2024-02-18,2024,2024Q1,2,Feb,2024-02,Sunday,6,True,Indoor Planter Pot,Home & Garden,Africa,35.78,12.44,34.77
2024-02-19,2024,2024Q1,2,Feb,2024-02,Monday,0,False,Foldable Camping Chair,Sports & Outdoors,Europe,119.42,32.92,27.57
2024-02-19,2024,2024Q1,2,Feb,2024-02,Monday,0,False,Classic Cotton T-Shirt,Clothing,North America,31.02,18.37,59.22
2024-02-19,2024,2024Q1,2,Feb,2024-02,Monday,0,False,Bath Soap Pack,Beauty & Personal Care,Latin America,4.65,2.54,54.62
2024-02-19,2024,2024Q1,2,Feb,2024-02,Monday,0,False,Sparkling Water 12-Pack,Food & Beverages,Asia Pacific,21.68,12.76,58.86
2024-02-20,2024,2024Q1,2,Feb,2024-02,Tuesday,1,False,Energy Drink 6-Pack,Food & Beverages,Asia Pacific,20.63,10.37,50.27
2024-02-20,2024,2024Q1,2,Feb,2024-02,Tuesday,1,False,Laptop Stand Adjustable,Electronics,Asia Pacific,117.26,38.87,33.15
2024-02-20,2024,2024Q1,2,Feb,2024-02,Tuesday,1,False,Winter Jacket Premium,Clothing,North America,513.34,157.7,30.72
2024-02-20,2024,2024Q1,2,Feb,2024-02,Tuesday,1,False,Foldable Camping Chair,Sports & Outdoors,Asia Pacific,45.86,13.01,28.37
2024-02-20,2024,2024Q1,2,Feb,2024-02,Tuesday,1,False,Hair Shampoo 300ml,Beauty & Personal Care,Asia Pacific,21.75,9.82,45.15
2024-02-20,2024,2024Q1,2,Feb,2024-02,Tuesday,1,False,Running Sneakers,Clothing,Africa,31.47,11.4,36.22
2024-02-21,2024,2024Q1,2,Feb,2024-02,Wednesday,2,False,Portable Power Bank 10000mAh,Electronics,Asia Pacific,30.89,10.34,33.47
2024-02-22,2024,2024Q1,2,Feb,2024-02,Thursday,3,False,Smart Watch Basic,Electronics,Europe,177.6,53.96,30.38
2024-02-23,2024,2024Q1,2,Feb,2024-02,Friday,4,False,Indoor Planter Pot,Home & Garden,Asia Pacific,26.68,11.38,42.65
2024-02-23,2024,2024Q1,2,Feb,2024-02,Friday,4,False,Sparkling Water 12-Pack,Food & Beverages,North America,59.93,29.99,50.04
2024-02-24,2024,2024Q1,2,Feb,2024-02,Saturday,5,True,LED Desk Lamp,Home & Garden,Latin America,117.63,39.9,33.92
2024-02-24,2024,2024Q1,2,Feb,2024-02,Saturday,5,True,Portable Power Bank 10000mAh,Electronics,Asia Pacific,29.75,10.42,35.03
2024-02-24,2024,2024Q1,2,Feb,2024-02,Saturday,5,True,Water Bottle Stainless Steel,Sports & Outdoors,Middle East,15.61,6.95,44.52
2024-02-25,2024,2024Q1,2,Feb,2024-02,Sunday,6,True,Wall Decor Frame,Home & Garden,Africa,19.7,8.34,42.34
2024-02-27,2024,2024Q1,2,Feb,2024-02,Tuesday,1,False,Hand Cream Tube,Beauty & Personal Care,Asia Pacific,25.11,13.94,55.52
2024-02-29,2024,2024Q1,2,Feb,2024-02,Thursday,3,False,Smart Watch Basic,Electronics,Europe,630.89,169.94,26.94
2024-02-29,2024,2024Q1,2,Feb,2024-02,Thursday,3,False,Desk Organizer Tray,Office Supplies,Middle East,15.69,5.42,34.54
2024-03-01,2024,2024Q1,3,Mar,2024-03,Friday,4,False,Organic Green Tea Box,Food & Beverages,Europe,32.8,15.49,47.23
2024-03-01,2024,2024Q1,3,Mar,2024-03,Friday,4,False,Wireless Mouse,Electronics,Asia Pacific,134.38,56.96,42.39
2024-03-02,2024,2024Q1,3,Mar,2024-03,Saturday,5,True,Classic Cotton T-Shirt,Clothing,Europe,28.02,15.63,55.78
2024-03-03,2024,2024Q1,3,Mar,2024-03,Sunday,6,True,Gourmet Coffee Beans 1lb,Food & Beverages,Middle East,26.43,10.18,38.52
2024-03-03,2024,2024Q1,3,Mar,2024-03,Sunday,6,True,A4 Notebook Hardcover,Office Supplies,Europe,17.4,6.7,38.51
2024-03-03,2024,2024Q1,3,Mar,2024-03,Sunday,6,True,Scented Candle Set,Home & Garden,North America,35.92,18.1,50.39
2024-03-04,2024,2024Q1,3,Mar,2024-03,Monday,0,False,USB-C Charging Cable,Electronics,Europe,59.75,27.39,45.84
2024-03-04,2024,2024Q1,3,Mar,2024-03,Monday,0,False,Face Moisturizer Cream,Beauty & Personal Care,Latin America,15.7,8.08,51.46
2024-03-05,2024,2024Q1,3,Mar,2024-03,Tuesday,1,False,Ballpoint Pen Box of 12,Office Supplies,Europe,11.2,5.63,50.27
2024-03-05,2024,2024Q1,3,Mar,2024-03,Tuesday,1,False,Laptop Stand Adjustable,Electronics,Asia Pacific,34.07,11.09,32.55
2024-03-06,2024,2024Q1,3,Mar,2024-03,Wednesday,2,False,Sunscreen SPF50 Tube,Sports & Outdoors,Africa,15.23,7.44,48.85
2024-03-06,2024,2024Q1,3,Mar,2024-03,Wednesday,2,False,USB-C Charging Cable,Electronics,Europe,16.63,8.46,50.87
2024-03-07,2024,2024Q1,3,Mar,2024-03,Thursday,3,False,Casual Button-Down Shirt,Clothing,North America,54.59,27.94,51.18
2024-03-07,2024,2024Q1,3,Mar,2024-03,Thursday,3,False,Kitchen Herb Garden,Home & Garden,Europe,30.36,12.45,41.01
2024-03-07,2024,2024Q1,3,Mar,2024-03,Thursday,3,False,Hair Shampoo 300ml,Beauty & Personal Care,Africa,22.7,10.28,45.29
2024-03-07,2024,2024Q1,3,Mar,2024-03,Thursday,3,False,Dark Chocolate Bar,Food & Beverages,Europe,8.44,3.41,40.4
2024-03-07,2024,2024Q1,3,Mar,2024-03,Thursday,3,False,Bath Soap Pack,Beauty & Personal Care,Asia Pacific,6.9,3.98,57.68
2024-03-07,2024,2024Q1,3,Mar,2024-03,Thursday,3,False,Portable Power Bank 10000mAh,Electronics,North America,121.23,40.06,33.04
2024-03-07,2024,2024Q1,3,Mar,2024-03,Thursday,3,False,Kitchen Herb Garden,Home & Garden,North America,156.5,58.06,37.1
2024-03-08,2024,2024Q1,3,Mar,2024-03,Friday,4,False,Laptop Stand Adjustable,Electronics,Asia Pacific,62.59,22.31,35.64
2024-03-08,2024,2024Q1,3,Mar,2024-03,Friday,4,False,Water Bottle Stainless Steel,Sports & Outdoors,Asia Pacific,21.63,9.21,42.58
2024-03-08,2024,2024Q1,3,Mar,2024-03,Friday,4,False,Throw Pillow Cover,Home & Garden,North America,143.81,76.22,53.0
2024-03-09,2024,2024Q1,3,Mar,2024-03,Saturday,5,True,Hair Shampoo 300ml,Beauty & Personal Care,Latin America,14.05,6.26,44.56
2024-03-09,2024,2024Q1,3,Mar,2024-03,Saturday,5,True,Face Moisturizer Cream,Beauty & Personal Care,North America,36.57,16.51,45.15
2024-03-10,2024,2024Q1,3,Mar,2024-03,Sunday,6,True,Ballpoint Pen Box of 12,Office Supplies,Middle East,6.17,3.21,52.03
2024-03-11,2024,2024Q1,3,Mar,2024-03,Monday,0,False,Foldable Camping Chair,Sports & Outdoors,Europe,60.79,21.42,35.24
2024-03-11,2024,2024Q1,3,Mar,2024-03,Monday,0,False,LED Desk Lamp,Home & Garden,Latin America,28.99,10.12,34.91
2024-03-11,2024,2024Q1,3,Mar,2024-03,Monday,0,False,Scented Candle Set,Home & Garden,Asia Pacific,95.84,45.29,47.26
2024-03-11,2024,2024Q1,3,Mar,2024-03,Monday,0,False,Classic Cotton T-Shirt,Clothing,Asia Pacific,22.77,12.65,55.56
2024-03-12,2024,2024Q1,3,Mar,2024-03,Tuesday,1,False,Scented Candle Set,Home & Garden,North America,34.34,13.44,39.14
2024-03-12,2024,2024Q1,3,Mar,2024-03,Tuesday,1,False,Bluetooth Speaker Mini,Electronics,North America,58.99,22.01,37.31
2024-03-12,2024,2024Q1,3,Mar,2024-03,Tuesday,1,False,Ballpoint Pen Box of 12,Office Supplies,Europe,10.2,5.92,58.04
2024-03-12,2024,2024Q1,3,Mar,2024-03,Tuesday,1,False,Hair Shampoo 300ml,Beauty & Personal Care,North America,70.75,35.13,49.65
2024-03-13,2024,2024Q1,3,Mar,2024-03,Wednesday,2,False,Wool Blend Sweater,Clothing,North America,106.15,50.72,47.78
2024-03-13,2024,2024Q1,3,Mar,2024-03,Wednesday,2,False,Indoor Planter Pot,Home & Garden,Latin America,86.75,29.61,34.13
2024-03-13,2024,2024Q1,3,Mar,2024-03,Wednesday,2,False,Scented Candle Set,Home & Garden,Europe,65.06,27.87,42.84
2024-03-14,2024,2024Q1,3,Mar,2024-03,Thursday,3,False,Laptop Stand Adjustable,Electronics,North America,44.38,14.7,33.12
2024-03-15,2024,2024Q1,3,Mar,2024-03,Friday,4,False,A4 Notebook Hardcover,Office Supplies,Asia Pacific,14.66,6.27,42.77
2024-03-15,2024,2024Q1,3,Mar,2024-03,Friday,4,False,Dark Chocolate Bar,Food & Beverages,Africa,2.98,1.29,43.29
2024-03-16,2024,2024Q1,3,Mar,2024-03,Saturday,5,True,Yoga Mat Premium,Sports & Outdoors,Middle East,92.6,47.26,51.04
2024-03-16,2024,2024Q1,3,Mar,2024-03,Saturday,5,True,Sparkling Water 12-Pack,Food & Beverages,Asia Pacific,8.02,4.3,53.62
2024-03-16,2024,2024Q1,3,Mar,2024-03,Saturday,5,True,Desk Organizer Tray,Office Supplies,Asia Pacific,23.41,8.78,37.51
2024-03-16,2024,2024Q1,3,Mar,2024-03,Saturday,5,True,Hair Shampoo 300ml,Beauty & Personal Care,Asia Pacific,11.15,4.83,43.32
2024-03-17,2024,2024Q1,3,Mar,2024-03,Sunday,6,True,USB-C Charging Cable,Electronics,Middle East,24.63,10.11,41.05
2024-03-17,2024,2024Q1,3,Mar,2024-03,Sunday,6,True,Hand Cream Tube,Beauty & Personal Care,Africa,12.57,7.0,55.69
2024-03-19,2024,2024Q1,3,Mar,2024-03,Tuesday,1,False,Face Moisturizer Cream,Beauty & Personal Care,North America,75.25,38.85,51.63
2024-03-19,2024,2024Q1,3,Mar,2024-03,Tuesday,1,False,USB-C Charging Cable,Electronics,North America,17.33,8.35,48.18
2024-03-19,2024,2024Q1,3,Mar,2024-03,Tuesday,1,False,Wireless Keyboard,Office Supplies,Middle East,88.8,26.23,29.54
2024-03-20,2024,2024Q1,3,Mar,2024-03,Wednesday,2,False,Energy Drink 6-Pack,Food & Beverages,Latin America,13.67,7.37,53.91
2024-03-21,2024,2024Q1,3,Mar,2024-03,Thursday,3,False,Gourmet Coffee Beans 1lb,Food & Beverages,Latin America,10.95,4.58,41.83
2024-03-21,2024,2024Q1,3,Mar,2024-03,Thursday,3,False,Indoor Planter Pot,Home & Garden,Middle East,47.34,17.7,37.39
2024-03-23,2024,2024Q1,3,Mar,2024-03,Saturday,5,True,Water Bottle Stainless Steel,Sports & Outdoors,North America,34.29,13.34,38.9
2024-03-23,2024,2024Q1,3,Mar,2024-03,Saturday,5,True,Classic Cotton T-Shirt,Clothing,North America,152.04,89.16,58.64
2024-03-24,2024,2024Q1,3,Mar,2024-03,Sunday,6,True,Wireless Mouse,Electronics,Latin America,18.6,6.78,36.45
2024-03-24,2024,2024Q1,3,Mar,2024-03,Sunday,6,True,Dark Chocolate Bar,Food & Beverages,Europe,41.82,16.69,39.91
2024-03-24,2024,2024Q1,3,Mar,2024-03,Sunday,6,True,Bath Soap Pack,Beauty & Personal Care,Europe,20.56,12.17,59.19
2024-03-24,2024,2024Q1,3,Mar,2024-03,Sunday,6,True,Scented Candle Set,Home & Garden,North America,76.38,35.28,46.19
2024-03-25,2024,2024Q1,3,Mar,2024-03,Monday,0,False,Classic Cotton T-Shirt,Clothing,Asia Pacific,23.95,12.63,52.73
2024-03-26,2024,2024Q1,3,Mar,2024-03,Tuesday,1,False,Denim Jeans Regular Fit,Clothing,Asia Pacific,53.64,29.36,54.74
2024-03-26,2024,2024Q1,3,Mar,2024-03,Tuesday,1,False,A4 Notebook Hardcover,Office Supplies,Asia Pacific,12.99,5.98,46.04
2024-03-26,2024,2024Q1,3,Mar,2024-03,Tuesday,1,False,Water Bottle Stainless Steel,Sports & Outdoors,Europe,55.41,26.49,47.81
2024-03-26,2024,2024Q1,3,Mar,2024-03,Tuesday,1,False,Scented Candle Set,Home & Garden,Asia Pacific,20.66,9.09,44.0
2024-03-27,2024,2024Q1,3,Mar,2024-03,Wednesday,2,False,A4 Notebook Hardcover,Office Supplies,Middle East,44.72,19.28,43.11
2024-03-28,2024,2024Q1,3,Mar,2024-03,Thursday,3,False,Yoga Mat Premium,Sports & Outdoors,Europe,50.47,24.7,48.94
2024-03-28,2024,2024Q1,3,Mar,2024-03,Thursday,3,False,Indoor Planter Pot,Home & Garden,Europe,43.08,15.07,34.98
2024-03-28,2024,2024Q1,3,Mar,2024-03,Thursday,3,False,Sticky Notes Pad,Office Supplies,Africa,2.51,1.4,55.78
2024-03-28,2024,2024Q1,3,Mar,2024-03,Thursday,3,False,Dark Chocolate Bar,Food & Beverages,Middle East,14.16,6.71,47.39
2024-03-29,2024,2024Q1,3,Mar,2024-03,Friday,4,False,Water Bottle Stainless Steel,Sports & Outdoors,Latin America,24.99,11.05,44.22
2024-03-29,2024,2024Q1,3,Mar,2024-03,Friday,4,False,Sparkling Water 12-Pack,Food & Beverages,North America,34.5,19.75,57.25
2024-03-29,2024,2024Q1,3,Mar,2024-03,Friday,4,False,Yoga Mat Premium,Sports & Outdoors,Africa,17.0,7.71,45.35
2024-03-30,2024,2024Q1,3,Mar,2024-03,Saturday,5,True,Gourmet Coffee Beans 1lb,Food & Beverages,North America,56.87,23.07,40.57
2024-03-31,2024,2024Q1,3,Mar,2024-03,Sunday,6,True,A4 Notebook Hardcover,Office Supplies,Africa,12.91,5.29,40.98
2024-03-31,2024,2024Q1,3,Mar,2024-03,Sunday,6,True,Sparkling Water 12-Pack,Food & Beverages,Latin America,5.77,3.05,52.86
2024-03-31,2024,2024Q1,3,Mar,2024-03,Sunday,6,True,Yoga Mat Premium,Sports & Outdoors,Latin America,57.85,27.38,47.33
2024-03-31,2024,2024Q1,3,Mar,2024-03,Sunday,6,True,Face Moisturizer Cream,Beauty & Personal Care,Europe,33.97,15.34,45.16
2024-03-31,2024,2024Q1,3,Mar,2024-03,Sunday,6,True,Mechanical Pencil Set,Office Supplies,Europe,13.04,7.05,54.06
2024-04-01,2024,2024Q2,4,Apr,2024-04,Monday,0,False,Resistance Bands Set,Sports & Outdoors,Europe,23.46,12.34,52.6
2024-04-01,2024,2024Q2,4,Apr,2024-04,Monday,0,False,A4 Notebook Hardcover,Office Supplies,Europe,18.98,8.55,45.05
2024-04-02,2024,2024Q2,4,Apr,2024-04,Tuesday,1,False,Mixed Nuts Pack,Food & Beverages,Latin America,7.4,3.92,52.97
2024-04-02,2024,2024Q2,4,Apr,2024-04,Tuesday,1,False,Denim Jeans Regular Fit,Clothing,Latin America,124.71,68.78,55.15
2024-04-02,2024,2024Q2,4,Apr,2024-04,Tuesday,1,False,Kitchen Herb Garden,Home & Garden,Middle East,20.2,9.11,45.1
2024-04-02,2024,2024Q2,4,Apr,2024-04,Tuesday,1,False,Bath Soap Pack,Beauty & Personal Care,Middle East,25.76,12.88,50.0
2024-04-03,2024,2024Q2,4,Apr,2024-04,Wednesday,2,False,Wireless Mouse,Electronics,North America,122.88,54.13,44.05
2024-04-03,2024,2024Q2,4,Apr,2024-04,Wednesday,2,False,Denim Jeans Regular Fit,Clothing,North America,82.45,43.72,53.03
2024-04-03,2024,2024Q2,4,Apr,2024-04,Wednesday,2,False,Winter Jacket Premium,Clothing,North America,291.68,81.89,28.08
2024-04-03,2024,2024Q2,4,Apr,2024-04,Wednesday,2,False,Hand Cream Tube,Beauty & Personal Care,Asia Pacific,19.86,9.65,48.59
2024-04-03,2024,2024Q2,4,Apr,2024-04,Wednesday,2,False,Smart Watch Basic,Electronics,Africa,118.55,31.55,26.61
2024-04-04,2024,2024Q2,4,Apr,2024-04,Thursday,3,False,Wireless Keyboard,Office Supplies,Europe,206.92,62.94,30.42
2024-04-05,2024,2024Q2,4,Apr,2024-04,Friday,4,False,Phone Grip Stand,Electronics,Europe,40.96,21.34,52.1
2024-04-05,2024,2024Q2,4,Apr,2024-04,Friday,4,False,Winter Jacket Premium,Clothing,Europe,231.3,68.01,29.4
2024-04-05,2024,2024Q2,4,Apr,2024-04,Friday,4,False,Wireless Keyboard,Office Supplies,Europe,69.47,23.29,33.53
2024-04-06,2024,2024Q2,4,Apr,2024-04,Saturday,5,True,Mixed Nuts Pack,Food & Beverages,Latin America,31.51,17.45,55.38
2024-04-06,2024,2024Q2,4,Apr,2024-04,Saturday,5,True,Bath Soap Pack,Beauty & Personal Care,Latin America,14.12,8.17,57.86
2024-04-07,2024,2024Q2,4,Apr,2024-04,Sunday,6,True,Desk Organizer Tray,Office Supplies,Asia Pacific,47.66,18.75,39.34
2024-04-07,2024,2024Q2,4,Apr,2024-04,Sunday,6,True,Bluetooth Speaker Mini,Electronics,Latin America,145.39,52.23,35.92
2024-04-08,2024,2024Q2,4,Apr,2024-04,Monday,0,False,Smart Watch Basic,Electronics,Latin America,195.83,50.51,25.79
2024-04-09,2024,2024Q2,4,Apr,2024-04,Tuesday,1,False,Energy Drink 6-Pack,Food & Beverages,Africa,4.87,2.21,45.38
2024-04-09,2024,2024Q2,4,Apr,2024-04,Tuesday,1,False,Resistance Bands Set,Sports & Outdoors,Asia Pacific,33.79,18.39,54.42
2024-04-09,2024,2024Q2,4,Apr,2024-04,Tuesday,1,False,Wool Blend Sweater,Clothing,North America,210.98,96.02,45.51
2024-04-09,2024,2024Q2,4,Apr,2024-04,Tuesday,1,False,Laptop Stand Adjustable,Electronics,Europe,40.35,15.69,38.88
2024-04-09,2024,2024Q2,4,Apr,2024-04,Tuesday,1,False,Casual Button-Down Shirt,Clothing,North America,63.58,29.07,45.72
2024-04-10,2024,2024Q2,4,Apr,2024-04,Wednesday,2,False,Laptop Stand Adjustable,Electronics,Europe,83.78,28.82,34.4
2024-04-10,2024,2024Q2,4,Apr,2024-04,Wednesday,2,False,Wireless Mouse,Electronics,Europe,39.78,17.35,43.61
2024-04-10,2024,2024Q2,4,Apr,2024-04,Wednesday,2,False,Gourmet Coffee Beans 1lb,Food & Beverages,North America,25.55,10.44,40.86
2024-04-10,2024,2024Q2,4,Apr,2024-04,Wednesday,2,False,Ballpoint Pen Box of 12,Office Supplies,North America,27.68,16.54,59.75
2024-04-11,2024,2024Q2,4,Apr,2024-04,Thursday,3,False,Wireless Keyboard,Office Supplies,North America,183.26,64.37,35.12
2024-04-11,2024,2024Q2,4,Apr,2024-04,Thursday,3,False,Face Moisturizer Cream,Beauty & Personal Care,Africa,46.05,18.84,40.91
2024-04-11,2024,2024Q2,4,Apr,2024-04,Thursday,3,False,Phone Grip Stand,Electronics,Africa,3.78,1.67,44.18
2024-04-12,2024,2024Q2,4,Apr,2024-04,Friday,4,False,Wireless Mouse,Electronics,Europe,34.2,14.28,41.75
2024-04-12,2024,2024Q2,4,Apr,2024-04,Friday,4,False,A4 Notebook Hardcover,Office Supplies,Africa,6.65,3.19,47.97
2024-04-12,2024,2024Q2,4,Apr,2024-04,Friday,4,False,Bluetooth Speaker Mini,Electronics,Asia Pacific,119.25,39.38,33.02
2024-04-12,2024,2024Q2,4,Apr,2024-04,Friday,4,False,Wireless Mouse,Electronics,Europe,142.98,61.47,42.99
2024-04-13,2024,2024Q2,4,Apr,2024-04,Saturday,5,True,USB-C Charging Cable,Electronics,Latin America,8.49,3.27,38.52
2024-04-13,2024,2024Q2,4,Apr,2024-04,Saturday,5,True,Classic Cotton T-Shirt,Clothing,Asia Pacific,23.7,11.63,49.07
2024-04-13,2024,2024Q2,4,Apr,2024-04,Saturday,5,True,USB-C Charging Cable,Electronics,Latin America,8.62,3.5,40.6
2024-04-13,2024,2024Q2,4,Apr,2024-04,Saturday,5,True,Wireless Keyboard,Office Supplies,Asia Pacific,104.89,36.45,34.75
2024-04-13,2024,2024Q2,4,Apr,2024-04,Saturday,5,True,Denim Jeans Regular Fit,Clothing,Africa,25.05,10.55,42.12
2024-04-13,2024,2024Q2,4,Apr,2024-04,Saturday,5,True,Sparkling Water 12-Pack,Food & Beverages,Middle East,6.01,2.66,44.26
2024-04-13,2024,2024Q2,4,Apr,2024-04,Saturday,5,True,Energy Drink 6-Pack,Food & Beverages,Middle East,24.57,10.59,43.1
2024-04-14,2024,2024Q2,4,Apr,2024-04,Sunday,6,True,Hair Shampoo 300ml,Beauty & Personal Care,Middle East,47.34,21.45,45.31
2024-04-14,2024,2024Q2,4,Apr,2024-04,Sunday,6,True,Bath Soap Pack,Beauty & Personal Care,Asia Pacific,15.88,7.73,48.68
2024-04-14,2024,2024Q2,4,Apr,2024-04,Sunday,6,True,Resistance Bands Set,Sports & Outdoors,North America,30.39,16.58,54.56
2024-04-14,2024,2024Q2,4,Apr,2024-04,Sunday,6,True,Ballpoint Pen Box of 12,Office Supplies,Latin America,11.77,5.8,49.28
2024-04-14,2024,2024Q2,4,Apr,2024-04,Sunday,6,True,Water Bottle Stainless Steel,Sports & Outdoors,Middle East,53.22,22.42,42.13
2024-04-15,2024,2024Q2,4,Apr,2024-04,Monday,0,False,Bluetooth Speaker Mini,Electronics,Asia Pacific,83.03,25.61,30.84
2024-04-15,2024,2024Q2,4,Apr,2024-04,Monday,0,False,Wall Decor Frame,Home & Garden,North America,136.9,50.39,36.81
2024-04-15,2024,2024Q2,4,Apr,2024-04,Monday,0,False,Denim Jeans Regular Fit,Clothing,Latin America,76.05,31.49,41.41
2024-04-15,2024,2024Q2,4,Apr,2024-04,Monday,0,False,Scented Candle Set,Home & Garden,Asia Pacific,24.52,11.57,47.19
2024-04-16,2024,2024Q2,4,Apr,2024-04,Tuesday,1,False,Portable Power Bank 10000mAh,Electronics,Asia Pacific,150.67,48.08,31.91
2024-04-16,2024,2024Q2,4,Apr,2024-04,Tuesday,1,False,Throw Pillow Cover,Home & Garden,Latin America,35.92,14.82,41.26
2024-04-16,2024,2024Q2,4,Apr,2024-04,Tuesday,1,False,Foldable Camping Chair,Sports & Outdoors,Europe,63.67,19.24,30.22
2024-04-16,2024,2024Q2,4,Apr,2024-04,Tuesday,1,False,Sunscreen SPF50 Tube,Sports & Outdoors,Africa,5.92,2.69,45.44
2024-04-16,2024,2024Q2,4,Apr,2024-04,Tuesday,1,False,Portable Power Bank 10000mAh,Electronics,Europe,48.56,17.38,35.79
2024-04-17,2024,2024Q2,4,Apr,2024-04,Wednesday,2,False,USB-C Charging Cable,Electronics,Latin America,7.52,3.47,46.14
2024-04-18,2024,2024Q2,4,Apr,2024-04,Thursday,3,False,Energy Drink 6-Pack,Food & Beverages,Asia Pacific,24.59,10.35,42.09
2024-04-18,2024,2024Q2,4,Apr,2024-04,Thursday,3,False,Hand Cream Tube,Beauty & Personal Care,North America,30.63,15.66,51.13
2024-04-18,2024,2024Q2,4,Apr,2024-04,Thursday,3,False,A4 Notebook Hardcover,Office Supplies,Asia Pacific,39.04,15.84,40.57
2024-04-18,2024,2024Q2,4,Apr,2024-04,Thursday,3,False,Face Moisturizer Cream,Beauty & Personal Care,Europe,39.93,17.04,42.67
2024-04-19,2024,2024Q2,4,Apr,2024-04,Friday,4,False,Yoga Mat Premium,Sports & Outdoors,Europe,115.0,56.92,49.5
2024-04-19,2024,2024Q2,4,Apr,2024-04,Friday,4,False,Hand Cream Tube,Beauty & Personal Care,North America,63.2,36.88,58.35
2024-04-20,2024,2024Q2,4,Apr,2024-04,Saturday,5,True,Portable Power Bank 10000mAh,Electronics,Asia Pacific,36.04,10.49,29.11
2024-04-20,2024,2024Q2,4,Apr,2024-04,Saturday,5,True,Bluetooth Speaker Mini,Electronics,North America,62.7,21.76,34.7
2024-04-20,2024,2024Q2,4,Apr,2024-04,Saturday,5,True,Bluetooth Speaker Mini,Electronics,Africa,17.31,5.01,28.94
2024-04-21,2024,2024Q2,4,Apr,2024-04,Sunday,6,True,Bath Soap Pack,Beauty & Personal Care,Asia Pacific,7.4,4.66,62.97
2024-04-22,2024,2024Q2,4,Apr,2024-04,Monday,0,False,Wireless Mouse,Electronics,Middle East,39.75,14.55,36.6
2024-04-23,2024,2024Q2,4,Apr,2024-04,Tuesday,1,False,Wool Blend Sweater,Clothing,North America,107.29,47.99,44.73
2024-04-23,2024,2024Q2,4,Apr,2024-04,Tuesday,1,False,Hand Cream Tube,Beauty & Personal Care,North America,30.34,15.2,50.1
2024-04-23,2024,2024Q2,4,Apr,2024-04,Tuesday,1,False,Sunscreen SPF50 Tube,Sports & Outdoors,Latin America,8.37,3.9,46.59
2024-04-24,2024,2024Q2,4,Apr,2024-04,Wednesday,2,False,Mechanical Pencil Set,Office Supplies,Europe,16.15,8.02,49.66
2024-04-24,2024,2024Q2,4,Apr,2024-04,Wednesday,2,False,Desk Organizer Tray,Office Supplies,Middle East,17.78,7.46,41.96
2024-04-24,2024,2024Q2,4,Apr,2024-04,Wednesday,2,False,Hair Shampoo 300ml,Beauty & Personal Care,Middle East,37.5,15.81,42.16
2024-04-24,2024,2024Q2,4,Apr,2024-04,Wednesday,2,False,A4 Notebook Hardcover,Office Supplies,North America,23.18,10.43,45.0
2024-04-24,2024,2024Q2,4,Apr,2024-04,Wednesday,2,False,Face Moisturizer Cream,Beauty & Personal Care,Europe,36.8,19.51,53.02
2024-04-24,2024,2024Q2,4,Apr,2024-04,Wednesday,2,False,Phone Grip Stand,Electronics,Asia Pacific,9.16,5.12,55.9
2024-04-25,2024,2024Q2,4,Apr,2024-04,Thursday,3,False,Organic Green Tea Box,Food & Beverages,Europe,19.14,8.4,43.89
2024-04-25,2024,2024Q2,4,Apr,2024-04,Thursday,3,False,Wireless Bluetooth Headphones,Electronics,Latin America,53.42,20.73,38.81
2024-04-26,2024,2024Q2,4,Apr,2024-04,Friday,4,False,Wall Decor Frame,Home & Garden,Asia Pacific,123.6,49.75,40.25
2024-04-26,2024,2024Q2,4,Apr,2024-04,Friday,4,False,LED Desk Lamp,Home & Garden,Middle East,39.61,11.83,29.87
2024-04-26,2024,2024Q2,4,Apr,2024-04,Friday,4,False,Wool Blend Sweater,Clothing,Asia Pacific,67.73,30.88,45.59
2024-04-26,2024,2024Q2,4,Apr,2024-04,Friday,4,False,Running Sneakers,Clothing,Middle East,119.53,45.98,38.47
2024-04-26,2024,2024Q2,4,Apr,2024-04,Friday,4,False,Throw Pillow Cover,Home & Garden,Latin America,11.85,6.09,51.39
2024-04-27,2024,2024Q2,4,Apr,2024-04,Saturday,5,True,Kitchen Herb Garden,Home & Garden,Africa,12.4,4.73,38.15
2024-04-27,2024,2024Q2,4,Apr,2024-04,Saturday,5,True,Organic Green Tea Box,Food & Beverages,Asia Pacific,13.32,6.43,48.27
2024-04-28,2024,2024Q2,4,Apr,2024-04,Sunday,6,True,Desk Organizer Tray,Office Supplies,Europe,33.11,13.67,41.29
2024-04-28,2024,2024Q2,4,Apr,2024-04,Sunday,6,True,Foldable Camping Chair,Sports & Outdoors,North America,74.14,26.17,35.3
2024-04-28,2024,2024Q2,4,Apr,2024-04,Sunday,6,True,Foldable Camping Chair,Sports & Outdoors,Middle East,84.5,30.63,36.25
2024-04-28,2024,2024Q2,4,Apr,2024-04,Sunday,6,True,Smart Watch Basic,Electronics,North America,213.95,60.69,28.37
2024-04-28,2024,2024Q2,4,Apr,2024-04,Sunday,6,True,Hair Shampoo 300ml,Beauty & Personal Care,Asia Pacific,11.43,5.05,44.18
2024-04-28,2024,2024Q2,4,Apr,2024-04,Sunday,6,True,Indoor Planter Pot,Home & Garden,Middle East,25.08,10.95,43.66
2024-04-28,2024,2024Q2,4,Apr,2024-04,Sunday,6,True,Smart Watch Basic,Electronics,Middle East,102.86,32.44,31.54
2024-04-28,2024,2024Q2,4,Apr,2024-04,Sunday,6,True,Foldable Camping Chair,Sports & Outdoors,Europe,280.79,81.3,28.95
2024-04-29,2024,2024Q2,4,Apr,2024-04,Monday,0,False,Wireless Mouse,Electronics,Europe,40.38,15.48,38.34
2024-04-29,2024,2024Q2,4,Apr,2024-04,Monday,0,False,Casual Button-Down Shirt,Clothing,North America,58.95,31.47,53.38
2024-04-30,2024,2024Q2,4,Apr,2024-04,Tuesday,1,False,Sunscreen SPF50 Tube,Sports & Outdoors,Middle East,19.98,10.01,50.1
2024-04-30,2024,2024Q2,4,Apr,2024-04,Tuesday,1,False,Foldable Camping Chair,Sports & Outdoors,Latin America,33.24,11.11,33.42
2024-04-30,2024,2024Q2,4,Apr,2024-04,Tuesday,1,False,Energy Drink 6-Pack,Food & Beverages,Asia Pacific,10.77,4.66,43.27
2024-04-30,2024,2024Q2,4,Apr,2024-04,Tuesday,1,False,Mixed Nuts Pack,Food & Beverages,Africa,5.92,2.94,49.66
2024-05-01,2024,2024Q2,5,May,2024-05,Wednesday,2,False,Wool Blend Sweater,Clothing,Middle East,58.78,27.31,46.46
2024-05-01,2024,2024Q2,5,May,2024-05,Wednesday,2,False,Throw Pillow Cover,Home & Garden,Asia Pacific,20.36,9.65,47.4
2024-05-02,2024,2024Q2,5,May,2024-05,Thursday,3,False,Resistance Bands Set,Sports & Outdoors,Asia Pacific,56.18,23.9,42.54
2024-05-03,2024,2024Q2,5,May,2024-05,Friday,4,False,Indoor Planter Pot,Home & Garden,North America,163.13,64.92,39.8
2024-05-04,2024,2024Q2,5,May,2024-05,Saturday,5,True,Running Sneakers,Clothing,Middle East,192.0,62.02,32.3
2024-05-04,2024,2024Q2,5,May,2024-05,Saturday,5,True,Ballpoint Pen Box of 12,Office Supplies,Europe,33.68,14.92,44.3
2024-05-04,2024,2024Q2,5,May,2024-05,Saturday,5,True,Denim Jeans Regular Fit,Clothing,Middle East,145.44,68.58,47.15
2024-05-05,2024,2024Q2,5,May,2024-05,Sunday,6,True,Running Sneakers,Clothing,Asia Pacific,193.08,82.43,42.69
2024-05-05,2024,2024Q2,5,May,2024-05,Sunday,6,True,Sparkling Water 12-Pack,Food & Beverages,Latin America,6.51,3.33,51.15
2024-05-05,2024,2024Q2,5,May,2024-05,Sunday,6,True,Sparkling Water 12-Pack,Food & Beverages,Middle East,14.63,8.6,58.78
2024-05-06,2024,2024Q2,5,May,2024-05,Monday,0,False,Kitchen Herb Garden,Home & Garden,Asia Pacific,25.8,10.74,41.63
2024-05-06,2024,2024Q2,5,May,2024-05,Monday,0,False,Sticky Notes Pad,Office Supplies,Latin America,4.18,2.05,49.04
2024-05-07,2024,2024Q2,5,May,2024-05,Tuesday,1,False,Hair Shampoo 300ml,Beauty & Personal Care,Europe,17.61,7.8,44.29
2024-05-07,2024,2024Q2,5,May,2024-05,Tuesday,1,False,Portable Power Bank 10000mAh,Electronics,North America,62.64,20.29,32.39
2024-05-07,2024,2024Q2,5,May,2024-05,Tuesday,1,False,Dark Chocolate Bar,Food & Beverages,Africa,2.98,1.53,51.34
2024-05-07,2024,2024Q2,5,May,2024-05,Tuesday,1,False,USB-C Charging Cable,Electronics,Latin America,17.6,7.1,40.34
2024-05-07,2024,2024Q2,5,May,2024-05,Tuesday,1,False,Running Sneakers,Clothing,Middle East,328.77,134.16,40.81
2024-05-08,2024,2024Q2,5,May,2024-05,Wednesday,2,False,USB-C Charging Cable,Electronics,Europe,16.65,7.09,42.58
2024-05-09,2024,2024Q2,5,May,2024-05,Thursday,3,False,Scented Candle Set,Home & Garden,Asia Pacific,22.31,9.11,40.83
2024-05-09,2024,2024Q2,5,May,2024-05,Thursday,3,False,Water Bottle Stainless Steel,Sports & Outdoors,Europe,141.79,57.01,40.21
2024-05-09,2024,2024Q2,5,May,2024-05,Thursday,3,False,Water Bottle Stainless Steel,Sports & Outdoors,Asia Pacific,43.17,19.3,44.71
2024-05-09,2024,2024Q2,5,May,2024-05,Thursday,3,False,Lip Balm Set,Beauty & Personal Care,Europe,84.18,40.15,47.7
2024-05-10,2024,2024Q2,5,May,2024-05,Friday,4,False,Hand Cream Tube,Beauty & Personal Care,North America,47.05,24.07,51.16
2024-05-10,2024,2024Q2,5,May,2024-05,Friday,4,False,Winter Jacket Premium,Clothing,North America,974.49,325.25,33.38
2024-05-11,2024,2024Q2,5,May,2024-05,Saturday,5,True,Yoga Mat Premium,Sports & Outdoors,Africa,21.17,9.89,46.72
2024-05-11,2024,2024Q2,5,May,2024-05,Saturday,5,True,Mechanical Pencil Set,Office Supplies,Asia Pacific,34.06,16.1,47.27
2024-05-11,2024,2024Q2,5,May,2024-05,Saturday,5,True,Portable Power Bank 10000mAh,Electronics,North America,282.44,98.9,35.02
2024-05-12,2024,2024Q2,5,May,2024-05,Sunday,6,True,Wall Decor Frame,Home & Garden,Europe,113.14,40.45,35.75
2024-05-12,2024,2024Q2,5,May,2024-05,Sunday,6,True,Wall Decor Frame,Home & Garden,Africa,65.9,30.74,46.65
2024-05-13,2024,2024Q2,5,May,2024-05,Monday,0,False,Wireless Mouse,Electronics,Middle East,20.9,9.21,44.07
2024-05-13,2024,2024Q2,5,May,2024-05,Monday,0,False,LED Desk Lamp,Home & Garden,Asia Pacific,97.22,33.62,34.58
2024-05-13,2024,2024Q2,5,May,2024-05,Monday,0,False,Denim Jeans Regular Fit,Clothing,North America,361.97,174.67,48.26
2024-05-14,2024,2024Q2,5,May,2024-05,Tuesday,1,False,Hair Shampoo 300ml,Beauty & Personal Care,Asia Pacific,23.21,11.61,50.02
2024-05-14,2024,2024Q2,5,May,2024-05,Tuesday,1,False,Wireless Mouse,Electronics,Asia Pacific,54.53,21.45,39.34
2024-05-14,2024,2024Q2,5,May,2024-05,Tuesday,1,False,Mechanical Pencil Set,Office Supplies,Asia Pacific,43.13,23.7,54.95
2024-05-15,2024,2024Q2,5,May,2024-05,Wednesday,2,False,Wireless Keyboard,Office Supplies,Asia Pacific,63.09,21.84,34.62
2024-05-15,2024,2024Q2,5,May,2024-05,Wednesday,2,False,Phone Grip Stand,Electronics,Europe,28.85,15.41,53.41
2024-05-16,2024,2024Q2,5,May,2024-05,Thursday,3,False,Mechanical Pencil Set,Office Supplies,Latin America,22.18,10.33,46.57
2024-05-16,2024,2024Q2,5,May,2024-05,Thursday,3,False,Mechanical Pencil Set,Office Supplies,Latin America,8.35,4.33,51.86
2024-05-16,2024,2024Q2,5,May,2024-05,Thursday,3,False,Ballpoint Pen Box of 12,Office Supplies,Africa,7.45,3.32,44.56
2024-05-16,2024,2024Q2,5,May,2024-05,Thursday,3,False,Throw Pillow Cover,Home & Garden,North America,31.49,15.03,47.73
2024-05-16,2024,2024Q2,5,May,2024-05,Thursday,3,False,Portable Power Bank 10000mAh,Electronics,Latin America,26.93,8.96,33.27
2024-05-17,2024,2024Q2,5,May,2024-05,Friday,4,False,Energy Drink 6-Pack,Food & Beverages,Africa,11.06,5.8,52.44
2024-05-17,2024,2024Q2,5,May,2024-05,Friday,4,False,Scented Candle Set,Home & Garden,Middle East,90.47,34.72,38.38
2024-05-17,2024,2024Q2,5,May,2024-05,Friday,4,False,Wireless Keyboard,Office Supplies,Africa,27.64,8.4,30.39
2024-05-17,2024,2024Q2,5,May,2024-05,Friday,4,False,Hair Shampoo 300ml,Beauty & Personal Care,Middle East,19.64,7.55,38.44
2024-05-18,2024,2024Q2,5,May,2024-05,Saturday,5,True,Throw Pillow Cover,Home & Garden,Latin America,67.88,30.41,44.8
2024-05-18,2024,2024Q2,5,May,2024-05,Saturday,5,True,Indoor Planter Pot,Home & Garden,Europe,40.08,15.89,39.65
2024-05-19,2024,2024Q2,5,May,2024-05,Sunday,6,True,Laptop Stand Adjustable,Electronics,Asia Pacific,36.64,15.61,42.6
2024-05-19,2024,2024Q2,5,May,2024-05,Sunday,6,True,Energy Drink 6-Pack,Food & Beverages,North America,20.24,9.12,45.06
2024-05-19,2024,2024Q2,5,May,2024-05,Sunday,6,True,Wireless Keyboard,Office Supplies,Asia Pacific,63.96,20.94,32.74
2024-05-19,2024,2024Q2,5,May,2024-05,Sunday,6,True,Kitchen Herb Garden,Home & Garden,Middle East,43.29,15.07,34.81
2024-05-19,2024,2024Q2,5,May,2024-05,Sunday,6,True,Indoor Planter Pot,Home & Garden,Europe,46.22,17.75,38.4
2024-05-20,2024,2024Q2,5,May,2024-05,Monday,0,False,Smart Watch Basic,Electronics,Asia Pacific,147.23,37.63,25.56
2024-05-20,2024,2024Q2,5,May,2024-05,Monday,0,False,Running Sneakers,Clothing,North America,133.14,44.65,33.54
2024-05-21,2024,2024Q2,5,May,2024-05,Tuesday,1,False,Mechanical Pencil Set,Office Supplies,Middle East,17.28,9.72,56.25
2024-05-21,2024,2024Q2,5,May,2024-05,Tuesday,1,False,Winter Jacket Premium,Clothing,North America,284.18,96.11,33.82
2024-05-22,2024,2024Q2,5,May,2024-05,Wednesday,2,False,Wool Blend Sweater,Clothing,Middle East,172.19,70.2,40.77
2024-05-23,2024,2024Q2,5,May,2024-05,Thursday,3,False,Throw Pillow Cover,Home & Garden,North America,32.27,16.68,51.69
2024-05-23,2024,2024Q2,5,May,2024-05,Thursday,3,False,Portable Power Bank 10000mAh,Electronics,Latin America,24.23,7.61,31.41
2024-05-23,2024,2024Q2,5,May,2024-05,Thursday,3,False,Denim Jeans Regular Fit,Clothing,Asia Pacific,193.48,84.07,43.45
2024-05-24,2024,2024Q2,5,May,2024-05,Friday,4,False,Phone Grip Stand,Electronics,Middle East,31.1,15.68,50.42
2024-05-24,2024,2024Q2,5,May,2024-05,Friday,4,False,Phone Grip Stand,Electronics,Middle East,22.87,11.82,51.68
2024-05-25,2024,2024Q2,5,May,2024-05,Saturday,5,True,Classic Cotton T-Shirt,Clothing,Latin America,65.8,38.39,58.34
2024-05-25,2024,2024Q2,5,May,2024-05,Saturday,5,True,Classic Cotton T-Shirt,Clothing,Asia Pacific,69.3,41.17,59.41
2024-05-25,2024,2024Q2,5,May,2024-05,Saturday,5,True,Portable Power Bank 10000mAh,Electronics,Asia Pacific,42.81,12.1,28.26
2024-05-26,2024,2024Q2,5,May,2024-05,Sunday,6,True,Kitchen Herb Garden,Home & Garden,North America,45.5,18.09,39.76
2024-05-26,2024,2024Q2,5,May,2024-05,Sunday,6,True,Bath Soap Pack,Beauty & Personal Care,North America,64.18,38.35,59.75
2024-05-26,2024,2024Q2,5,May,2024-05,Sunday,6,True,Wall Decor Frame,Home & Garden,North America,44.95,19.22,42.76
2024-05-26,2024,2024Q2,5,May,2024-05,Sunday,6,True,Indoor Planter Pot,Home & Garden,Africa,15.92,5.68,35.68
2024-05-27,2024,2024Q2,5,May,2024-05,Monday,0,False,Dark Chocolate Bar,Food & Beverages,Europe,16.86,8.66,51.36
2024-05-27,2024,2024Q2,5,May,2024-05,Monday,0,False,Casual Button-Down Shirt,Clothing,Europe,52.19,24.42,46.79
2024-05-27,2024,2024Q2,5,May,2024-05,Monday,0,False,Hair Shampoo 300ml,Beauty & Personal Care,North America,19.8,9.17,46.31
2024-05-30,2024,2024Q2,5,May,2024-05,Thursday,3,False,Smart Watch Basic,Electronics,Africa,178.4,42.48,23.81
2024-05-30,2024,2024Q2,5,May,2024-05,Thursday,3,False,Hand Cream Tube,Beauty & Personal Care,Asia Pacific,9.33,5.49,58.84
2024-05-30,2024,2024Q2,5,May,2024-05,Thursday,3,False,Gourmet Coffee Beans 1lb,Food & Beverages,Middle East,13.95,4.54,32.54
2024-05-30,2024,2024Q2,5,May,2024-05,Thursday,3,False,Gourmet Coffee Beans 1lb,Food & Beverages,Europe,72.39,28.09,38.8
2024-05-30,2024,2024Q2,5,May,2024-05,Thursday,3,False,Water Bottle Stainless Steel,Sports & Outdoors,North America,32.63,13.04,39.96
2024-05-31,2024,2024Q2,5,May,2024-05,Friday,4,False,Hand Cream Tube,Beauty & Personal Care,Middle East,16.01,8.31,51.91
2024-06-01,2024,2024Q2,6,Jun,2024-06,Saturday,5,True,USB-C Charging Cable,Electronics,Europe,17.24,8.63,50.06
2024-06-01,2024,2024Q2,6,Jun,2024-06,Saturday,5,True,Face Moisturizer Cream,Beauty & Personal Care,Africa,75.76,36.08,47.62
2024-06-01,2024,2024Q2,6,Jun,2024-06,Saturday,5,True,Sticky Notes Pad,Office Supplies,Middle East,9.9,6.15,62.12
2024-06-02,2024,2024Q2,6,Jun,2024-06,Sunday,6,True,Casual Button-Down Shirt,Clothing,North America,73.41,38.39,52.3
2024-06-02,2024,2024Q2,6,Jun,2024-06,Sunday,6,True,Lip Balm Set,Beauty & Personal Care,Asia Pacific,15.84,7.4,46.72
2024-06-02,2024,2024Q2,6,Jun,2024-06,Sunday,6,True,Mechanical Pencil Set,Office Supplies,Middle East,21.76,10.27,47.2
2024-06-02,2024,2024Q2,6,Jun,2024-06,Sunday,6,True,Dark Chocolate Bar,Food & Beverages,Europe,9.66,4.47,46.27
2024-06-03,2024,2024Q2,6,Jun,2024-06,Monday,0,False,Wireless Keyboard,Office Supplies,Africa,26.26,9.03,34.39
2024-06-03,2024,2024Q2,6,Jun,2024-06,Monday,0,False,Kitchen Herb Garden,Home & Garden,North America,193.11,86.29,44.68
2024-06-03,2024,2024Q2,6,Jun,2024-06,Monday,0,False,Mechanical Pencil Set,Office Supplies,Latin America,7.85,3.79,48.28
2024-06-04,2024,2024Q2,6,Jun,2024-06,Tuesday,1,False,Denim Jeans Regular Fit,Clothing,Latin America,85.25,44.84,52.6
2024-06-05,2024,2024Q2,6,Jun,2024-06,Wednesday,2,False,Water Bottle Stainless Steel,Sports & Outdoors,Asia Pacific,25.31,12.22,48.28
2024-06-05,2024,2024Q2,6,Jun,2024-06,Wednesday,2,False,Energy Drink 6-Pack,Food & Beverages,Middle East,54.55,26.2,48.03
2024-06-05,2024,2024Q2,6,Jun,2024-06,Wednesday,2,False,Dark Chocolate Bar,Food & Beverages,Europe,29.72,15.15,50.98
2024-06-06,2024,2024Q2,6,Jun,2024-06,Thursday,3,False,Wall Decor Frame,Home & Garden,Africa,14.4,6.39,44.38
2024-06-07,2024,2024Q2,6,Jun,2024-06,Friday,4,False,Lip Balm Set,Beauty & Personal Care,North America,73.17,32.32,44.17
2024-06-07,2024,2024Q2,6,Jun,2024-06,Friday,4,False,Dark Chocolate Bar,Food & Beverages,North America,21.47,8.29,38.61
2024-06-08,2024,2024Q2,6,Jun,2024-06,Saturday,5,True,Hair Shampoo 300ml,Beauty & Personal Care,Latin America,18.64,8.44,45.28
2024-06-08,2024,2024Q2,6,Jun,2024-06,Saturday,5,True,Wool Blend Sweater,Clothing,North America,109.67,44.68,40.74
2024-06-08,2024,2024Q2,6,Jun,2024-06,Saturday,5,True,Face Moisturizer Cream,Beauty & Personal Care,Latin America,21.93,11.97,54.58
2024-06-08,2024,2024Q2,6,Jun,2024-06,Saturday,5,True,Bluetooth Speaker Mini,Electronics,North America,81.5,29.7,36.44
2024-06-09,2024,2024Q2,6,Jun,2024-06,Sunday,6,True,Sparkling Water 12-Pack,Food & Beverages,Europe,12.61,6.96,55.19
2024-06-09,2024,2024Q2,6,Jun,2024-06,Sunday,6,True,Bath Soap Pack,Beauty & Personal Care,Europe,11.98,7.4,61.77
2024-06-09,2024,2024Q2,6,Jun,2024-06,Sunday,6,True,Wireless Mouse,Electronics,North America,54.99,24.57,44.68
2024-06-10,2024,2024Q2,6,Jun,2024-06,Monday,0,False,Gourmet Coffee Beans 1lb,Food & Beverages,Europe,107.09,38.68,36.12
2024-06-11,2024,2024Q2,6,Jun,2024-06,Tuesday,1,False,Wool Blend Sweater,Clothing,North America,129.32,55.17,42.66
2024-06-11,2024,2024Q2,6,Jun,2024-06,Tuesday,1,False,Sparkling Water 12-Pack,Food & Beverages,Middle East,7.83,3.55,45.34
2024-06-11,2024,2024Q2,6,Jun,2024-06,Tuesday,1,False,Gourmet Coffee Beans 1lb,Food & Beverages,Latin America,65.08,28.21,43.35
2024-06-11,2024,2024Q2,6,Jun,2024-06,Tuesday,1,False,Organic Green Tea Box,Food & Beverages,Asia Pacific,16.06,7.14,44.46
2024-06-12,2024,2024Q2,6,Jun,2024-06,Wednesday,2,False,Dark Chocolate Bar,Food & Beverages,Asia Pacific,41.37,20.75,50.16
2024-06-12,2024,2024Q2,6,Jun,2024-06,Wednesday,2,False,Wireless Bluetooth Headphones,Electronics,Europe,126.48,37.63,29.75
2024-06-13,2024,2024Q2,6,Jun,2024-06,Thursday,3,False,Denim Jeans Regular Fit,Clothing,North America,96.34,41.2,42.77
2024-06-13,2024,2024Q2,6,Jun,2024-06,Thursday,3,False,A4 Notebook Hardcover,Office Supplies,Africa,27.79,12.22,43.97
2024-06-14,2024,2024Q2,6,Jun,2024-06,Friday,4,False,Mechanical Pencil Set,Office Supplies,North America,36.32,19.69,54.21
2024-06-15,2024,2024Q2,6,Jun,2024-06,Saturday,5,True,Dark Chocolate Bar,Food & Beverages,Africa,9.93,4.78,48.14
2024-06-15,2024,2024Q2,6,Jun,2024-06,Saturday,5,True,Wall Decor Frame,Home & Garden,Africa,29.1,12.63,43.4
2024-06-15,2024,2024Q2,6,Jun,2024-06,Saturday,5,True,Classic Cotton T-Shirt,Clothing,Europe,36.75,22.82,62.1
2024-06-16,2024,2024Q2,6,Jun,2024-06,Sunday,6,True,Dark Chocolate Bar,Food & Beverages,North America,57.27,26.57,46.39
2024-06-16,2024,2024Q2,6,Jun,2024-06,Sunday,6,True,Mixed Nuts Pack,Food & Beverages,Middle East,30.96,17.18,55.49
2024-06-16,2024,2024Q2,6,Jun,2024-06,Sunday,6,True,Desk Organizer Tray,Office Supplies,North America,90.93,33.19,36.5
2024-06-17,2024,2024Q2,6,Jun,2024-06,Monday,0,False,A4 Notebook Hardcover,Office Supplies,North America,22.67,10.5,46.32
2024-06-17,2024,2024Q2,6,Jun,2024-06,Monday,0,False,Throw Pillow Cover,Home & Garden,Latin America,13.0,6.92,53.23
2024-06-18,2024,2024Q2,6,Jun,2024-06,Tuesday,1,False,Sunscreen SPF50 Tube,Sports & Outdoors,North America,24.34,10.07,41.37
2024-06-19,2024,2024Q2,6,Jun,2024-06,Wednesday,2,False,Portable Power Bank 10000mAh,Electronics,North America,72.84,22.06,30.29
2024-06-19,2024,2024Q2,6,Jun,2024-06,Wednesday,2,False,Denim Jeans Regular Fit,Clothing,North America,96.46,43.28,44.87
2024-06-20,2024,2024Q2,6,Jun,2024-06,Thursday,3,False,Wireless Mouse,Electronics,North America,46.03,15.79,34.3
2024-06-21,2024,2024Q2,6,Jun,2024-06,Friday,4,False,Denim Jeans Regular Fit,Clothing,North America,382.94,171.24,44.72
2024-06-21,2024,2024Q2,6,Jun,2024-06,Friday,4,False,Ballpoint Pen Box of 12,Office Supplies,Africa,3.98,2.29,57.54
2024-06-22,2024,2024Q2,6,Jun,2024-06,Saturday,5,True,Energy Drink 6-Pack,Food & Beverages,Asia Pacific,59.76,28.6,47.86
2024-06-22,2024,2024Q2,6,Jun,2024-06,Saturday,5,True,LED Desk Lamp,Home & Garden,North America,89.47,30.05,33.59
2024-06-22,2024,2024Q2,6,Jun,2024-06,Saturday,5,True,Phone Grip Stand,Electronics,Latin America,6.84,3.24,47.37
2024-06-23,2024,2024Q2,6,Jun,2024-06,Sunday,6,True,USB-C Charging Cable,Electronics,Africa,11.43,5.37,46.98
2024-06-23,2024,2024Q2,6,Jun,2024-06,Sunday,6,True,Dark Chocolate Bar,Food & Beverages,Europe,51.63,22.65,43.87
2024-06-24,2024,2024Q2,6,Jun,2024-06,Monday,0,False,A4 Notebook Hardcover,Office Supplies,North America,25.33,13.06,51.56
2024-06-24,2024,2024Q2,6,Jun,2024-06,Monday,0,False,Wireless Mouse,Electronics,North America,48.14,19.66,40.84
2024-06-24,2024,2024Q2,6,Jun,2024-06,Monday,0,False,Casual Button-Down Shirt,Clothing,Europe,309.15,163.88,53.01
2024-06-25,2024,2024Q2,6,Jun,2024-06,Tuesday,1,False,Ballpoint Pen Box of 12,Office Supplies,North America,28.71,14.72,51.27
2024-06-25,2024,2024Q2,6,Jun,2024-06,Tuesday,1,False,Hair Shampoo 300ml,Beauty & Personal Care,North America,21.36,9.39,43.96
2024-06-25,2024,2024Q2,6,Jun,2024-06,Tuesday,1,False,Wireless Bluetooth Headphones,Electronics,Asia Pacific,234.09,89.76,38.34
2024-06-27,2024,2024Q2,6,Jun,2024-06,Thursday,3,False,Wireless Mouse,Electronics,Asia Pacific,102.69,41.31,40.23
2024-06-27,2024,2024Q2,6,Jun,2024-06,Thursday,3,False,Yoga Mat Premium,Sports & Outdoors,Europe,125.94,59.53,47.27
2024-06-27,2024,2024Q2,6,Jun,2024-06,Thursday,3,False,Classic Cotton T-Shirt,Clothing,Asia Pacific,26.46,16.71,63.15
2024-06-28,2024,2024Q2,6,Jun,2024-06,Friday,4,False,Smart Watch Basic,Electronics,Asia Pacific,662.55,206.31,31.14
2024-06-28,2024,2024Q2,6,Jun,2024-06,Friday,4,False,Sunscreen SPF50 Tube,Sports & Outdoors,Latin America,36.84,18.84,51.14
2024-06-28,2024,2024Q2,6,Jun,2024-06,Friday,4,False,Desk Organizer Tray,Office Supplies,Europe,34.43,13.7,39.79
2024-06-29,2024,2024Q2,6,Jun,2024-06,Saturday,5,True,Mechanical Pencil Set,Office Supplies,Asia Pacific,13.82,6.64,48.05
2024-06-30,2024,2024Q2,6,Jun,2024-06,Sunday,6,True,Hand Cream Tube,Beauty & Personal Care,North America,16.69,7.83,46.91
2024-06-30,2024,2024Q2,6,Jun,2024-06,Sunday,6,True,Energy Drink 6-Pack,Food & Beverages,Middle East,10.94,4.6,42.05
2024-06-30,2024,2024Q2,6,Jun,2024-06,Sunday,6,True,Resistance Bands Set,Sports & Outdoors,Africa,25.31,11.24,44.41
2024-07-01,2024,2024Q3,7,Jul,2024-07,Monday,0,False,Wall Decor Frame,Home & Garden,Asia Pacific,63.63,23.05,36.23
2024-07-02,2024,2024Q3,7,Jul,2024-07,Tuesday,1,False,Winter Jacket Premium,Clothing,Asia Pacific,629.56,176.23,27.99
2024-07-02,2024,2024Q3,7,Jul,2024-07,Tuesday,1,False,Water Bottle Stainless Steel,Sports & Outdoors,Africa,22.22,9.33,41.99
2024-07-02,2024,2024Q3,7,Jul,2024-07,Tuesday,1,False,Wireless Keyboard,Office Supplies,North America,108.83,30.4,27.93
2024-07-02,2024,2024Q3,7,Jul,2024-07,Tuesday,1,False,Wireless Bluetooth Headphones,Electronics,Latin America,289.42,93.27,32.23
2024-07-02,2024,2024Q3,7,Jul,2024-07,Tuesday,1,False,Throw Pillow Cover,Home & Garden,North America,72.65,36.46,50.19
2024-07-02,2024,2024Q3,7,Jul,2024-07,Tuesday,1,False,Sunscreen SPF50 Tube,Sports & Outdoors,North America,48.26,20.61,42.71
2024-07-03,2024,2024Q3,7,Jul,2024-07,Wednesday,2,False,Scented Candle Set,Home & Garden,North America,47.85,24.63,51.47
2024-07-04,2024,2024Q3,7,Jul,2024-07,Thursday,3,False,Smart Watch Basic,Electronics,Europe,224.5,68.4,30.47
2024-07-04,2024,2024Q3,7,Jul,2024-07,Thursday,3,False,Sticky Notes Pad,Office Supplies,Middle East,11.33,6.83,60.28
2024-07-05,2024,2024Q3,7,Jul,2024-07,Friday,4,False,Classic Cotton T-Shirt,Clothing,Asia Pacific,87.86,43.57,49.59
2024-07-05,2024,2024Q3,7,Jul,2024-07,Friday,4,False,Sunscreen SPF50 Tube,Sports & Outdoors,Africa,6.4,3.21,50.16
2024-07-05,2024,2024Q3,7,Jul,2024-07,Friday,4,False,Phone Grip Stand,Electronics,Latin America,14.42,7.55,52.36
2024-07-05,2024,2024Q3,7,Jul,2024-07,Friday,4,False,Sunscreen SPF50 Tube,Sports & Outdoors,North America,26.57,12.49,47.01
2024-07-05,2024,2024Q3,7,Jul,2024-07,Friday,4,False,Sticky Notes Pad,Office Supplies,Asia Pacific,33.01,17.24,52.23
2024-07-06,2024,2024Q3,7,Jul,2024-07,Saturday,5,True,Resistance Bands Set,Sports & Outdoors,Africa,50.14,22.36,44.6
2024-07-06,2024,2024Q3,7,Jul,2024-07,Saturday,5,True,Laptop Stand Adjustable,Electronics,Asia Pacific,73.6,31.85,43.27
2024-07-07,2024,2024Q3,7,Jul,2024-07,Sunday,6,True,Laptop Stand Adjustable,Electronics,Middle East,31.15,12.89,41.38
2024-07-07,2024,2024Q3,7,Jul,2024-07,Sunday,6,True,Throw Pillow Cover,Home & Garden,Asia Pacific,21.36,10.4,48.69
2024-07-08,2024,2024Q3,7,Jul,2024-07,Monday,0,False,Ballpoint Pen Box of 12,Office Supplies,North America,17.21,9.93,57.7
2024-07-09,2024,2024Q3,7,Jul,2024-07,Tuesday,1,False,Portable Power Bank 10000mAh,Electronics,Europe,125.54,34.19,27.23
2024-07-09,2024,2024Q3,7,Jul,2024-07,Tuesday,1,False,Lip Balm Set,Beauty & Personal Care,Asia Pacific,15.19,7.89,51.94
2024-07-09,2024,2024Q3,7,Jul,2024-07,Tuesday,1,False,Kitchen Herb Garden,Home & Garden,North America,53.38,20.11,37.67
2024-07-11,2024,2024Q3,7,Jul,2024-07,Thursday,3,False,Smart Watch Basic,Electronics,North America,546.94,132.47,24.22
2024-07-11,2024,2024Q3,7,Jul,2024-07,Thursday,3,False,Energy Drink 6-Pack,Food & Beverages,Africa,28.59,11.83,41.38
2024-07-11,2024,2024Q3,7,Jul,2024-07,Thursday,3,False,Organic Green Tea Box,Food & Beverages,North America,52.0,21.96,42.23
2024-07-11,2024,2024Q3,7,Jul,2024-07,Thursday,3,False,Sunscreen SPF50 Tube,Sports & Outdoors,Africa,13.11,5.2,39.66
2024-07-11,2024,2024Q3,7,Jul,2024-07,Thursday,3,False,Sticky Notes Pad,Office Supplies,Asia Pacific,19.8,11.89,60.05
2024-07-11,2024,2024Q3,7,Jul,2024-07,Thursday,3,False,Sparkling Water 12-Pack,Food & Beverages,North America,33.62,16.95,50.42
2024-07-11,2024,2024Q3,7,Jul,2024-07,Thursday,3,False,Sticky Notes Pad,Office Supplies,Asia Pacific,24.52,11.47,46.78
2024-07-11,2024,2024Q3,7,Jul,2024-07,Thursday,3,False,Phone Grip Stand,Electronics,Asia Pacific,11.6,6.35,54.74
2024-07-12,2024,2024Q3,7,Jul,2024-07,Friday,4,False,Resistance Bands Set,Sports & Outdoors,North America,135.57,77.79,57.38
2024-07-13,2024,2024Q3,7,Jul,2024-07,Saturday,5,True,Wireless Keyboard,Office Supplies,North America,479.97,157.25,32.76
2024-07-13,2024,2024Q3,7,Jul,2024-07,Saturday,5,True,Casual Button-Down Shirt,Clothing,North America,71.46,36.41,50.95
2024-07-14,2024,2024Q3,7,Jul,2024-07,Sunday,6,True,Wireless Keyboard,Office Supplies,Europe,85.06,29.61,34.81
2024-07-15,2024,2024Q3,7,Jul,2024-07,Monday,0,False,Wool Blend Sweater,Clothing,Asia Pacific,344.53,155.16,45.04
2024-07-16,2024,2024Q3,7,Jul,2024-07,Tuesday,1,False,Dark Chocolate Bar,Food & Beverages,North America,13.01,5.92,45.5
2024-07-17,2024,2024Q3,7,Jul,2024-07,Wednesday,2,False,Wall Decor Frame,Home & Garden,Latin America,22.58,8.6,38.09
2024-07-17,2024,2024Q3,7,Jul,2024-07,Wednesday,2,False,Mechanical Pencil Set,Office Supplies,Middle East,22.38,10.35,46.25
2024-07-17,2024,2024Q3,7,Jul,2024-07,Wednesday,2,False,Wall Decor Frame,Home & Garden,Asia Pacific,128.79,46.04,35.75
2024-07-18,2024,2024Q3,7,Jul,2024-07,Thursday,3,False,Mixed Nuts Pack,Food & Beverages,Europe,59.25,25.55,43.12
2024-07-18,2024,2024Q3,7,Jul,2024-07,Thursday,3,False,Sunscreen SPF50 Tube,Sports & Outdoors,Africa,14.63,5.83,39.85
2024-07-18,2024,2024Q3,7,Jul,2024-07,Thursday,3,False,Wall Decor Frame,Home & Garden,North America,57.45,22.95,39.95
2024-07-19,2024,2024Q3,7,Jul,2024-07,Friday,4,False,Phone Grip Stand,Electronics,North America,18.15,9.36,51.57
2024-07-19,2024,2024Q3,7,Jul,2024-07,Friday,4,False,Gourmet Coffee Beans 1lb,Food & Beverages,Europe,27.58,10.41,37.74
2024-07-20,2024,2024Q3,7,Jul,2024-07,Saturday,5,True,Indoor Planter Pot,Home & Garden,North America,56.51,25.09,44.4
2024-07-21,2024,2024Q3,7,Jul,2024-07,Sunday,6,True,LED Desk Lamp,Home & Garden,North America,179.24,62.84,35.06
2024-07-21,2024,2024Q3,7,Jul,2024-07,Sunday,6,True,USB-C Charging Cable,Electronics,North America,48.13,21.22,44.09
2024-07-21,2024,2024Q3,7,Jul,2024-07,Sunday,6,True,Foldable Camping Chair,Sports & Outdoors,Middle East,103.73,35.19,33.92
2024-07-22,2024,2024Q3,7,Jul,2024-07,Monday,0,False,Classic Cotton T-Shirt,Clothing,Africa,34.97,16.38,46.84
2024-07-22,2024,2024Q3,7,Jul,2024-07,Monday,0,False,Lip Balm Set,Beauty & Personal Care,Europe,46.76,24.86,53.17
2024-07-22,2024,2024Q3,7,Jul,2024-07,Monday,0,False,Denim Jeans Regular Fit,Clothing,Africa,65.12,30.39,46.67
2024-07-24,2024,2024Q3,7,Jul,2024-07,Wednesday,2,False,Indoor Planter Pot,Home & Garden,Middle East,80.72,32.65,40.45
2024-07-24,2024,2024Q3,7,Jul,2024-07,Wednesday,2,False,Casual Button-Down Shirt,Clothing,Middle East,32.05,15.94,49.73
2024-07-24,2024,2024Q3,7,Jul,2024-07,Wednesday,2,False,Yoga Mat Premium,Sports & Outdoors,North America,73.31,34.28,46.76
2024-07-25,2024,2024Q3,7,Jul,2024-07,Thursday,3,False,Yoga Mat Premium,Sports & Outdoors,North America,81.74,39.31,48.09
2024-07-25,2024,2024Q3,7,Jul,2024-07,Thursday,3,False,Gourmet Coffee Beans 1lb,Food & Beverages,North America,96.71,31.87,32.95
2024-07-25,2024,2024Q3,7,Jul,2024-07,Thursday,3,False,Dark Chocolate Bar,Food & Beverages,Europe,21.07,10.47,49.69
2024-07-25,2024,2024Q3,7,Jul,2024-07,Thursday,3,False,Hair Shampoo 300ml,Beauty & Personal Care,North America,24.39,12.37,50.72
2024-07-26,2024,2024Q3,7,Jul,2024-07,Friday,4,False,Sunscreen SPF50 Tube,Sports & Outdoors,Europe,22.48,10.4,46.26
2024-07-26,2024,2024Q3,7,Jul,2024-07,Friday,4,False,A4 Notebook Hardcover,Office Supplies,Middle East,13.85,6.39,46.14
2024-07-27,2024,2024Q3,7,Jul,2024-07,Saturday,5,True,Sparkling Water 12-Pack,Food & Beverages,Africa,4.82,2.37,49.17
2024-07-28,2024,2024Q3,7,Jul,2024-07,Sunday,6,True,Running Sneakers,Clothing,Asia Pacific,408.48,143.03,35.02
2024-07-30,2024,2024Q3,7,Jul,2024-07,Tuesday,1,False,Sparkling Water 12-Pack,Food & Beverages,Africa,4.26,2.07,48.59
2024-07-30,2024,2024Q3,7,Jul,2024-07,Tuesday,1,False,Bath Soap Pack,Beauty & Personal Care,Middle East,7.39,3.99,53.99
2024-07-30,2024,2024Q3,7,Jul,2024-07,Tuesday,1,False,Laptop Stand Adjustable,Electronics,Europe,103.63,42.32,40.84
2024-07-30,2024,2024Q3,7,Jul,2024-07,Tuesday,1,False,A4 Notebook Hardcover,Office Supplies,Europe,72.88,29.88,41.0
2024-07-30,2024,2024Q3,7,Jul,2024-07,Tuesday,1,False,Portable Power Bank 10000mAh,Electronics,Asia Pacific,98.1,34.66,35.33
2024-07-31,2024,2024Q3,7,Jul,2024-07,Wednesday,2,False,Hair Shampoo 300ml,Beauty & Personal Care,Europe,41.68,19.8,47.5
2024-07-31,2024,2024Q3,7,Jul,2024-07,Wednesday,2,False,Foldable Camping Chair,Sports & Outdoors,Middle East,45.75,16.04,35.06
2024-08-01,2024,2024Q3,8,Aug,2024-08,Thursday,3,False,Yoga Mat Premium,Sports & Outdoors,Asia Pacific,47.36,20.13,42.5
2024-08-01,2024,2024Q3,8,Aug,2024-08,Thursday,3,False,Sparkling Water 12-Pack,Food & Beverages,Africa,4.07,1.96,48.16
2024-08-01,2024,2024Q3,8,Aug,2024-08,Thursday,3,False,Water Bottle Stainless Steel,Sports & Outdoors,North America,33.53,14.0,41.75
2024-08-01,2024,2024Q3,8,Aug,2024-08,Thursday,3,False,Running Sneakers,Clothing,North America,299.66,117.37,39.17
2024-08-01,2024,2024Q3,8,Aug,2024-08,Thursday,3,False,LED Desk Lamp,Home & Garden,North America,176.94,67.51,38.15
2024-08-01,2024,2024Q3,8,Aug,2024-08,Thursday,3,False,Bath Soap Pack,Beauty & Personal Care,Europe,11.3,6.11,54.07
2024-08-02,2024,2024Q3,8,Aug,2024-08,Friday,4,False,Sticky Notes Pad,Office Supplies,North America,18.58,10.99,59.15
2024-08-02,2024,2024Q3,8,Aug,2024-08,Friday,4,False,Smart Watch Basic,Electronics,Middle East,464.23,132.01,28.44
2024-08-02,2024,2024Q3,8,Aug,2024-08,Friday,4,False,Denim Jeans Regular Fit,Clothing,Europe,90.66,48.25,53.22
2024-08-02,2024,2024Q3,8,Aug,2024-08,Friday,4,False,Classic Cotton T-Shirt,Clothing,Europe,64.17,31.87,49.66
2024-08-02,2024,2024Q3,8,Aug,2024-08,Friday,4,False,Gourmet Coffee Beans 1lb,Food & Beverages,Europe,106.57,41.62,39.05
2024-08-03,2024,2024Q3,8,Aug,2024-08,Saturday,5,True,Water Bottle Stainless Steel,Sports & Outdoors,North America,67.23,28.47,42.35
2024-08-03,2024,2024Q3,8,Aug,2024-08,Saturday,5,True,Denim Jeans Regular Fit,Clothing,Asia Pacific,62.03,29.79,48.03
2024-08-03,2024,2024Q3,8,Aug,2024-08,Saturday,5,True,Running Sneakers,Clothing,North America,395.87,131.01,33.09
2024-08-03,2024,2024Q3,8,Aug,2024-08,Saturday,5,True,Sunscreen SPF50 Tube,Sports & Outdoors,Europe,17.44,7.75,44.44
2024-08-04,2024,2024Q3,8,Aug,2024-08,Sunday,6,True,Sticky Notes Pad,Office Supplies,Europe,17.08,8.32,48.71
2024-08-05,2024,2024Q3,8,Aug,2024-08,Monday,0,False,Energy Drink 6-Pack,Food & Beverages,Asia Pacific,11.59,4.73,40.81
2024-08-05,2024,2024Q3,8,Aug,2024-08,Monday,0,False,Denim Jeans Regular Fit,Clothing,Europe,77.3,40.35,52.2
2024-08-06,2024,2024Q3,8,Aug,2024-08,Tuesday,1,False,Hair Shampoo 300ml,Beauty & Personal Care,Latin America,9.76,5.03,51.54
2024-08-06,2024,2024Q3,8,Aug,2024-08,Tuesday,1,False,LED Desk Lamp,Home & Garden,North America,263.74,85.3,32.34
2024-08-07,2024,2024Q3,8,Aug,2024-08,Wednesday,2,False,Foldable Camping Chair,Sports & Outdoors,Latin America,189.79,59.91,31.57
2024-08-08,2024,2024Q3,8,Aug,2024-08,Thursday,3,False,Indoor Planter Pot,Home & Garden,North America,52.46,23.99,45.73
2024-08-09,2024,2024Q3,8,Aug,2024-08,Friday,4,False,Dark Chocolate Bar,Food & Beverages,North America,22.52,8.77,38.94
2024-08-09,2024,2024Q3,8,Aug,2024-08,Friday,4,False,Lip Balm Set,Beauty & Personal Care,Asia Pacific,48.91,21.05,43.04
2024-08-09,2024,2024Q3,8,Aug,2024-08,Friday,4,False,A4 Notebook Hardcover,Office Supplies,Europe,22.29,11.4,51.14
2024-08-09,2024,2024Q3,8,Aug,2024-08,Friday,4,False,Indoor Planter Pot,Home & Garden,North America,52.2,18.97,36.34
2024-08-09,2024,2024Q3,8,Aug,2024-08,Friday,4,False,Wireless Bluetooth Headphones,Electronics,Europe,484.29,184.58,38.11
2024-08-10,2024,2024Q3,8,Aug,2024-08,Saturday,5,True,Phone Grip Stand,Electronics,Latin America,6.26,3.21,51.28
2024-08-12,2024,2024Q3,8,Aug,2024-08,Monday,0,False,Denim Jeans Regular Fit,Clothing,Latin America,129.75,66.87,51.54
2024-08-12,2024,2024Q3,8,Aug,2024-08,Monday,0,False,Lip Balm Set,Beauty & Personal Care,North America,25.73,13.49,52.43
2024-08-12,2024,2024Q3,8,Aug,2024-08,Monday,0,False,Hair Shampoo 300ml,Beauty & Personal Care,Latin America,9.39,3.95,42.07
2024-08-13,2024,2024Q3,8,Aug,2024-08,Tuesday,1,False,A4 Notebook Hardcover,Office Supplies,North America,21.89,11.06,50.53
2024-08-13,2024,2024Q3,8,Aug,2024-08,Tuesday,1,False,Sticky Notes Pad,Office Supplies,Europe,8.73,5.39,61.74
2024-08-14,2024,2024Q3,8,Aug,2024-08,Wednesday,2,False,Kitchen Herb Garden,Home & Garden,North America,44.61,16.95,38.0
2024-08-14,2024,2024Q3,8,Aug,2024-08,Wednesday,2,False,Gourmet Coffee Beans 1lb,Food & Beverages,Latin America,26.32,8.76,33.28
2024-08-15,2024,2024Q3,8,Aug,2024-08,Thursday,3,False,Denim Jeans Regular Fit,Clothing,North America,100.95,49.81,49.34
2024-08-15,2024,2024Q3,8,Aug,2024-08,Thursday,3,False,Classic Cotton T-Shirt,Clothing,North America,38.5,22.65,58.83
2024-08-15,2024,2024Q3,8,Aug,2024-08,Thursday,3,False,Energy Drink 6-Pack,Food & Beverages,Europe,15.47,7.03,45.44
2024-08-16,2024,2024Q3,8,Aug,2024-08,Friday,4,False,Phone Grip Stand,Electronics,North America,30.6,17.43,56.96
2024-08-16,2024,2024Q3,8,Aug,2024-08,Friday,4,False,Mixed Nuts Pack,Food & Beverages,Asia Pacific,28.98,14.92,51.48
2024-08-17,2024,2024Q3,8,Aug,2024-08,Saturday,5,True,Running Sneakers,Clothing,Latin America,184.92,76.26,41.24
2024-08-17,2024,2024Q3,8,Aug,2024-08,Saturday,5,True,Wireless Keyboard,Office Supplies,Europe,87.04,29.43,33.81
2024-08-18,2024,2024Q3,8,Aug,2024-08,Sunday,6,True,Yoga Mat Premium,Sports & Outdoors,North America,69.13,27.27,39.45
2024-08-18,2024,2024Q3,8,Aug,2024-08,Sunday,6,True,Hand Cream Tube,Beauty & Personal Care,North America,30.93,14.84,47.98
2024-08-19,2024,2024Q3,8,Aug,2024-08,Monday,0,False,Face Moisturizer Cream,Beauty & Personal Care,Middle East,23.02,11.54,50.13
2024-08-19,2024,2024Q3,8,Aug,2024-08,Monday,0,False,A4 Notebook Hardcover,Office Supplies,Middle East,11.02,5.67,51.45
2024-08-19,2024,2024Q3,8,Aug,2024-08,Monday,0,False,A4 Notebook Hardcover,Office Supplies,Middle East,55.31,21.2,38.33
2024-08-19,2024,2024Q3,8,Aug,2024-08,Monday,0,False,Gourmet Coffee Beans 1lb,Food & Beverages,Latin America,13.75,4.89,35.56
2024-08-19,2024,2024Q3,8,Aug,2024-08,Monday,0,False,LED Desk Lamp,Home & Garden,Latin America,149.46,54.44,36.42
2024-08-20,2024,2024Q3,8,Aug,2024-08,Tuesday,1,False,Wireless Keyboard,Office Supplies,Latin America,76.34,22.88,29.97
2024-08-20,2024,2024Q3,8,Aug,2024-08,Tuesday,1,False,Sunscreen SPF50 Tube,Sports & Outdoors,Europe,39.11,18.13,46.36
2024-08-20,2024,2024Q3,8,Aug,2024-08,Tuesday,1,False,Kitchen Herb Garden,Home & Garden,Europe,83.07,37.5,45.14
2024-08-21,2024,2024Q3,8,Aug,2024-08,Wednesday,2,False,Smart Watch Basic,Electronics,North America,1021.25,250.73,24.55
2024-08-22,2024,2024Q3,8,Aug,2024-08,Thursday,3,False,Portable Power Bank 10000mAh,Electronics,Africa,18.98,6.16,32.46
2024-08-22,2024,2024Q3,8,Aug,2024-08,Thursday,3,False,Hair Shampoo 300ml,Beauty & Personal Care,Latin America,17.34,8.51,49.08
2024-08-23,2024,2024Q3,8,Aug,2024-08,Friday,4,False,Bluetooth Speaker Mini,Electronics,North America,214.2,63.07,29.44
2024-08-23,2024,2024Q3,8,Aug,2024-08,Friday,4,False,Laptop Stand Adjustable,Electronics,Europe,48.93,18.03,36.85
2024-08-23,2024,2024Q3,8,Aug,2024-08,Friday,4,False,Kitchen Herb Garden,Home & Garden,Africa,12.71,5.17,40.68
2024-08-24,2024,2024Q3,8,Aug,2024-08,Saturday,5,True,Organic Green Tea Box,Food & Beverages,North America,21.86,8.18,37.42
2024-08-24,2024,2024Q3,8,Aug,2024-08,Saturday,5,True,Throw Pillow Cover,Home & Garden,Europe,105.17,56.48,53.7
2024-08-24,2024,2024Q3,8,Aug,2024-08,Saturday,5,True,Phone Grip Stand,Electronics,Africa,4.65,2.58,55.48
2024-08-24,2024,2024Q3,8,Aug,2024-08,Saturday,5,True,Foldable Camping Chair,Sports & Outdoors,North America,184.85,51.95,28.1
2024-08-25,2024,2024Q3,8,Aug,2024-08,Sunday,6,True,Energy Drink 6-Pack,Food & Beverages,Middle East,17.89,8.35,46.67
2024-08-25,2024,2024Q3,8,Aug,2024-08,Sunday,6,True,Bath Soap Pack,Beauty & Personal Care,Asia Pacific,8.83,4.87,55.15
2024-08-25,2024,2024Q3,8,Aug,2024-08,Sunday,6,True,Lip Balm Set,Beauty & Personal Care,North America,88.72,46.67,52.6
2024-08-25,2024,2024Q3,8,Aug,2024-08,Sunday,6,True,Sticky Notes Pad,Office Supplies,Africa,2.59,1.28,49.42
2024-08-26,2024,2024Q3,8,Aug,2024-08,Monday,0,False,Indoor Planter Pot,Home & Garden,Asia Pacific,66.69,25.28,37.91
2024-08-26,2024,2024Q3,8,Aug,2024-08,Monday,0,False,Wireless Mouse,Electronics,Africa,52.16,21.16,40.57
2024-08-27,2024,2024Q3,8,Aug,2024-08,Tuesday,1,False,Wireless Mouse,Electronics,North America,138.53,49.07,35.42
2024-08-28,2024,2024Q3,8,Aug,2024-08,Wednesday,2,False,A4 Notebook Hardcover,Office Supplies,Middle East,24.86,11.12,44.73
2024-08-28,2024,2024Q3,8,Aug,2024-08,Wednesday,2,False,Ballpoint Pen Box of 12,Office Supplies,Asia Pacific,9.6,4.32,45.0
2024-08-29,2024,2024Q3,8,Aug,2024-08,Thursday,3,False,Sticky Notes Pad,Office Supplies,Latin America,11.94,6.64,55.61
2024-08-29,2024,2024Q3,8,Aug,2024-08,Thursday,3,False,Sunscreen SPF50 Tube,Sports & Outdoors,North America,22.5,11.18,49.69
2024-08-30,2024,2024Q3,8,Aug,2024-08,Friday,4,False,Denim Jeans Regular Fit,Clothing,Middle East,98.25,49.96,50.85
2024-08-31,2024,2024Q3,8,Aug,2024-08,Saturday,5,True,Kitchen Herb Garden,Home & Garden,Europe,39.42,16.2,41.1
2024-08-31,2024,2024Q3,8,Aug,2024-08,Saturday,5,True,Kitchen Herb Garden,Home & Garden,North America,48.38,22.04,45.56
2024-09-01,2024,2024Q3,9,Sep,2024-09,Sunday,6,True,Wireless Mouse,Electronics,Middle East,65.02,22.24,34.2
2024-09-01,2024,2024Q3,9,Sep,2024-09,Sunday,6,True,Phone Grip Stand,Electronics,Middle East,20.34,10.8,53.1
2024-09-01,2024,2024Q3,9,Sep,2024-09,Sunday,6,True,Laptop Stand Adjustable,Electronics,Asia Pacific,69.63,28.95,41.58
2024-09-02,2024,2024Q3,9,Sep,2024-09,Monday,0,False,Denim Jeans Regular Fit,Clothing,Latin America,36.95,15.58,42.17
2024-09-02,2024,2024Q3,9,Sep,2024-09,Monday,0,False,Wireless Mouse,Electronics,Latin America,18.85,6.91,36.66
2024-09-02,2024,2024Q3,9,Sep,2024-09,Monday,0,False,Foldable Camping Chair,Sports & Outdoors,Europe,209.16,70.5,33.71
2024-09-03,2024,2024Q3,9,Sep,2024-09,Tuesday,1,False,Kitchen Herb Garden,Home & Garden,Middle East,38.19,15.01,39.3
2024-09-03,2024,2024Q3,9,Sep,2024-09,Tuesday,1,False,Sunscreen SPF50 Tube,Sports & Outdoors,North America,18.88,7.88,41.74
2024-09-03,2024,2024Q3,9,Sep,2024-09,Tuesday,1,False,Foldable Camping Chair,Sports & Outdoors,Asia Pacific,226.34,63.75,28.17
2024-09-03,2024,2024Q3,9,Sep,2024-09,Tuesday,1,False,LED Desk Lamp,Home & Garden,North America,369.38,121.65,32.93
2024-09-04,2024,2024Q3,9,Sep,2024-09,Wednesday,2,False,Denim Jeans Regular Fit,Clothing,Europe,68.18,30.52,44.76
2024-09-05,2024,2024Q3,9,Sep,2024-09,Thursday,3,False,Sunscreen SPF50 Tube,Sports & Outdoors,Middle East,22.09,9.65,43.68
2024-09-05,2024,2024Q3,9,Sep,2024-09,Thursday,3,False,USB-C Charging Cable,Electronics,Asia Pacific,56.53,25.43,44.98
2024-09-05,2024,2024Q3,9,Sep,2024-09,Thursday,3,False,Phone Grip Stand,Electronics,Asia Pacific,8.99,5.1,56.73
2024-09-06,2024,2024Q3,9,Sep,2024-09,Friday,4,False,Throw Pillow Cover,Home & Garden,Asia Pacific,39.16,19.57,49.97
2024-09-06,2024,2024Q3,9,Sep,2024-09,Friday,4,False,Kitchen Herb Garden,Home & Garden,Asia Pacific,24.44,11.17,45.7
2024-09-07,2024,2024Q3,9,Sep,2024-09,Saturday,5,True,Winter Jacket Premium,Clothing,North America,275.95,71.62,25.95
2024-09-07,2024,2024Q3,9,Sep,2024-09,Saturday,5,True,Casual Button-Down Shirt,Clothing,Europe,91.64,42.88,46.79
2024-09-07,2024,2024Q3,9,Sep,2024-09,Saturday,5,True,Water Bottle Stainless Steel,Sports & Outdoors,Asia Pacific,43.39,18.13,41.78
2024-09-07,2024,2024Q3,9,Sep,2024-09,Saturday,5,True,USB-C Charging Cable,Electronics,Asia Pacific,11.34,5.46,48.15
2024-09-08,2024,2024Q3,9,Sep,2024-09,Sunday,6,True,Desk Organizer Tray,Office Supplies,Europe,29.98,12.9,43.03
2024-09-08,2024,2024Q3,9,Sep,2024-09,Sunday,6,True,Scented Candle Set,Home & Garden,Europe,63.45,24.31,38.31
2024-09-08,2024,2024Q3,9,Sep,2024-09,Sunday,6,True,Organic Green Tea Box,Food & Beverages,Europe,40.69,17.68,43.45
2024-09-08,2024,2024Q3,9,Sep,2024-09,Sunday,6,True,Wool Blend Sweater,Clothing,Europe,177.21,68.37,38.58
2024-09-08,2024,2024Q3,9,Sep,2024-09,Sunday,6,True,Wool Blend Sweater,Clothing,Asia Pacific,68.41,31.0,45.32
2024-09-09,2024,2024Q3,9,Sep,2024-09,Monday,0,False,Desk Organizer Tray,Office Supplies,Africa,31.61,12.99,41.09
2024-09-09,2024,2024Q3,9,Sep,2024-09,Monday,0,False,LED Desk Lamp,Home & Garden,Latin America,30.23,9.5,31.43
2024-09-10,2024,2024Q3,9,Sep,2024-09,Tuesday,1,False,LED Desk Lamp,Home & Garden,North America,142.49,45.52,31.95
2024-09-10,2024,2024Q3,9,Sep,2024-09,Tuesday,1,False,Face Moisturizer Cream,Beauty & Personal Care,Africa,12.23,6.22,50.86
2024-09-10,2024,2024Q3,9,Sep,2024-09,Tuesday,1,False,Wireless Keyboard,Office Supplies,Europe,78.55,21.73,27.66
2024-09-10,2024,2024Q3,9,Sep,2024-09,Tuesday,1,False,Smart Watch Basic,Electronics,Europe,205.88,65.73,31.93
2024-09-10,2024,2024Q3,9,Sep,2024-09,Tuesday,1,False,Smart Watch Basic,Electronics,Africa,138.48,43.56,31.46
2024-09-11,2024,2024Q3,9,Sep,2024-09,Wednesday,2,False,Ballpoint Pen Box of 12,Office Supplies,Africa,3.44,1.67,48.55
2024-09-11,2024,2024Q3,9,Sep,2024-09,Wednesday,2,False,Laptop Stand Adjustable,Electronics,Europe,45.61,17.38,38.11
2024-09-12,2024,2024Q3,9,Sep,2024-09,Thursday,3,False,A4 Notebook Hardcover,Office Supplies,North America,93.65,44.23,47.23
2024-09-12,2024,2024Q3,9,Sep,2024-09,Thursday,3,False,Running Sneakers,Clothing,Latin America,61.4,21.89,35.65
2024-09-12,2024,2024Q3,9,Sep,2024-09,Thursday,3,False,Desk Organizer Tray,Office Supplies,Africa,29.7,11.76,39.6
2024-09-12,2024,2024Q3,9,Sep,2024-09,Thursday,3,False,Face Moisturizer Cream,Beauty & Personal Care,Middle East,20.52,9.97,48.59
2024-09-12,2024,2024Q3,9,Sep,2024-09,Thursday,3,False,A4 Notebook Hardcover,Office Supplies,Latin America,9.69,4.16,42.93
2024-09-13,2024,2024Q3,9,Sep,2024-09,Friday,4,False,Scented Candle Set,Home & Garden,Latin America,34.63,14.59,42.13
2024-09-13,2024,2024Q3,9,Sep,2024-09,Friday,4,False,Wireless Keyboard,Office Supplies,Asia Pacific,51.31,15.36,29.94
2024-09-13,2024,2024Q3,9,Sep,2024-09,Friday,4,False,Indoor Planter Pot,Home & Garden,North America,92.0,39.39,42.82
2024-09-13,2024,2024Q3,9,Sep,2024-09,Friday,4,False,Hand Cream Tube,Beauty & Personal Care,North America,13.27,5.94,44.76
2024-09-14,2024,2024Q3,9,Sep,2024-09,Saturday,5,True,LED Desk Lamp,Home & Garden,Europe,198.94,65.29,32.82
2024-09-14,2024,2024Q3,9,Sep,2024-09,Saturday,5,True,Organic Green Tea Box,Food & Beverages,North America,65.77,26.39,40.12
2024-09-14,2024,2024Q3,9,Sep,2024-09,Saturday,5,True,Smart Watch Basic,Electronics,Latin America,345.61,100.68,29.13
2024-09-14,2024,2024Q3,9,Sep,2024-09,Saturday,5,True,Hand Cream Tube,Beauty & Personal Care,Asia Pacific,19.54,9.27,47.44
2024-09-14,2024,2024Q3,9,Sep,2024-09,Saturday,5,True,Laptop Stand Adjustable,Electronics,North America,97.87,38.66,39.5
2024-09-14,2024,2024Q3,9,Sep,2024-09,Saturday,5,True,Throw Pillow Cover,Home & Garden,North America,138.74,72.7,52.4
2024-09-15,2024,2024Q3,9,Sep,2024-09,Sunday,6,True,Hair Shampoo 300ml,Beauty & Personal Care,North America,59.89,30.84,51.49
2024-09-15,2024,2024Q3,9,Sep,2024-09,Sunday,6,True,Indoor Planter Pot,Home & Garden,Africa,14.24,5.52,38.76
2024-09-15,2024,2024Q3,9,Sep,2024-09,Sunday,6,True,Gourmet Coffee Beans 1lb,Food & Beverages,Europe,23.59,8.88,37.64
2024-09-15,2024,2024Q3,9,Sep,2024-09,Sunday,6,True,Denim Jeans Regular Fit,Clothing,North America,95.06,38.91,40.93
2024-09-15,2024,2024Q3,9,Sep,2024-09,Sunday,6,True,Bluetooth Speaker Mini,Electronics,Asia Pacific,46.08,17.1,37.11
2024-09-16,2024,2024Q3,9,Sep,2024-09,Monday,0,False,Ballpoint Pen Box of 12,Office Supplies,North America,13.27,7.2,54.26
2024-09-16,2024,2024Q3,9,Sep,2024-09,Monday,0,False,Mechanical Pencil Set,Office Supplies,North America,15.92,7.23,45.41
2024-09-16,2024,2024Q3,9,Sep,2024-09,Monday,0,False,Resistance Bands Set,Sports & Outdoors,Europe,25.66,11.17,43.53
2024-09-16,2024,2024Q3,9,Sep,2024-09,Monday,0,False,Wireless Keyboard,Office Supplies,Latin America,69.42,22.86,32.93
2024-09-17,2024,2024Q3,9,Sep,2024-09,Tuesday,1,False,Kitchen Herb Garden,Home & Garden,Middle East,21.42,7.37,34.41
2024-09-17,2024,2024Q3,9,Sep,2024-09,Tuesday,1,False,Casual Button-Down Shirt,Clothing,Asia Pacific,109.08,56.97,52.23
2024-09-18,2024,2024Q3,9,Sep,2024-09,Wednesday,2,False,Mechanical Pencil Set,Office Supplies,Latin America,14.4,7.46,51.81
2024-09-18,2024,2024Q3,9,Sep,2024-09,Wednesday,2,False,Ballpoint Pen Box of 12,Office Supplies,Europe,12.01,6.69,55.7
2024-09-19,2024,2024Q3,9,Sep,2024-09,Thursday,3,False,Smart Watch Basic,Electronics,Latin America,103.29,28.55,27.64
2024-09-19,2024,2024Q3,9,Sep,2024-09,Thursday,3,False,Smart Watch Basic,Electronics,Europe,178.98,55.67,31.1
2024-09-19,2024,2024Q3,9,Sep,2024-09,Thursday,3,False,Yoga Mat Premium,Sports & Outdoors,Africa,19.92,9.28,46.59
2024-09-19,2024,2024Q3,9,Sep,2024-09,Thursday,3,False,Throw Pillow Cover,Home & Garden,Africa,27.32,13.77,50.4
2024-09-19,2024,2024Q3,9,Sep,2024-09,Thursday,3,False,Wall Decor Frame,Home & Garden,North America,41.36,16.16,39.07
2024-09-20,2024,2024Q3,9,Sep,2024-09,Friday,4,False,Smart Watch Basic,Electronics,Africa,62.36,17.69,28.37
2024-09-20,2024,2024Q3,9,Sep,2024-09,Friday,4,False,Bluetooth Speaker Mini,Electronics,Asia Pacific,118.98,42.25,35.51
2024-09-20,2024,2024Q3,9,Sep,2024-09,Friday,4,False,Classic Cotton T-Shirt,Clothing,North America,114.36,67.46,58.99
2024-09-21,2024,2024Q3,9,Sep,2024-09,Saturday,5,True,Organic Green Tea Box,Food & Beverages,Asia Pacific,15.26,6.47,42.4
2024-09-21,2024,2024Q3,9,Sep,2024-09,Saturday,5,True,Kitchen Herb Garden,Home & Garden,Middle East,45.15,18.24,40.4
2024-09-22,2024,2024Q3,9,Sep,2024-09,Sunday,6,True,Gourmet Coffee Beans 1lb,Food & Beverages,North America,27.12,9.79,36.1
2024-09-23,2024,2024Q3,9,Sep,2024-09,Monday,0,False,Hair Shampoo 300ml,Beauty & Personal Care,Asia Pacific,12.48,5.28,42.31
2024-09-24,2024,2024Q3,9,Sep,2024-09,Tuesday,1,False,Foldable Camping Chair,Sports & Outdoors,Africa,48.75,17.34,35.57
2024-09-24,2024,2024Q3,9,Sep,2024-09,Tuesday,1,False,LED Desk Lamp,Home & Garden,North America,71.24,25.79,36.2
2024-09-25,2024,2024Q3,9,Sep,2024-09,Wednesday,2,False,A4 Notebook Hardcover,Office Supplies,North America,22.19,10.18,45.88
2024-09-25,2024,2024Q3,9,Sep,2024-09,Wednesday,2,False,Bath Soap Pack,Beauty & Personal Care,Asia Pacific,16.26,8.93,54.92
2024-09-26,2024,2024Q3,9,Sep,2024-09,Thursday,3,False,Bath Soap Pack,Beauty & Personal Care,Asia Pacific,16.42,9.78,59.56
2024-09-26,2024,2024Q3,9,Sep,2024-09,Thursday,3,False,LED Desk Lamp,Home & Garden,North America,67.98,21.21,31.2
2024-09-26,2024,2024Q3,9,Sep,2024-09,Thursday,3,False,Yoga Mat Premium,Sports & Outdoors,Middle East,35.85,16.86,47.03
2024-09-26,2024,2024Q3,9,Sep,2024-09,Thursday,3,False,Water Bottle Stainless Steel,Sports & Outdoors,North America,62.26,27.44,44.07
2024-09-27,2024,2024Q3,9,Sep,2024-09,Friday,4,False,Laptop Stand Adjustable,Electronics,North America,47.12,20.55,43.61
2024-09-27,2024,2024Q3,9,Sep,2024-09,Friday,4,False,Gourmet Coffee Beans 1lb,Food & Beverages,Asia Pacific,54.46,21.02,38.6
2024-09-28,2024,2024Q3,9,Sep,2024-09,Saturday,5,True,Phone Grip Stand,Electronics,Africa,4.07,1.99,48.89
2024-09-28,2024,2024Q3,9,Sep,2024-09,Saturday,5,True,Desk Organizer Tray,Office Supplies,Asia Pacific,73.99,30.62,41.38
2024-09-28,2024,2024Q3,9,Sep,2024-09,Saturday,5,True,Denim Jeans Regular Fit,Clothing,Europe,68.58,33.42,48.73
2024-09-29,2024,2024Q3,9,Sep,2024-09,Sunday,6,True,Indoor Planter Pot,Home & Garden,North America,51.45,21.29,41.38
2024-09-29,2024,2024Q3,9,Sep,2024-09,Sunday,6,True,Foldable Camping Chair,Sports & Outdoors,Asia Pacific,56.84,20.55,36.15
2024-09-30,2024,2024Q3,9,Sep,2024-09,Monday,0,False,LED Desk Lamp,Home & Garden,Asia Pacific,102.46,38.09,37.18
2024-10-01,2024,2024Q4,10,Oct,2024-10,Tuesday,1,False,Laptop Stand Adjustable,Electronics,Middle East,21.21,7.68,36.21
2024-10-01,2024,2024Q4,10,Oct,2024-10,Tuesday,1,False,Wall Decor Frame,Home & Garden,Latin America,18.36,7.15,38.94
2024-10-01,2024,2024Q4,10,Oct,2024-10,Tuesday,1,False,Energy Drink 6-Pack,Food & Beverages,North America,17.48,7.7,44.05
2024-10-01,2024,2024Q4,10,Oct,2024-10,Tuesday,1,False,USB-C Charging Cable,Electronics,Latin America,21.0,10.65,50.71
2024-10-03,2024,2024Q4,10,Oct,2024-10,Thursday,3,False,Indoor Planter Pot,Home & Garden,North America,42.22,17.79,42.14
2024-10-03,2024,2024Q4,10,Oct,2024-10,Thursday,3,False,LED Desk Lamp,Home & Garden,Middle East,71.68,25.75,35.92
2024-10-03,2024,2024Q4,10,Oct,2024-10,Thursday,3,False,Sticky Notes Pad,Office Supplies,Middle East,13.12,7.44,56.71
2024-10-03,2024,2024Q4,10,Oct,2024-10,Thursday,3,False,Mechanical Pencil Set,Office Supplies,Europe,29.56,15.33,51.86
2024-10-04,2024,2024Q4,10,Oct,2024-10,Friday,4,False,Running Sneakers,Clothing,Europe,99.62,39.93,40.08
2024-10-04,2024,2024Q4,10,Oct,2024-10,Friday,4,False,Scented Candle Set,Home & Garden,Latin America,70.91,32.22,45.44
2024-10-04,2024,2024Q4,10,Oct,2024-10,Friday,4,False,Wireless Mouse,Electronics,Asia Pacific,55.69,22.49,40.38
2024-10-04,2024,2024Q4,10,Oct,2024-10,Friday,4,False,Face Moisturizer Cream,Beauty & Personal Care,Asia Pacific,80.94,41.73,51.56
2024-10-05,2024,2024Q4,10,Oct,2024-10,Saturday,5,True,Wool Blend Sweater,Clothing,Latin America,43.33,21.6,49.85
2024-10-05,2024,2024Q4,10,Oct,2024-10,Saturday,5,True,Wool Blend Sweater,Clothing,Asia Pacific,117.87,56.8,48.19
2024-10-05,2024,2024Q4,10,Oct,2024-10,Saturday,5,True,Resistance Bands Set,Sports & Outdoors,North America,25.63,13.89,54.19
2024-10-05,2024,2024Q4,10,Oct,2024-10,Saturday,5,True,Organic Green Tea Box,Food & Beverages,North America,20.34,8.75,43.02
2024-10-06,2024,2024Q4,10,Oct,2024-10,Sunday,6,True,Portable Power Bank 10000mAh,Electronics,Asia Pacific,33.51,10.92,32.59
2024-10-07,2024,2024Q4,10,Oct,2024-10,Monday,0,False,Classic Cotton T-Shirt,Clothing,Latin America,14.31,8.56,59.82
2024-10-07,2024,2024Q4,10,Oct,2024-10,Monday,0,False,A4 Notebook Hardcover,Office Supplies,Europe,87.72,40.11,45.73
2024-10-09,2024,2024Q4,10,Oct,2024-10,Wednesday,2,False,Sparkling Water 12-Pack,Food & Beverages,Latin America,16.01,7.17,44.78
2024-10-09,2024,2024Q4,10,Oct,2024-10,Wednesday,2,False,Bluetooth Speaker Mini,Electronics,North America,61.1,21.32,34.89
2024-10-09,2024,2024Q4,10,Oct,2024-10,Wednesday,2,False,USB-C Charging Cable,Electronics,North America,71.45,35.33,49.45
2024-10-09,2024,2024Q4,10,Oct,2024-10,Wednesday,2,False,Foldable Camping Chair,Sports & Outdoors,Latin America,31.81,11.26,35.4
2024-10-10,2024,2024Q4,10,Oct,2024-10,Thursday,3,False,LED Desk Lamp,Home & Garden,Latin America,107.18,35.37,33.0
2024-10-10,2024,2024Q4,10,Oct,2024-10,Thursday,3,False,Sunscreen SPF50 Tube,Sports & Outdoors,Europe,16.92,7.09,41.9
2024-10-10,2024,2024Q4,10,Oct,2024-10,Thursday,3,False,Hair Shampoo 300ml,Beauty & Personal Care,North America,16.64,8.18,49.16
2024-10-11,2024,2024Q4,10,Oct,2024-10,Friday,4,False,Yoga Mat Premium,Sports & Outdoors,North America,246.73,99.44,40.3
2024-10-11,2024,2024Q4,10,Oct,2024-10,Friday,4,False,Bath Soap Pack,Beauty & Personal Care,Middle East,17.43,10.71,61.45
2024-10-11,2024,2024Q4,10,Oct,2024-10,Friday,4,False,Laptop Stand Adjustable,Electronics,Europe,41.69,17.73,42.53
2024-10-12,2024,2024Q4,10,Oct,2024-10,Saturday,5,True,Sticky Notes Pad,Office Supplies,Latin America,3.44,1.88,54.65
2024-10-12,2024,2024Q4,10,Oct,2024-10,Saturday,5,True,Sticky Notes Pad,Office Supplies,Africa,2.47,1.44,58.3
2024-10-12,2024,2024Q4,10,Oct,2024-10,Saturday,5,True,Resistance Bands Set,Sports & Outdoors,North America,51.88,28.32,54.59
2024-10-13,2024,2024Q4,10,Oct,2024-10,Sunday,6,True,Wall Decor Frame,Home & Garden,Africa,10.51,3.79,36.06
2024-10-14,2024,2024Q4,10,Oct,2024-10,Monday,0,False,Organic Green Tea Box,Food & Beverages,North America,61.28,24.43,39.87
2024-10-14,2024,2024Q4,10,Oct,2024-10,Monday,0,False,Scented Candle Set,Home & Garden,Middle East,15.68,6.14,39.16
2024-10-14,2024,2024Q4,10,Oct,2024-10,Monday,0,False,Lip Balm Set,Beauty & Personal Care,Latin America,17.41,9.74,55.94
2024-10-14,2024,2024Q4,10,Oct,2024-10,Monday,0,False,Mixed Nuts Pack,Food & Beverages,Europe,14.21,7.47,52.57
2024-10-16,2024,2024Q4,10,Oct,2024-10,Wednesday,2,False,Wireless Bluetooth Headphones,Electronics,Europe,93.7,32.76,34.96
2024-10-16,2024,2024Q4,10,Oct,2024-10,Wednesday,2,False,Casual Button-Down Shirt,Clothing,Latin America,48.27,28.78,59.62
2024-10-16,2024,2024Q4,10,Oct,2024-10,Wednesday,2,False,Scented Candle Set,Home & Garden,Asia Pacific,20.14,8.55,42.45
2024-10-17,2024,2024Q4,10,Oct,2024-10,Thursday,3,False,Classic Cotton T-Shirt,Clothing,Asia Pacific,116.27,70.95,61.02
2024-10-17,2024,2024Q4,10,Oct,2024-10,Thursday,3,False,Portable Power Bank 10000mAh,Electronics,Latin America,84.13,29.9,35.54
2024-10-18,2024,2024Q4,10,Oct,2024-10,Friday,4,False,Wireless Bluetooth Headphones,Electronics,Middle East,48.41,17.5,36.15
2024-10-18,2024,2024Q4,10,Oct,2024-10,Friday,4,False,LED Desk Lamp,Home & Garden,Asia Pacific,166.07,54.64,32.9
2024-10-20,2024,2024Q4,10,Oct,2024-10,Sunday,6,True,USB-C Charging Cable,Electronics,Middle East,8.37,3.22,38.47
2024-10-20,2024,2024Q4,10,Oct,2024-10,Sunday,6,True,Bath Soap Pack,Beauty & Personal Care,Middle East,11.41,6.98,61.17
2024-10-20,2024,2024Q4,10,Oct,2024-10,Sunday,6,True,Wireless Mouse,Electronics,Europe,63.75,24.5,38.43
2024-10-20,2024,2024Q4,10,Oct,2024-10,Sunday,6,True,Organic Green Tea Box,Food & Beverages,North America,21.34,9.18,43.02
2024-10-20,2024,2024Q4,10,Oct,2024-10,Sunday,6,True,Winter Jacket Premium,Clothing,Middle East,380.05,98.46,25.91
2024-10-20,2024,2024Q4,10,Oct,2024-10,Sunday,6,True,Classic Cotton T-Shirt,Clothing,Latin America,29.9,18.45,61.71
2024-10-21,2024,2024Q4,10,Oct,2024-10,Monday,0,False,Organic Green Tea Box,Food & Beverages,North America,21.33,8.54,40.04
2024-10-21,2024,2024Q4,10,Oct,2024-10,Monday,0,False,A4 Notebook Hardcover,Office Supplies,Asia Pacific,27.82,12.97,46.62
2024-10-22,2024,2024Q4,10,Oct,2024-10,Tuesday,1,False,Wireless Bluetooth Headphones,Electronics,North America,227.7,74.58,32.75
2024-10-22,2024,2024Q4,10,Oct,2024-10,Tuesday,1,False,Laptop Stand Adjustable,Electronics,Europe,40.43,13.2,32.65
2024-10-22,2024,2024Q4,10,Oct,2024-10,Tuesday,1,False,Indoor Planter Pot,Home & Garden,Latin America,36.05,13.87,38.47
2024-10-23,2024,2024Q4,10,Oct,2024-10,Wednesday,2,False,Throw Pillow Cover,Home & Garden,Middle East,12.11,6.33,52.27
2024-10-24,2024,2024Q4,10,Oct,2024-10,Thursday,3,False,Dark Chocolate Bar,Food & Beverages,North America,37.48,15.76,42.05
2024-10-25,2024,2024Q4,10,Oct,2024-10,Friday,4,False,USB-C Charging Cable,Electronics,Asia Pacific,33.28,15.08,45.31
2024-10-25,2024,2024Q4,10,Oct,2024-10,Friday,4,False,Wireless Mouse,Electronics,Europe,37.21,16.02,43.05
2024-10-25,2024,2024Q4,10,Oct,2024-10,Friday,4,False,Kitchen Herb Garden,Home & Garden,Middle East,16.8,7.52,44.76
2024-10-26,2024,2024Q4,10,Oct,2024-10,Saturday,5,True,Hair Shampoo 300ml,Beauty & Personal Care,Asia Pacific,10.44,5.32,50.96
2024-10-26,2024,2024Q4,10,Oct,2024-10,Saturday,5,True,Yoga Mat Premium,Sports & Outdoors,North America,181.76,88.23,48.54
2024-10-26,2024,2024Q4,10,Oct,2024-10,Saturday,5,True,Wall Decor Frame,Home & Garden,Asia Pacific,74.88,31.88,42.57
2024-10-27,2024,2024Q4,10,Oct,2024-10,Sunday,6,True,Foldable Camping Chair,Sports & Outdoors,Europe,135.08,48.27,35.73
2024-10-27,2024,2024Q4,10,Oct,2024-10,Sunday,6,True,Water Bottle Stainless Steel,Sports & Outdoors,Middle East,48.15,17.38,36.1
2024-10-28,2024,2024Q4,10,Oct,2024-10,Monday,0,False,Bath Soap Pack,Beauty & Personal Care,Asia Pacific,19.06,10.71,56.19
2024-10-28,2024,2024Q4,10,Oct,2024-10,Monday,0,False,Laptop Stand Adjustable,Electronics,North America,44.03,17.6,39.97
2024-10-28,2024,2024Q4,10,Oct,2024-10,Monday,0,False,Classic Cotton T-Shirt,Clothing,Asia Pacific,40.25,24.69,61.34
2024-10-28,2024,2024Q4,10,Oct,2024-10,Monday,0,False,Bluetooth Speaker Mini,Electronics,North America,62.43,17.96,28.77
2024-10-30,2024,2024Q4,10,Oct,2024-10,Wednesday,2,False,Running Sneakers,Clothing,Europe,103.04,40.16,38.98
2024-10-30,2024,2024Q4,10,Oct,2024-10,Wednesday,2,False,Sticky Notes Pad,Office Supplies,Middle East,3.88,2.11,54.38
2024-10-31,2024,2024Q4,10,Oct,2024-10,Thursday,3,False,LED Desk Lamp,Home & Garden,Europe,56.09,17.24,30.74
2024-10-31,2024,2024Q4,10,Oct,2024-10,Thursday,3,False,Throw Pillow Cover,Home & Garden,Asia Pacific,18.57,8.6,46.31
2024-11-01,2024,2024Q4,11,Nov,2024-11,Friday,4,False,Energy Drink 6-Pack,Food & Beverages,Middle East,9.14,4.8,52.52
2024-11-01,2024,2024Q4,11,Nov,2024-11,Friday,4,False,Winter Jacket Premium,Clothing,Europe,232.93,72.42,31.09
2024-11-02,2024,2024Q4,11,Nov,2024-11,Saturday,5,True,Laptop Stand Adjustable,Electronics,North America,97.62,32.91,33.71
2024-11-02,2024,2024Q4,11,Nov,2024-11,Saturday,5,True,Resistance Bands Set,Sports & Outdoors,Asia Pacific,36.46,19.47,53.4
2024-11-02,2024,2024Q4,11,Nov,2024-11,Saturday,5,True,Throw Pillow Cover,Home & Garden,North America,30.2,16.55,54.8
2024-11-02,2024,2024Q4,11,Nov,2024-11,Saturday,5,True,Wireless Mouse,Electronics,Europe,36.1,12.72,35.24
2024-11-03,2024,2024Q4,11,Nov,2024-11,Sunday,6,True,Phone Grip Stand,Electronics,Middle East,7.08,3.8,53.67
2024-11-03,2024,2024Q4,11,Nov,2024-11,Sunday,6,True,Gourmet Coffee Beans 1lb,Food & Beverages,North America,27.0,9.84,36.44
2024-11-03,2024,2024Q4,11,Nov,2024-11,Sunday,6,True,Wireless Keyboard,Office Supplies,North America,86.92,29.3,33.71
2024-11-03,2024,2024Q4,11,Nov,2024-11,Sunday,6,True,Water Bottle Stainless Steel,Sports & Outdoors,North America,35.02,15.56,44.43
2024-11-04,2024,2024Q4,11,Nov,2024-11,Monday,0,False,Ballpoint Pen Box of 12,Office Supplies,North America,11.84,6.88,58.11
2024-11-04,2024,2024Q4,11,Nov,2024-11,Monday,0,False,Portable Power Bank 10000mAh,Electronics,North America,165.29,57.1,34.55
2024-11-04,2024,2024Q4,11,Nov,2024-11,Monday,0,False,Mechanical Pencil Set,Office Supplies,Latin America,7.54,3.85,51.06
2024-11-05,2024,2024Q4,11,Nov,2024-11,Tuesday,1,False,Gourmet Coffee Beans 1lb,Food & Beverages,Europe,21.64,8.76,40.48
2024-11-05,2024,2024Q4,11,Nov,2024-11,Tuesday,1,False,LED Desk Lamp,Home & Garden,North America,126.72,45.49,35.9
2024-11-05,2024,2024Q4,11,Nov,2024-11,Tuesday,1,False,Gourmet Coffee Beans 1lb,Food & Beverages,Europe,24.88,9.3,37.38
2024-11-06,2024,2024Q4,11,Nov,2024-11,Wednesday,2,False,Foldable Camping Chair,Sports & Outdoors,Latin America,33.42,10.24,30.64
2024-11-06,2024,2024Q4,11,Nov,2024-11,Wednesday,2,False,Hand Cream Tube,Beauty & Personal Care,Asia Pacific,17.96,9.99,55.62
2024-11-07,2024,2024Q4,11,Nov,2024-11,Thursday,3,False,Casual Button-Down Shirt,Clothing,Europe,44.58,24.57,55.11
2024-11-07,2024,2024Q4,11,Nov,2024-11,Thursday,3,False,Organic Green Tea Box,Food & Beverages,Latin America,9.2,3.39,36.85
2024-11-08,2024,2024Q4,11,Nov,2024-11,Friday,4,False,Wireless Mouse,Electronics,Europe,76.98,30.25,39.3
2024-11-09,2024,2024Q4,11,Nov,2024-11,Saturday,5,True,Denim Jeans Regular Fit,Clothing,Middle East,137.96,65.71,47.63
2024-11-09,2024,2024Q4,11,Nov,2024-11,Saturday,5,True,Wireless Bluetooth Headphones,Electronics,Europe,92.26,35.94,38.96
2024-11-09,2024,2024Q4,11,Nov,2024-11,Saturday,5,True,Classic Cotton T-Shirt,Clothing,Asia Pacific,97.82,58.76,60.07
2024-11-09,2024,2024Q4,11,Nov,2024-11,Saturday,5,True,Wall Decor Frame,Home & Garden,Latin America,32.78,13.92,42.46
2024-11-09,2024,2024Q4,11,Nov,2024-11,Saturday,5,True,Lip Balm Set,Beauty & Personal Care,Europe,19.68,11.16,56.71
2024-11-10,2024,2024Q4,11,Nov,2024-11,Sunday,6,True,Kitchen Herb Garden,Home & Garden,Europe,130.57,53.8,41.2
2024-11-10,2024,2024Q4,11,Nov,2024-11,Sunday,6,True,Gourmet Coffee Beans 1lb,Food & Beverages,Asia Pacific,82.51,35.33,42.82
2024-11-10,2024,2024Q4,11,Nov,2024-11,Sunday,6,True,Wireless Bluetooth Headphones,Electronics,North America,111.99,43.2,38.57
2024-11-11,2024,2024Q4,11,Nov,2024-11,Monday,0,False,Yoga Mat Premium,Sports & Outdoors,Middle East,62.01,25.4,40.96
2024-11-11,2024,2024Q4,11,Nov,2024-11,Monday,0,False,Dark Chocolate Bar,Food & Beverages,Europe,7.74,3.08,39.79
2024-11-11,2024,2024Q4,11,Nov,2024-11,Monday,0,False,Wall Decor Frame,Home & Garden,Africa,12.22,4.5,36.82
2024-11-11,2024,2024Q4,11,Nov,2024-11,Monday,0,False,Phone Grip Stand,Electronics,Middle East,27.04,13.53,50.04
2024-11-11,2024,2024Q4,11,Nov,2024-11,Monday,0,False,Mixed Nuts Pack,Food & Beverages,North America,88.99,49.73,55.88
2024-11-12,2024,2024Q4,11,Nov,2024-11,Tuesday,1,False,Mixed Nuts Pack,Food & Beverages,Middle East,38.92,17.98,46.2
2024-11-12,2024,2024Q4,11,Nov,2024-11,Tuesday,1,False,Sparkling Water 12-Pack,Food & Beverages,Europe,20.05,10.78,53.77
2024-11-12,2024,2024Q4,11,Nov,2024-11,Tuesday,1,False,Wireless Keyboard,Office Supplies,Europe,134.97,42.52,31.5
2024-11-14,2024,2024Q4,11,Nov,2024-11,Thursday,3,False,Water Bottle Stainless Steel,Sports & Outdoors,Middle East,15.05,6.86,45.58
2024-11-14,2024,2024Q4,11,Nov,2024-11,Thursday,3,False,Winter Jacket Premium,Clothing,Europe,227.86,75.87,33.3
2024-11-14,2024,2024Q4,11,Nov,2024-11,Thursday,3,False,Organic Green Tea Box,Food & Beverages,Middle East,19.57,7.56,38.63
2024-11-14,2024,2024Q4,11,Nov,2024-11,Thursday,3,False,Hair Shampoo 300ml,Beauty & Personal Care,North America,18.36,9.26,50.44
2024-11-14,2024,2024Q4,11,Nov,2024-11,Thursday,3,False,Resistance Bands Set,Sports & Outdoors,North America,26.88,11.73,43.64
2024-11-15,2024,2024Q4,11,Nov,2024-11,Friday,4,False,Wall Decor Frame,Home & Garden,Middle East,65.68,29.49,44.9
2024-11-15,2024,2024Q4,11,Nov,2024-11,Friday,4,False,Hair Shampoo 300ml,Beauty & Personal Care,Asia Pacific,12.84,6.52,50.78
2024-11-15,2024,2024Q4,11,Nov,2024-11,Friday,4,False,Gourmet Coffee Beans 1lb,Food & Beverages,North America,52.23,21.87,41.87
2024-11-16,2024,2024Q4,11,Nov,2024-11,Saturday,5,True,Bath Soap Pack,Beauty & Personal Care,Europe,9.13,4.69,51.37
2024-11-16,2024,2024Q4,11,Nov,2024-11,Saturday,5,True,Desk Organizer Tray,Office Supplies,Asia Pacific,21.13,9.62,45.53
2024-11-16,2024,2024Q4,11,Nov,2024-11,Saturday,5,True,Classic Cotton T-Shirt,Clothing,North America,32.04,19.01,59.33
2024-11-17,2024,2024Q4,11,Nov,2024-11,Sunday,6,True,Wireless Mouse,Electronics,Latin America,18.37,8.02,43.66
2024-11-17,2024,2024Q4,11,Nov,2024-11,Sunday,6,True,Lip Balm Set,Beauty & Personal Care,Latin America,38.75,20.76,53.57
2024-11-18,2024,2024Q4,11,Nov,2024-11,Monday,0,False,Wireless Keyboard,Office Supplies,Europe,311.84,85.16,27.31
2024-11-18,2024,2024Q4,11,Nov,2024-11,Monday,0,False,Organic Green Tea Box,Food & Beverages,Europe,77.73,28.63,36.83
2024-11-18,2024,2024Q4,11,Nov,2024-11,Monday,0,False,Bath Soap Pack,Beauty & Personal Care,Asia Pacific,15.08,8.32,55.17
2024-11-19,2024,2024Q4,11,Nov,2024-11,Tuesday,1,False,Lip Balm Set,Beauty & Personal Care,North America,20.6,10.88,52.82
2024-11-19,2024,2024Q4,11,Nov,2024-11,Tuesday,1,False,Mixed Nuts Pack,Food & Beverages,North America,39.23,20.67,52.69
2024-11-19,2024,2024Q4,11,Nov,2024-11,Tuesday,1,False,Smart Watch Basic,Electronics,North America,225.81,63.75,28.23
2024-11-19,2024,2024Q4,11,Nov,2024-11,Tuesday,1,False,Bath Soap Pack,Beauty & Personal Care,North America,11.8,5.78,48.98
2024-11-19,2024,2024Q4,11,Nov,2024-11,Tuesday,1,False,Casual Button-Down Shirt,Clothing,Europe,153.25,88.24,57.58
2024-11-19,2024,2024Q4,11,Nov,2024-11,Tuesday,1,False,Resistance Bands Set,Sports & Outdoors,Asia Pacific,18.2,9.58,52.64
2024-11-20,2024,2024Q4,11,Nov,2024-11,Wednesday,2,False,Scented Candle Set,Home & Garden,Middle East,17.44,6.74,38.65
2024-11-20,2024,2024Q4,11,Nov,2024-11,Wednesday,2,False,Throw Pillow Cover,Home & Garden,North America,60.14,25.38,42.2
2024-11-20,2024,2024Q4,11,Nov,2024-11,Wednesday,2,False,A4 Notebook Hardcover,Office Supplies,Africa,19.17,8.81,45.96
2024-11-20,2024,2024Q4,11,Nov,2024-11,Wednesday,2,False,Organic Green Tea Box,Food & Beverages,Asia Pacific,58.5,21.29,36.39
2024-11-21,2024,2024Q4,11,Nov,2024-11,Thursday,3,False,Kitchen Herb Garden,Home & Garden,Asia Pacific,71.25,30.35,42.6
2024-11-21,2024,2024Q4,11,Nov,2024-11,Thursday,3,False,Energy Drink 6-Pack,Food & Beverages,North America,66.99,32.18,48.04
2024-11-22,2024,2024Q4,11,Nov,2024-11,Friday,4,False,Kitchen Herb Garden,Home & Garden,North America,41.85,17.87,42.7
2024-11-23,2024,2024Q4,11,Nov,2024-11,Saturday,5,True,Wall Decor Frame,Home & Garden,Europe,170.11,67.39,39.62
2024-11-23,2024,2024Q4,11,Nov,2024-11,Saturday,5,True,Sparkling Water 12-Pack,Food & Beverages,North America,11.4,6.56,57.54
2024-11-23,2024,2024Q4,11,Nov,2024-11,Saturday,5,True,Desk Organizer Tray,Office Supplies,Latin America,49.31,22.25,45.12
2024-11-23,2024,2024Q4,11,Nov,2024-11,Saturday,5,True,Resistance Bands Set,Sports & Outdoors,Asia Pacific,18.0,7.83,43.5
2024-11-23,2024,2024Q4,11,Nov,2024-11,Saturday,5,True,USB-C Charging Cable,Electronics,North America,17.83,8.86,49.69
2024-11-24,2024,2024Q4,11,Nov,2024-11,Sunday,6,True,Casual Button-Down Shirt,Clothing,Asia Pacific,34.96,20.61,58.95
2024-11-24,2024,2024Q4,11,Nov,2024-11,Sunday,6,True,Laptop Stand Adjustable,Electronics,Latin America,19.12,7.74,40.48
2024-11-26,2024,2024Q4,11,Nov,2024-11,Tuesday,1,False,Hand Cream Tube,Beauty & Personal Care,Middle East,15.35,7.42,48.34
2024-11-26,2024,2024Q4,11,Nov,2024-11,Tuesday,1,False,Phone Grip Stand,Electronics,Africa,4.37,2.49,56.98
2024-11-27,2024,2024Q4,11,Nov,2024-11,Wednesday,2,False,Wireless Keyboard,Office Supplies,Middle East,43.5,14.38,33.06
2024-11-27,2024,2024Q4,11,Nov,2024-11,Wednesday,2,False,Gourmet Coffee Beans 1lb,Food & Beverages,Middle East,26.14,10.7,40.93
2024-11-27,2024,2024Q4,11,Nov,2024-11,Wednesday,2,False,Yoga Mat Premium,Sports & Outdoors,Europe,115.47,50.03,43.33
2024-11-27,2024,2024Q4,11,Nov,2024-11,Wednesday,2,False,Sunscreen SPF50 Tube,Sports & Outdoors,Latin America,16.1,8.09,50.25
2024-11-28,2024,2024Q4,11,Nov,2024-11,Thursday,3,False,Desk Organizer Tray,Office Supplies,Europe,32.72,14.75,45.08
2024-11-28,2024,2024Q4,11,Nov,2024-11,Thursday,3,False,Wireless Mouse,Electronics,North America,38.53,13.27,34.44
2024-11-28,2024,2024Q4,11,Nov,2024-11,Thursday,3,False,Resistance Bands Set,Sports & Outdoors,North America,23.94,13.65,57.02
2024-11-29,2024,2024Q4,11,Nov,2024-11,Friday,4,False,Gourmet Coffee Beans 1lb,Food & Beverages,Middle East,25.35,10.73,42.33
2024-11-29,2024,2024Q4,11,Nov,2024-11,Friday,4,False,Dark Chocolate Bar,Food & Beverages,Europe,8.6,3.47,40.35
2024-12-02,2024,2024Q4,12,Dec,2024-12,Monday,0,False,Dark Chocolate Bar,Food & Beverages,North America,12.16,4.68,38.49
2024-12-03,2024,2024Q4,12,Dec,2024-12,Tuesday,1,False,Wool Blend Sweater,Clothing,Asia Pacific,78.33,36.91,47.12
2024-12-04,2024,2024Q4,12,Dec,2024-12,Wednesday,2,False,Wireless Bluetooth Headphones,Electronics,Europe,118.33,38.04,32.15
2024-12-04,2024,2024Q4,12,Dec,2024-12,Wednesday,2,False,Resistance Bands Set,Sports & Outdoors,North America,132.2,75.67,57.24
2024-12-04,2024,2024Q4,12,Dec,2024-12,Wednesday,2,False,Ballpoint Pen Box of 12,Office Supplies,Asia Pacific,11.64,6.17,53.01
2024-12-05,2024,2024Q4,12,Dec,2024-12,Thursday,3,False,Water Bottle Stainless Steel,Sports & Outdoors,Europe,68.76,27.81,40.45
2024-12-05,2024,2024Q4,12,Dec,2024-12,Thursday,3,False,Desk Organizer Tray,Office Supplies,North America,48.94,21.8,44.54
2024-12-06,2024,2024Q4,12,Dec,2024-12,Friday,4,False,Dark Chocolate Bar,Food & Beverages,North America,26.94,12.21,45.32
2024-12-06,2024,2024Q4,12,Dec,2024-12,Friday,4,False,Phone Grip Stand,Electronics,North America,20.16,9.73,48.26
2024-12-06,2024,2024Q4,12,Dec,2024-12,Friday,4,False,Denim Jeans Regular Fit,Clothing,North America,113.04,50.29,44.49
2024-12-07,2024,2024Q4,12,Dec,2024-12,Saturday,5,True,Mechanical Pencil Set,Office Supplies,Europe,40.14,20.62,51.37
2024-12-07,2024,2024Q4,12,Dec,2024-12,Saturday,5,True,Kitchen Herb Garden,Home & Garden,Europe,90.01,39.31,43.67
2024-12-07,2024,2024Q4,12,Dec,2024-12,Saturday,5,True,Laptop Stand Adjustable,Electronics,North America,135.54,46.7,34.45
2024-12-08,2024,2024Q4,12,Dec,2024-12,Sunday,6,True,Portable Power Bank 10000mAh,Electronics,Asia Pacific,45.18,14.24,31.52
2024-12-09,2024,2024Q4,12,Dec,2024-12,Monday,0,False,Phone Grip Stand,Electronics,North America,36.48,19.58,53.67
2024-12-09,2024,2024Q4,12,Dec,2024-12,Monday,0,False,Kitchen Herb Garden,Home & Garden,North America,51.98,21.89,42.11
2024-12-09,2024,2024Q4,12,Dec,2024-12,Monday,0,False,Smart Watch Basic,Electronics,Europe,501.88,135.51,27.0
2024-12-10,2024,2024Q4,12,Dec,2024-12,Tuesday,1,False,Ballpoint Pen Box of 12,Office Supplies,Latin America,14.54,6.52,44.84
2024-12-10,2024,2024Q4,12,Dec,2024-12,Tuesday,1,False,Foldable Camping Chair,Sports & Outdoors,North America,187.13,56.72,30.31
2024-12-11,2024,2024Q4,12,Dec,2024-12,Wednesday,2,False,Phone Grip Stand,Electronics,Europe,15.49,7.87,50.81
2024-12-11,2024,2024Q4,12,Dec,2024-12,Wednesday,2,False,Winter Jacket Premium,Clothing,Middle East,171.72,48.57,28.28
2024-12-12,2024,2024Q4,12,Dec,2024-12,Thursday,3,False,Foldable Camping Chair,Sports & Outdoors,Africa,139.3,42.07,30.2
2024-12-12,2024,2024Q4,12,Dec,2024-12,Thursday,3,False,Gourmet Coffee Beans 1lb,Food & Beverages,Europe,29.41,11.45,38.93
2024-12-12,2024,2024Q4,12,Dec,2024-12,Thursday,3,False,Ballpoint Pen Box of 12,Office Supplies,Europe,61.33,28.45,46.39
2024-12-13,2024,2024Q4,12,Dec,2024-12,Friday,4,False,A4 Notebook Hardcover,Office Supplies,Africa,8.57,3.96,46.21
2024-12-13,2024,2024Q4,12,Dec,2024-12,Friday,4,False,Yoga Mat Premium,Sports & Outdoors,Europe,68.02,26.58,39.08
2024-12-13,2024,2024Q4,12,Dec,2024-12,Friday,4,False,Kitchen Herb Garden,Home & Garden,North America,51.69,20.89,40.41
2024-12-14,2024,2024Q4,12,Dec,2024-12,Saturday,5,True,Wool Blend Sweater,Clothing,Middle East,65.96,30.57,46.35
2024-12-14,2024,2024Q4,12,Dec,2024-12,Saturday,5,True,Bluetooth Speaker Mini,Electronics,North America,248.41,90.7,36.51
2024-12-15,2024,2024Q4,12,Dec,2024-12,Sunday,6,True,Gourmet Coffee Beans 1lb,Food & Beverages,Asia Pacific,74.18,31.1,41.93
2024-12-15,2024,2024Q4,12,Dec,2024-12,Sunday,6,True,Throw Pillow Cover,Home & Garden,Europe,29.22,14.87,50.89
2024-12-15,2024,2024Q4,12,Dec,2024-12,Sunday,6,True,LED Desk Lamp,Home & Garden,Europe,87.44,34.24,39.16
2024-12-16,2024,2024Q4,12,Dec,2024-12,Monday,0,False,Wireless Bluetooth Headphones,Electronics,North America,589.99,211.23,35.8
2024-12-16,2024,2024Q4,12,Dec,2024-12,Monday,0,False,Mechanical Pencil Set,Office Supplies,Latin America,10.42,4.93,47.31
2024-12-16,2024,2024Q4,12,Dec,2024-12,Monday,0,False,Yoga Mat Premium,Sports & Outdoors,Middle East,45.51,22.43,49.29
2024-12-17,2024,2024Q4,12,Dec,2024-12,Tuesday,1,False,Foldable Camping Chair,Sports & Outdoors,North America,452.7,149.64,33.06
2024-12-17,2024,2024Q4,12,Dec,2024-12,Tuesday,1,False,Organic Green Tea Box,Food & Beverages,Middle East,30.99,13.89,44.82
2024-12-17,2024,2024Q4,12,Dec,2024-12,Tuesday,1,False,Phone Grip Stand,Electronics,North America,17.94,9.48,52.84
2024-12-18,2024,2024Q4,12,Dec,2024-12,Wednesday,2,False,USB-C Charging Cable,Electronics,Latin America,50.15,24.03,47.92
2024-12-18,2024,2024Q4,12,Dec,2024-12,Wednesday,2,False,Face Moisturizer Cream,Beauty & Personal Care,Middle East,87.16,47.62,54.64
2024-12-18,2024,2024Q4,12,Dec,2024-12,Wednesday,2,False,Wall Decor Frame,Home & Garden,Middle East,26.25,12.31,46.9
2024-12-19,2024,2024Q4,12,Dec,2024-12,Thursday,3,False,Wall Decor Frame,Home & Garden,North America,162.42,74.28,45.73
2024-12-19,2024,2024Q4,12,Dec,2024-12,Thursday,3,False,Running Sneakers,Clothing,Europe,143.48,53.06,36.98
2024-12-19,2024,2024Q4,12,Dec,2024-12,Thursday,3,False,Casual Button-Down Shirt,Clothing,North America,239.29,134.54,56.22
2024-12-19,2024,2024Q4,12,Dec,2024-12,Thursday,3,False,Hair Shampoo 300ml,Beauty & Personal Care,Europe,45.81,21.73,47.44
2024-12-19,2024,2024Q4,12,Dec,2024-12,Thursday,3,False,Scented Candle Set,Home & Garden,Asia Pacific,64.44,31.53,48.93
2024-12-21,2024,2024Q4,12,Dec,2024-12,Saturday,5,True,Energy Drink 6-Pack,Food & Beverages,Europe,40.78,21.24,52.08
2024-12-21,2024,2024Q4,12,Dec,2024-12,Saturday,5,True,Bath Soap Pack,Beauty & Personal Care,Latin America,6.64,3.21,48.34
2024-12-21,2024,2024Q4,12,Dec,2024-12,Saturday,5,True,Sunscreen SPF50 Tube,Sports & Outdoors,Africa,7.33,3.5,47.75
2024-12-22,2024,2024Q4,12,Dec,2024-12,Sunday,6,True,LED Desk Lamp,Home & Garden,Africa,55.02,16.76,30.46
2024-12-23,2024,2024Q4,12,Dec,2024-12,Monday,0,False,Desk Organizer Tray,Office Supplies,Latin America,20.97,7.78,37.1
2024-12-24,2024,2024Q4,12,Dec,2024-12,Tuesday,1,False,Wireless Bluetooth Headphones,Electronics,Europe,137.94,41.86,30.35
2024-12-24,2024,2024Q4,12,Dec,2024-12,Tuesday,1,False,Smart Watch Basic,Electronics,Europe,220.58,65.92,29.88
2024-12-24,2024,2024Q4,12,Dec,2024-12,Tuesday,1,False,Hand Cream Tube,Beauty & Personal Care,North America,35.95,17.32,48.18
2024-12-25,2024,2024Q4,12,Dec,2024-12,Wednesday,2,False,Ballpoint Pen Box of 12,Office Supplies,North America,17.8,9.53,53.54
2024-12-25,2024,2024Q4,12,Dec,2024-12,Wednesday,2,False,Phone Grip Stand,Electronics,North America,35.78,17.83,49.83
2024-12-25,2024,2024Q4,12,Dec,2024-12,Wednesday,2,False,Sunscreen SPF50 Tube,Sports & Outdoors,North America,24.52,11.33,46.21
2024-12-25,2024,2024Q4,12,Dec,2024-12,Wednesday,2,False,Bluetooth Speaker Mini,Electronics,North America,162.41,53.71,33.07
2024-12-26,2024,2024Q4,12,Dec,2024-12,Thursday,3,False,Phone Grip Stand,Electronics,North America,19.69,8.95,45.45
2024-12-26,2024,2024Q4,12,Dec,2024-12,Thursday,3,False,Running Sneakers,Clothing,Europe,406.33,154.67,38.07
2024-12-26,2024,2024Q4,12,Dec,2024-12,Thursday,3,False,Lip Balm Set,Beauty & Personal Care,Latin America,38.41,17.3,45.04
2024-12-26,2024,2024Q4,12,Dec,2024-12,Thursday,3,False,Energy Drink 6-Pack,Food & Beverages,North America,21.66,9.24,42.66
2024-12-27,2024,2024Q4,12,Dec,2024-12,Friday,4,False,Throw Pillow Cover,Home & Garden,Europe,32.18,14.84,46.12
2024-12-27,2024,2024Q4,12,Dec,2024-12,Friday,4,False,Organic Green Tea Box,Food & Beverages,Africa,17.61,6.78,38.5
2024-12-27,2024,2024Q4,12,Dec,2024-12,Friday,4,False,Desk Organizer Tray,Office Supplies,North America,51.32,21.17,41.25
2024-12-27,2024,2024Q4,12,Dec,2024-12,Friday,4,False,Lip Balm Set,Beauty & Personal Care,Europe,47.42,24.17,50.97
2024-12-28,2024,2024Q4,12,Dec,2024-12,Saturday,5,True,Lip Balm Set,Beauty & Personal Care,Middle East,67.61,37.61,55.63
2024-12-28,2024,2024Q4,12,Dec,2024-12,Saturday,5,True,Sunscreen SPF50 Tube,Sports & Outdoors,North America,28.98,11.77,40.61
2024-12-28,2024,2024Q4,12,Dec,2024-12,Saturday,5,True,Gourmet Coffee Beans 1lb,Food & Beverages,Asia Pacific,22.46,7.47,33.26
2024-12-28,2024,2024Q4,12,Dec,2024-12,Saturday,5,True,Wall Decor Frame,Home & Garden,Asia Pacific,72.73,26.23,36.06
2024-12-28,2024,2024Q4,12,Dec,2024-12,Saturday,5,True,Running Sneakers,Clothing,Africa,44.27,15.33,34.63
2024-12-29,2024,2024Q4,12,Dec,2024-12,Sunday,6,True,Sunscreen SPF50 Tube,Sports & Outdoors,Europe,96.54,45.14,46.76
2024-12-29,2024,2024Q4,12,Dec,2024-12,Sunday,6,True,Energy Drink 6-Pack,Food & Beverages,Europe,39.17,20.74,52.95
2024-12-29,2024,2024Q4,12,Dec,2024-12,Sunday,6,True,Smart Watch Basic,Electronics,Latin America,125.47,40.02,31.9
2024-12-29,2024,2024Q4,12,Dec,2024-12,Sunday,6,True,Yoga Mat Premium,Sports & Outdoors,Latin America,69.86,30.69,43.93
2024-12-30,2024,2024Q4,12,Dec,2024-12,Monday,0,False,Throw Pillow Cover,Home & Garden,North America,37.55,16.77,44.66
2024-12-30,2024,2024Q4,12,Dec,2024-12,Monday,0,False,Wireless Bluetooth Headphones,Electronics,Asia Pacific,182.99,70.8,38.69
2024-12-30,2024,2024Q4,12,Dec,2024-12,Monday,0,False,Phone Grip Stand,Electronics,Middle East,17.76,8.33,46.9
2024-12-30,2024,2024Q4,12,Dec,2024-12,Monday,0,False,Desk Organizer Tray,Office Supplies,Latin America,86.95,34.61,39.8
2024-12-31,2024,2024Q4,12,Dec,2024-12,Tuesday,1,False,Denim Jeans Regular Fit,Clothing,Europe,180.42,88.44,49.02
2024-12-31,2024,2024Q4,12,Dec,2024-12,Tuesday,1,False,USB-C Charging Cable,Electronics,Latin America,11.4,5.18,45.44
